strategy,window_sec,date,title,score,final_margin,winner,question,outcome,loss_requires_goals,line,required_margin,final_total,team,team_goals,loser,spread_side,locked,buy_trades,buy_size,min_price,last_price,net_roi_min_pct,net_roi_last_pct,trades_le_0.95,size_le_0.95,trades_le_0.97,size_le_0.97,trades_le_0.98,size_le_0.98,trades_le_0.99,size_le_0.99,trades_le_0.995,size_le_0.995,trades_le_0.999,size_le_0.999,page_errors
spread_tight_loss_ge2,60,2026-06-11,Mexico vs. South Africa,2-0,2,Mexico,Spread: South Africa (-1.5),Mexico,4,1.5,2,,,,,other_side,,0,0,,,,,0,0,0,0,0,0,0,0,0,0,0,0,[]
spread_tight_loss_ge2,120,2026-06-11,Mexico vs. South Africa,2-0,2,Mexico,Spread: South Africa (-1.5),Mexico,4,1.5,2,,,,,other_side,,0,0,,,,,0,0,0,0,0,0,0,0,0,0,0,0,[]
spread_tight_loss_ge2,180,2026-06-11,Mexico vs. South Africa,2-0,2,Mexico,Spread: South Africa (-1.5),Mexico,4,1.5,2,,,,,other_side,,0,0,,,,,0,0,0,0,0,0,0,0,0,0,0,0,[]
spread_tight_loss_ge2,300,2026-06-11,Mexico vs. South Africa,2-0,2,Mexico,Spread: South Africa (-1.5),Mexico,4,1.5,2,,,,,other_side,,0,0,,,,,0,0,0,0,0,0,0,0,0,0,0,0,[]
spread_tight_loss_ge2,480,2026-06-11,Mexico vs. South Africa,2-0,2,Mexico,Spread: South Africa (-1.5),Mexico,4,1.5,2,,,,,other_side,,0,0,,,,,0,0,0,0,0,0,0,0,0,0,0,0,[]
team_total_under_loss_ge2,60,2026-06-11,Mexico vs. South Africa,2-0,2,Mexico,Mexico vs. South Africa: South Africa O/U 1.5,Under,2,1.5,,,South Africa,0,,,,0,0,,,,,0,0,0,0,0,0,0,0,0,0,0,0,[]
team_total_under_loss_ge2,120,2026-06-11,Mexico vs. South Africa,2-0,2,Mexico,Mexico vs. South Africa: South Africa O/U 1.5,Under,2,1.5,,,South Africa,0,,,,0,0,,,,,0,0,0,0,0,0,0,0,0,0,0,0,[]
team_total_under_loss_ge2,180,2026-06-11,Mexico vs. South Africa,2-0,2,Mexico,Mexico vs. South Africa: South Africa O/U 1.5,Under,2,1.5,,,South Africa,0,,,,0,0,,,,,0,0,0,0,0,0,0,0,0,0,0,0,[]
team_total_under_loss_ge2,300,2026-06-11,Mexico vs. South Africa,2-0,2,Mexico,Mexico vs. South Africa: South Africa O/U 1.5,Under,2,1.5,,,South Africa,0,,,,0,0,,,,,0,0,0,0,0,0,0,0,0,0,0,0,[]
team_total_under_loss_ge2,480,2026-06-11,Mexico vs. South Africa,2-0,2,Mexico,Mexico vs. South Africa: South Africa O/U 1.5,Under,2,1.5,,,South Africa,0,,,,0,0,,,,,0,0,0,0,0,0,0,0,0,0,0,0,[]
total_under_loss_ge2,60,2026-06-11,Mexico vs. South Africa,2-0,2,Mexico,Mexico vs. South Africa: O/U 3.5,Under,2,3.5,,2,,,,,,3,25.42,0.99,0.99,0.9801,0.9801,0,0,0,0,0,0,3,25.42,3,25.42,3,25.42,[]
total_under_loss_ge2,120,2026-06-11,Mexico vs. South Africa,2-0,2,Mexico,Mexico vs. South Africa: O/U 3.5,Under,2,3.5,,2,,,,,,6,101.72,0.99,0.99,0.9801,0.9801,0,0,0,0,0,0,6,101.72,6,101.72,6,101.72,[]
total_under_loss_ge2,180,2026-06-11,Mexico vs. South Africa,2-0,2,Mexico,Mexico vs. South Africa: O/U 3.5,Under,2,3.5,,2,,,,,,8,210.37,0.99,0.99,0.9801,0.9801,0,0,0,0,0,0,8,210.37,8,210.37,8,210.37,[]
total_under_loss_ge2,300,2026-06-11,Mexico vs. South Africa,2-0,2,Mexico,Mexico vs. South Africa: O/U 3.5,Under,2,3.5,,2,,,,,,18,3132.368106,0.98,0.99,1.9808,0.9801,0,0,0,0,1,36.58,18,3132.368106,18,3132.368106,18,3132.368106,[]
total_under_loss_ge2,480,2026-06-11,Mexico vs. South Africa,2-0,2,Mexico,Mexico vs. South Africa: O/U 3.5,Under,2,3.5,,2,,,,,,51,11661.447658,0.93,0.99,7.3169,0.9801,6,3061.8363,25,4524.737507,30,8211.215152,51,11661.447658,51,11661.447658,51,11661.447658,[]
draw_no_lead_ge2,60,2026-06-11,Mexico vs. South Africa,2-0,2,Mexico,Will Mexico vs. South Africa end in a draw?,No,2,,,,,,,,,0,0,,,,,0,0,0,0,0,0,0,0,0,0,0,0,[]
draw_no_lead_ge2,120,2026-06-11,Mexico vs. South Africa,2-0,2,Mexico,Will Mexico vs. South Africa end in a draw?,No,2,,,,,,,,,1,5.0,0.995,0.995,0.4875,0.4875,0,0,0,0,0,0,0,0,1,5.0,1,5.0,[]
draw_no_lead_ge2,180,2026-06-11,Mexico vs. South Africa,2-0,2,Mexico,Will Mexico vs. South Africa end in a draw?,No,2,,,,,,,,,4,63.88,0.991,0.995,0.8812,0.4875,0,0,0,0,0,0,0,0,3,53.88,4,63.88,[]
draw_no_lead_ge2,300,2026-06-11,Mexico vs. South Africa,2-0,2,Mexico,Will Mexico vs. South Africa end in a draw?,No,2,,,,,,,,,10,229.99111,0.991,0.995,0.8812,0.4875,0,0,0,0,0,0,0,0,7,204.99111,10,229.99111,[]
draw_no_lead_ge2,480,2026-06-11,Mexico vs. South Africa,2-0,2,Mexico,Will Mexico vs. South Africa end in a draw?,No,2,,,,,,,,,16,41577.81111,0.991,0.995,0.8812,0.4875,0,0,0,0,0,0,0,0,7,204.99111,16,41577.81111,[]
total_over_locked,60,2026-06-11,Mexico vs. South Africa,2-0,2,Mexico,Mexico vs. South Africa: O/U 1.5,Over,999,1.5,,2,,,,,True,5,58.95,0.999,0.999,0.0971,0.0971,0,0,0,0,0,0,0,0,0,0,5,58.95,[]
total_over_locked,120,2026-06-11,Mexico vs. South Africa,2-0,2,Mexico,Mexico vs. South Africa: O/U 1.5,Over,999,1.5,,2,,,,,True,8,123.16,0.999,0.999,0.0971,0.0971,0,0,0,0,0,0,0,0,0,0,8,123.16,[]
total_over_locked,180,2026-06-11,Mexico vs. South Africa,2-0,2,Mexico,Mexico vs. South Africa: O/U 1.5,Over,999,1.5,,2,,,,,True,9,153.87,0.999,0.999,0.0971,0.0971,0,0,0,0,0,0,0,0,0,0,9,153.87,[]
total_over_locked,300,2026-06-11,Mexico vs. South Africa,2-0,2,Mexico,Mexico vs. South Africa: O/U 1.5,Over,999,1.5,,2,,,,,True,10,156.72,0.999,0.999,0.0971,0.0971,0,0,0,0,0,0,0,0,0,0,10,156.72,[]
total_over_locked,480,2026-06-11,Mexico vs. South Africa,2-0,2,Mexico,Mexico vs. South Africa: O/U 1.5,Over,999,1.5,,2,,,,,True,17,3670.46,0.999,0.999,0.0971,0.0971,0,0,0,0,0,0,0,0,0,0,17,3670.46,[]
loser_no,60,2026-06-11,Mexico vs. South Africa,2-0,2,Mexico,Will South Africa win on 2026-06-11?,No,3,,,,,,South Africa,,,0,0,,,,,0,0,0,0,0,0,0,0,0,0,0,0,[]
loser_no,120,2026-06-11,Mexico vs. South Africa,2-0,2,Mexico,Will South Africa win on 2026-06-11?,No,3,,,,,,South Africa,,,0,0,,,,,0,0,0,0,0,0,0,0,0,0,0,0,[]
loser_no,180,2026-06-11,Mexico vs. South Africa,2-0,2,Mexico,Will South Africa win on 2026-06-11?,No,3,,,,,,South Africa,,,0,0,,,,,0,0,0,0,0,0,0,0,0,0,0,0,[]
loser_no,300,2026-06-11,Mexico vs. South Africa,2-0,2,Mexico,Will South Africa win on 2026-06-11?,No,3,,,,,,South Africa,,,3,1141.12,0.999,0.999,0.0971,0.0971,0,0,0,0,0,0,0,0,0,0,3,1141.12,[]
loser_no,480,2026-06-11,Mexico vs. South Africa,2-0,2,Mexico,Will South Africa win on 2026-06-11?,No,3,,,,,,South Africa,,,5,1163.01,0.999,0.999,0.0971,0.0971,0,0,0,0,0,0,0,0,0,0,5,1163.01,[]
leader_yes_lead_ge2,60,2026-06-11,Mexico vs. South Africa,2-0,2,Mexico,Will Mexico win on 2026-06-11?,Yes,2,,,,,,,,,0,0,,,,,0,0,0,0,0,0,0,0,0,0,0,0,[]
leader_yes_lead_ge2,120,2026-06-11,Mexico vs. South Africa,2-0,2,Mexico,Will Mexico win on 2026-06-11?,Yes,2,,,,,,,,,0,0,,,,,0,0,0,0,0,0,0,0,0,0,0,0,[]
leader_yes_lead_ge2,180,2026-06-11,Mexico vs. South Africa,2-0,2,Mexico,Will Mexico win on 2026-06-11?,Yes,2,,,,,,,,,0,0,,,,,0,0,0,0,0,0,0,0,0,0,0,0,[]
leader_yes_lead_ge2,300,2026-06-11,Mexico vs. South Africa,2-0,2,Mexico,Will Mexico win on 2026-06-11?,Yes,2,,,,,,,,,0,0,,,,,0,0,0,0,0,0,0,0,0,0,0,0,[]
leader_yes_lead_ge2,480,2026-06-11,Mexico vs. South Africa,2-0,2,Mexico,Will Mexico win on 2026-06-11?,Yes,2,,,,,,,,,0,0,,,,,0,0,0,0,0,0,0,0,0,0,0,0,[]
total_under_loss_ge2,60,2026-06-12,Korea Republic vs. Czechia,2-1,1,Korea Republic,Korea Republic vs. Czechia: O/U 4.5,Under,2,4.5,,3,,,,,,2,373.3,0.999,0.999,0.0971,0.0971,0,0,0,0,0,0,0,0,0,0,2,373.3,[]
total_under_loss_ge2,120,2026-06-12,Korea Republic vs. Czechia,2-1,1,Korea Republic,Korea Republic vs. Czechia: O/U 4.5,Under,2,4.5,,3,,,,,,5,400.61,0.999,0.999,0.0971,0.0971,0,0,0,0,0,0,0,0,0,0,5,400.61,[]
total_under_loss_ge2,180,2026-06-12,Korea Republic vs. Czechia,2-1,1,Korea Republic,Korea Republic vs. Czechia: O/U 4.5,Under,2,4.5,,3,,,,,,6,405.815204,0.9989998470761184,0.999,0.0971,0.0971,0,0,0,0,0,0,0,0,0,0,6,405.815204,[]
total_under_loss_ge2,300,2026-06-12,Korea Republic vs. Czechia,2-1,1,Korea Republic,Korea Republic vs. Czechia: O/U 4.5,Under,2,4.5,,3,,,,,,7,686.095483,0.9989998470761184,0.999,0.0971,0.0971,0,0,0,0,0,0,0,0,0,0,7,686.095483,[]
total_under_loss_ge2,480,2026-06-12,Korea Republic vs. Czechia,2-1,1,Korea Republic,Korea Republic vs. Czechia: O/U 4.5,Under,2,4.5,,3,,,,,,8,689.175483,0.99,0.999,0.9801,0.0971,0,0,0,0,0,0,1,3.08,1,3.08,8,689.175483,[]
team_total_under_loss_ge2,60,2026-06-12,Korea Republic vs. Czechia,2-1,1,Korea Republic,Korea Republic vs. Czechia: Czechia O/U 2.5,Under,2,2.5,,,Czechia,1,,,,0,0,,,,,0,0,0,0,0,0,0,0,0,0,0,0,[]
team_total_under_loss_ge2,120,2026-06-12,Korea Republic vs. Czechia,2-1,1,Korea Republic,Korea Republic vs. Czechia: Czechia O/U 2.5,Under,2,2.5,,,Czechia,1,,,,0,0,,,,,0,0,0,0,0,0,0,0,0,0,0,0,[]
team_total_under_loss_ge2,180,2026-06-12,Korea Republic vs. Czechia,2-1,1,Korea Republic,Korea Republic vs. Czechia: Czechia O/U 2.5,Under,2,2.5,,,Czechia,1,,,,1,108.908,0.999,0.999,0.0971,0.0971,0,0,0,0,0,0,0,0,0,0,1,108.908,[]
team_total_under_loss_ge2,300,2026-06-12,Korea Republic vs. Czechia,2-1,1,Korea Republic,Korea Republic vs. Czechia: Czechia O/U 2.5,Under,2,2.5,,,Czechia,1,,,,1,108.908,0.999,0.999,0.0971,0.0971,0,0,0,0,0,0,0,0,0,0,1,108.908,[]
team_total_under_loss_ge2,480,2026-06-12,Korea Republic vs. Czechia,2-1,1,Korea Republic,Korea Republic vs. Czechia: Czechia O/U 2.5,Under,2,2.5,,,Czechia,1,,,,1,108.908,0.999,0.999,0.0971,0.0971,0,0,0,0,0,0,0,0,0,0,1,108.908,[]
team_total_over_locked,60,2026-06-11,Mexico vs. South Africa,2-0,2,Mexico,Mexico vs. South Africa: Mexico O/U 1.5,Over,999,1.5,,,Mexico,2,,,True,1,850.0,0.999,0.999,0.0971,0.0971,0,0,0,0,0,0,0,0,0,0,1,850.0,[]
team_total_over_locked,120,2026-06-11,Mexico vs. South Africa,2-0,2,Mexico,Mexico vs. South Africa: Mexico O/U 1.5,Over,999,1.5,,,Mexico,2,,,True,3,976.31,0.999,0.999,0.0971,0.0971,0,0,0,0,0,0,0,0,0,0,3,976.31,[]
team_total_over_locked,180,2026-06-11,Mexico vs. South Africa,2-0,2,Mexico,Mexico vs. South Africa: Mexico O/U 1.5,Over,999,1.5,,,Mexico,2,,,True,3,976.31,0.999,0.999,0.0971,0.0971,0,0,0,0,0,0,0,0,0,0,3,976.31,[]
team_total_over_locked,300,2026-06-11,Mexico vs. South Africa,2-0,2,Mexico,Mexico vs. South Africa: Mexico O/U 1.5,Over,999,1.5,,,Mexico,2,,,True,4,1006.31,0.999,0.999,0.0971,0.0971,0,0,0,0,0,0,0,0,0,0,4,1006.31,[]
team_total_over_locked,480,2026-06-11,Mexico vs. South Africa,2-0,2,Mexico,Mexico vs. South Africa: Mexico O/U 1.5,Over,999,1.5,,,Mexico,2,,,True,10,1582.79,0.999,0.999,0.0971,0.0971,0,0,0,0,0,0,0,0,0,0,10,1582.79,[]
spread_tight_loss_ge2,60,2026-06-12,Korea Republic vs. Czechia,2-1,1,Korea Republic,Spread: Korea Republic (-2.5),Czechia,2,2.5,3,,,,,other_side,,0,0,,,,,0,0,0,0,0,0,0,0,0,0,0,0,[]
spread_tight_loss_ge2,120,2026-06-12,Korea Republic vs. Czechia,2-1,1,Korea Republic,Spread: Korea Republic (-2.5),Czechia,2,2.5,3,,,,,other_side,,0,0,,,,,0,0,0,0,0,0,0,0,0,0,0,0,[]
spread_tight_loss_ge2,180,2026-06-12,Korea Republic vs. Czechia,2-1,1,Korea Republic,Spread: Korea Republic (-2.5),Czechia,2,2.5,3,,,,,other_side,,0,0,,,,,0,0,0,0,0,0,0,0,0,0,0,0,[]
spread_tight_loss_ge2,300,2026-06-12,Korea Republic vs. Czechia,2-1,1,Korea Republic,Spread: Korea Republic (-2.5),Czechia,2,2.5,3,,,,,other_side,,0,0,,,,,0,0,0,0,0,0,0,0,0,0,0,0,[]
spread_tight_loss_ge2,480,2026-06-12,Korea Republic vs. Czechia,2-1,1,Korea Republic,Spread: Korea Republic (-2.5),Czechia,2,2.5,3,,,,,other_side,,0,0,,,,,0,0,0,0,0,0,0,0,0,0,0,0,[]
team_total_over_locked,60,2026-06-12,Korea Republic vs. Czechia,2-1,1,Korea Republic,Korea Republic vs. Czechia: Korea Republic O/U 1.5,Over,999,1.5,,,Korea Republic,2,,,True,0,0,,,,,0,0,0,0,0,0,0,0,0,0,0,0,[]
team_total_over_locked,120,2026-06-12,Korea Republic vs. Czechia,2-1,1,Korea Republic,Korea Republic vs. Czechia: Korea Republic O/U 1.5,Over,999,1.5,,,Korea Republic,2,,,True,1,88.88,0.999,0.999,0.0971,0.0971,0,0,0,0,0,0,0,0,0,0,1,88.88,[]
team_total_over_locked,180,2026-06-12,Korea Republic vs. Czechia,2-1,1,Korea Republic,Korea Republic vs. Czechia: Korea Republic O/U 1.5,Over,999,1.5,,,Korea Republic,2,,,True,1,88.88,0.999,0.999,0.0971,0.0971,0,0,0,0,0,0,0,0,0,0,1,88.88,[]
team_total_over_locked,300,2026-06-12,Korea Republic vs. Czechia,2-1,1,Korea Republic,Korea Republic vs. Czechia: Korea Republic O/U 1.5,Over,999,1.5,,,Korea Republic,2,,,True,1,88.88,0.999,0.999,0.0971,0.0971,0,0,0,0,0,0,0,0,0,0,1,88.88,[]
team_total_over_locked,480,2026-06-12,Korea Republic vs. Czechia,2-1,1,Korea Republic,Korea Republic vs. Czechia: Korea Republic O/U 1.5,Over,999,1.5,,,Korea Republic,2,,,True,4,2228.75,0.99,0.999,0.9801,0.0971,0,0,0,0,0,0,1,25.3,1,25.3,4,2228.75,[]
spread_tight_loss_ge2,60,2026-06-12,Canada vs. Bosnia-Herzegovina,1-1,0,,Spread: Canada (-1.5),Bosnia and Herzegovina,2,1.5,2,,,,,other_side,,2,210.15,0.999,0.999,0.0971,0.0971,0,0,0,0,0,0,0,0,0,0,2,210.15,[]
spread_tight_loss_ge2,120,2026-06-12,Canada vs. Bosnia-Herzegovina,1-1,0,,Spread: Canada (-1.5),Bosnia and Herzegovina,2,1.5,2,,,,,other_side,,3,217.43,0.998,0.999,0.1944,0.0971,0,0,0,0,0,0,0,0,0,0,3,217.43,[]
spread_tight_loss_ge2,180,2026-06-12,Canada vs. Bosnia-Herzegovina,1-1,0,,Spread: Canada (-1.5),Bosnia and Herzegovina,2,1.5,2,,,,,other_side,,4,317.6,0.998,0.999,0.1944,0.0971,0,0,0,0,0,0,0,0,0,0,4,317.6,[]
spread_tight_loss_ge2,300,2026-06-12,Canada vs. Bosnia-Herzegovina,1-1,0,,Spread: Canada (-1.5),Bosnia and Herzegovina,2,1.5,2,,,,,other_side,,7,627.501399,0.99,0.999,0.9801,0.0971,0,0,0,0,0,0,1,100.0,1,100.0,7,627.501399,[]
spread_tight_loss_ge2,480,2026-06-12,Canada vs. Bosnia-Herzegovina,1-1,0,,Spread: Canada (-1.5),Bosnia and Herzegovina,2,1.5,2,,,,,other_side,,28,1958.335733,0.975,0.999,2.4891,0.0971,0,0,0,0,16,1255.308748,22,1430.834334,22,1430.834334,28,1958.335733,[]
total_over_locked,60,2026-06-12,Korea Republic vs. Czechia,2-1,1,Korea Republic,Korea Republic vs. Czechia: O/U 2.5,Over,999,2.5,,3,,,,,True,2,122.14,0.999,0.999,0.0971,0.0971,0,0,0,0,0,0,0,0,0,0,2,122.14,[]
total_over_locked,120,2026-06-12,Korea Republic vs. Czechia,2-1,1,Korea Republic,Korea Republic vs. Czechia: O/U 2.5,Over,999,2.5,,3,,,,,True,5,1189.48,0.999,0.999,0.0971,0.0971,0,0,0,0,0,0,0,0,0,0,5,1189.48,[]
total_over_locked,180,2026-06-12,Korea Republic vs. Czechia,2-1,1,Korea Republic,Korea Republic vs. Czechia: O/U 2.5,Over,999,2.5,,3,,,,,True,6,1194.66,0.999,0.999,0.0971,0.0971,0,0,0,0,0,0,0,0,0,0,6,1194.66,[]
total_over_locked,300,2026-06-12,Korea Republic vs. Czechia,2-1,1,Korea Republic,Korea Republic vs. Czechia: O/U 2.5,Over,999,2.5,,3,,,,,True,7,1394.66,0.999,0.999,0.0971,0.0971,0,0,0,0,0,0,0,0,0,0,7,1394.66,[]
total_over_locked,480,2026-06-12,Korea Republic vs. Czechia,2-1,1,Korea Republic,Korea Republic vs. Czechia: O/U 2.5,Over,999,2.5,,3,,,,,True,22,13958.68,0.99,0.999,0.9801,0.0971,0,0,0,0,0,0,2,885.92,2,885.92,22,13958.68,[]
team_total_under_loss_ge2,60,2026-06-12,Canada vs. Bosnia-Herzegovina,1-1,0,,Canada vs. Bosnia-Herzegovina: Canada O/U 2.5,Under,2,2.5,,,Canada,1,,,,0,0,,,,,0,0,0,0,0,0,0,0,0,0,0,0,[]
team_total_under_loss_ge2,120,2026-06-12,Canada vs. Bosnia-Herzegovina,1-1,0,,Canada vs. Bosnia-Herzegovina: Canada O/U 2.5,Under,2,2.5,,,Canada,1,,,,0,0,,,,,0,0,0,0,0,0,0,0,0,0,0,0,[]
team_total_under_loss_ge2,180,2026-06-12,Canada vs. Bosnia-Herzegovina,1-1,0,,Canada vs. Bosnia-Herzegovina: Canada O/U 2.5,Under,2,2.5,,,Canada,1,,,,0,0,,,,,0,0,0,0,0,0,0,0,0,0,0,0,[]
team_total_under_loss_ge2,300,2026-06-12,Canada vs. Bosnia-Herzegovina,1-1,0,,Canada vs. Bosnia-Herzegovina: Canada O/U 2.5,Under,2,2.5,,,Canada,1,,,,1,139.17,0.9988668534885392,0.9988668534885392,0.11,0.11,0,0,0,0,0,0,0,0,0,0,1,139.17,[]
team_total_under_loss_ge2,480,2026-06-12,Canada vs. Bosnia-Herzegovina,1-1,0,,Canada vs. Bosnia-Herzegovina: Canada O/U 2.5,Under,2,2.5,,,Canada,1,,,,3,159.216636,0.9854017802575907,0.9988668534885392,1.4377,0.11,0,0,0,0,0,0,2,20.046636,2,20.046636,3,159.216636,[]
team_total_over_locked,60,2026-06-12,Canada vs. Bosnia-Herzegovina,1-1,0,,Canada vs. Bosnia-Herzegovina: Bosnia-Herzegovina O/U 0.5,Over,999,0.5,,,Bosnia-Herzegovina,1,,,True,0,0,,,,,0,0,0,0,0,0,0,0,0,0,0,0,[]
team_total_over_locked,120,2026-06-12,Canada vs. Bosnia-Herzegovina,1-1,0,,Canada vs. Bosnia-Herzegovina: Bosnia-Herzegovina O/U 0.5,Over,999,0.5,,,Bosnia-Herzegovina,1,,,True,0,0,,,,,0,0,0,0,0,0,0,0,0,0,0,0,[]
team_total_over_locked,180,2026-06-12,Canada vs. Bosnia-Herzegovina,1-1,0,,Canada vs. Bosnia-Herzegovina: Bosnia-Herzegovina O/U 0.5,Over,999,0.5,,,Bosnia-Herzegovina,1,,,True,0,0,,,,,0,0,0,0,0,0,0,0,0,0,0,0,[]
team_total_over_locked,300,2026-06-12,Canada vs. Bosnia-Herzegovina,1-1,0,,Canada vs. Bosnia-Herzegovina: Bosnia-Herzegovina O/U 0.5,Over,999,0.5,,,Bosnia-Herzegovina,1,,,True,1,13.11,0.999,0.999,0.0971,0.0971,0,0,0,0,0,0,0,0,0,0,1,13.11,[]
team_total_over_locked,480,2026-06-12,Canada vs. Bosnia-Herzegovina,1-1,0,,Canada vs. Bosnia-Herzegovina: Bosnia-Herzegovina O/U 0.5,Over,999,0.5,,,Bosnia-Herzegovina,1,,,True,1,13.11,0.999,0.999,0.0971,0.0971,0,0,0,0,0,0,0,0,0,0,1,13.11,[]
btts_yes_locked,60,2026-06-12,Korea Republic vs. Czechia,2-1,1,Korea Republic,Korea Republic vs. Czechia: Both Teams to Score,Yes,999,,,,,,,,True,4,78.94,0.999,0.999,0.0971,0.0971,0,0,0,0,0,0,0,0,0,0,4,78.94,[]
btts_yes_locked,120,2026-06-12,Korea Republic vs. Czechia,2-1,1,Korea Republic,Korea Republic vs. Czechia: Both Teams to Score,Yes,999,,,,,,,,True,11,456.44,0.999,0.999,0.0971,0.0971,0,0,0,0,0,0,0,0,0,0,11,456.44,[]
btts_yes_locked,180,2026-06-12,Korea Republic vs. Czechia,2-1,1,Korea Republic,Korea Republic vs. Czechia: Both Teams to Score,Yes,999,,,,,,,,True,13,567.33,0.999,0.999,0.0971,0.0971,0,0,0,0,0,0,0,0,0,0,13,567.33,[]
btts_yes_locked,300,2026-06-12,Korea Republic vs. Czechia,2-1,1,Korea Republic,Korea Republic vs. Czechia: Both Teams to Score,Yes,999,,,,,,,,True,23,794.28,0.999,0.999,0.0971,0.0971,0,0,0,0,0,0,0,0,0,0,23,794.28,[]
btts_yes_locked,480,2026-06-12,Korea Republic vs. Czechia,2-1,1,Korea Republic,Korea Republic vs. Czechia: Both Teams to Score,Yes,999,,,,,,,,True,35,2198.02,0.999,0.999,0.0971,0.0971,0,0,0,0,0,0,0,0,0,0,35,2198.02,[]
total_over_locked,60,2026-06-12,Canada vs. Bosnia-Herzegovina,1-1,0,,Canada vs. Bosnia and Herzegovina: O/U 1.5,Over,999,1.5,,2,,,,,True,0,0,,,,,0,0,0,0,0,0,0,0,0,0,0,0,[]
total_over_locked,120,2026-06-12,Canada vs. Bosnia-Herzegovina,1-1,0,,Canada vs. Bosnia and Herzegovina: O/U 1.5,Over,999,1.5,,2,,,,,True,0,0,,,,,0,0,0,0,0,0,0,0,0,0,0,0,[]
total_over_locked,180,2026-06-12,Canada vs. Bosnia-Herzegovina,1-1,0,,Canada vs. Bosnia and Herzegovina: O/U 1.5,Over,999,1.5,,2,,,,,True,0,0,,,,,0,0,0,0,0,0,0,0,0,0,0,0,[]
total_over_locked,300,2026-06-12,Canada vs. Bosnia-Herzegovina,1-1,0,,Canada vs. Bosnia and Herzegovina: O/U 1.5,Over,999,1.5,,2,,,,,True,0,0,,,,,0,0,0,0,0,0,0,0,0,0,0,0,[]
total_over_locked,480,2026-06-12,Canada vs. Bosnia-Herzegovina,1-1,0,,Canada vs. Bosnia and Herzegovina: O/U 1.5,Over,999,1.5,,2,,,,,True,0,0,,,,,0,0,0,0,0,0,0,0,0,0,0,0,[]
total_under_loss_ge2,60,2026-06-12,Canada vs. Bosnia-Herzegovina,1-1,0,,Canada vs. Bosnia and Herzegovina: O/U 3.5,Under,2,3.5,,2,,,,,,13,2094.96,0.991,0.999,0.8812,0.0971,0,0,0,0,0,0,0,0,1,12.0,13,2094.96,[]
total_under_loss_ge2,120,2026-06-12,Canada vs. Bosnia-Herzegovina,1-1,0,,Canada vs. Bosnia and Herzegovina: O/U 3.5,Under,2,3.5,,2,,,,,,15,2178.64,0.991,0.999,0.8812,0.0971,0,0,0,0,0,0,0,0,2,56.68,15,2178.64,[]
total_under_loss_ge2,180,2026-06-12,Canada vs. Bosnia-Herzegovina,1-1,0,,Canada vs. Bosnia and Herzegovina: O/U 3.5,Under,2,3.5,,2,,,,,,16,2252.69,0.991,0.999,0.8812,0.0971,0,0,0,0,0,0,0,0,3,130.73,16,2252.69,[]
total_under_loss_ge2,300,2026-06-12,Canada vs. Bosnia-Herzegovina,1-1,0,,Canada vs. Bosnia and Herzegovina: O/U 3.5,Under,2,3.5,,2,,,,,,28,3171.3401,0.99,0.999,0.9801,0.0971,0,0,0,0,0,0,8,800.2701,15,1049.3801,28,3171.3401,[]
total_under_loss_ge2,480,2026-06-12,Canada vs. Bosnia-Herzegovina,1-1,0,,Canada vs. Bosnia and Herzegovina: O/U 3.5,Under,2,3.5,,2,,,,,,48,10746.812117,0.97,0.999,3.0028,0.0971,0,0,2,330.65,13,4945.64857,25,8080.67676,34,8540.852117,48,10746.812117,[]
draw_no_lead_ge2,60,2026-06-13,United States vs. Paraguay,4-1,3,United States,Will United States vs. Paraguay end in a draw?,No,3,,,,,,,,,0,0,,,,,0,0,0,0,0,0,0,0,0,0,0,0,[]
draw_no_lead_ge2,120,2026-06-13,United States vs. Paraguay,4-1,3,United States,Will United States vs. Paraguay end in a draw?,No,3,,,,,,,,,0,0,,,,,0,0,0,0,0,0,0,0,0,0,0,0,[]
draw_no_lead_ge2,180,2026-06-13,United States vs. Paraguay,4-1,3,United States,Will United States vs. Paraguay end in a draw?,No,3,,,,,,,,,0,0,,,,,0,0,0,0,0,0,0,0,0,0,0,0,[]
draw_no_lead_ge2,300,2026-06-13,United States vs. Paraguay,4-1,3,United States,Will United States vs. Paraguay end in a draw?,No,3,,,,,,,,,0,0,,,,,0,0,0,0,0,0,0,0,0,0,0,0,[]
draw_no_lead_ge2,480,2026-06-13,United States vs. Paraguay,4-1,3,United States,Will United States vs. Paraguay end in a draw?,No,3,,,,,,,,,0,0,,,,,0,0,0,0,0,0,0,0,0,0,0,0,[]
spread_tight_loss_ge2,60,2026-06-13,United States vs. Paraguay,4-1,3,United States,Spread: United States (-1.5),United States,2,-1.5,2,,,,,favorite_cover,,4,51130.12,0.99,0.99,0.9801,0.9801,0,0,0,0,0,0,4,51130.12,4,51130.12,4,51130.12,[]
spread_tight_loss_ge2,120,2026-06-13,United States vs. Paraguay,4-1,3,United States,Spread: United States (-1.5),United States,2,-1.5,2,,,,,favorite_cover,,8,56907.63,0.99,0.99,0.9801,0.9801,0,0,0,0,0,0,8,56907.63,8,56907.63,8,56907.63,[]
spread_tight_loss_ge2,180,2026-06-13,United States vs. Paraguay,4-1,3,United States,Spread: United States (-1.5),United States,2,-1.5,2,,,,,favorite_cover,,13,57280.27,0.99,0.99,0.9801,0.9801,0,0,0,0,0,0,13,57280.27,13,57280.27,13,57280.27,[]
spread_tight_loss_ge2,300,2026-06-13,United States vs. Paraguay,4-1,3,United States,Spread: United States (-1.5),United States,2,-1.5,2,,,,,favorite_cover,,64,83305.108123,0.13,0.99,666.6208,0.9801,35,2451.168123,35,2451.168123,38,2611.168123,64,83305.108123,64,83305.108123,64,83305.108123,[]
spread_tight_loss_ge2,480,2026-06-13,United States vs. Paraguay,4-1,3,United States,Spread: United States (-1.5),United States,2,-1.5,2,,,,,favorite_cover,,84,88393.62937,0.13,0.99,666.6208,0.9801,38,2972.028123,43,5872.01937,46,6032.01937,84,88393.62937,84,88393.62937,84,88393.62937,[]
team_total_under_loss_ge2,60,2026-06-13,United States vs. Paraguay,4-1,3,United States,United States vs. Paraguay: Paraguay O/U 2.5,Under,2,2.5,,,Paraguay,1,,,,1,1.04,0.999,0.999,0.0971,0.0971,0,0,0,0,0,0,0,0,0,0,1,1.04,[]
team_total_under_loss_ge2,120,2026-06-13,United States vs. Paraguay,4-1,3,United States,United States vs. Paraguay: Paraguay O/U 2.5,Under,2,2.5,,,Paraguay,1,,,,4,2267.96,0.999,0.999,0.0971,0.0971,0,0,0,0,0,0,0,0,0,0,4,2267.96,[]
team_total_under_loss_ge2,180,2026-06-13,United States vs. Paraguay,4-1,3,United States,United States vs. Paraguay: Paraguay O/U 2.5,Under,2,2.5,,,Paraguay,1,,,,6,2292.96,0.999,0.999,0.0971,0.0971,0,0,0,0,0,0,0,0,0,0,6,2292.96,[]
team_total_under_loss_ge2,300,2026-06-13,United States vs. Paraguay,4-1,3,United States,United States vs. Paraguay: Paraguay O/U 2.5,Under,2,2.5,,,Paraguay,1,,,,6,2292.96,0.999,0.999,0.0971,0.0971,0,0,0,0,0,0,0,0,0,0,6,2292.96,[]
team_total_under_loss_ge2,480,2026-06-13,United States vs. Paraguay,4-1,3,United States,United States vs. Paraguay: Paraguay O/U 2.5,Under,2,2.5,,,Paraguay,1,,,,6,2292.96,0.999,0.999,0.0971,0.0971,0,0,0,0,0,0,0,0,0,0,6,2292.96,[]
leader_yes_lead_ge2,60,2026-06-13,United States vs. Paraguay,4-1,3,United States,Will United States win on 2026-06-12?,Yes,3,,,,,,,,,0,0,,,,,0,0,0,0,0,0,0,0,0,0,0,0,[]
leader_yes_lead_ge2,120,2026-06-13,United States vs. Paraguay,4-1,3,United States,Will United States win on 2026-06-12?,Yes,3,,,,,,,,,0,0,,,,,0,0,0,0,0,0,0,0,0,0,0,0,[]
leader_yes_lead_ge2,180,2026-06-13,United States vs. Paraguay,4-1,3,United States,Will United States win on 2026-06-12?,Yes,3,,,,,,,,,0,0,,,,,0,0,0,0,0,0,0,0,0,0,0,0,[]
leader_yes_lead_ge2,300,2026-06-13,United States vs. Paraguay,4-1,3,United States,Will United States win on 2026-06-12?,Yes,3,,,,,,,,,0,0,,,,,0,0,0,0,0,0,0,0,0,0,0,0,[]
leader_yes_lead_ge2,480,2026-06-13,United States vs. Paraguay,4-1,3,United States,Will United States win on 2026-06-12?,Yes,3,,,,,,,,,0,0,,,,,0,0,0,0,0,0,0,0,0,0,0,0,[]
loser_no,60,2026-06-13,United States vs. Paraguay,4-1,3,United States,Will Paraguay win on 2026-06-12?,No,4,,,,,,Paraguay,,,0,0,,,,,0,0,0,0,0,0,0,0,0,0,0,0,[]
loser_no,120,2026-06-13,United States vs. Paraguay,4-1,3,United States,Will Paraguay win on 2026-06-12?,No,4,,,,,,Paraguay,,,0,0,,,,,0,0,0,0,0,0,0,0,0,0,0,0,[]
loser_no,180,2026-06-13,United States vs. Paraguay,4-1,3,United States,Will Paraguay win on 2026-06-12?,No,4,,,,,,Paraguay,,,0,0,,,,,0,0,0,0,0,0,0,0,0,0,0,0,[]
loser_no,300,2026-06-13,United States vs. Paraguay,4-1,3,United States,Will Paraguay win on 2026-06-12?,No,4,,,,,,Paraguay,,,0,0,,,,,0,0,0,0,0,0,0,0,0,0,0,0,[]
loser_no,480,2026-06-13,United States vs. Paraguay,4-1,3,United States,Will Paraguay win on 2026-06-12?,No,4,,,,,,Paraguay,,,0,0,,,,,0,0,0,0,0,0,0,0,0,0,0,0,[]
btts_yes_locked,60,2026-06-12,Canada vs. Bosnia-Herzegovina,1-1,0,,Canada vs. Bosnia and Herzegovina: Both Teams to Score,Yes,999,,,,,,,,True,6,5647.01,0.999,0.999,0.0971,0.0971,0,0,0,0,0,0,0,0,0,0,6,5647.01,[]
btts_yes_locked,120,2026-06-12,Canada vs. Bosnia-Herzegovina,1-1,0,,Canada vs. Bosnia and Herzegovina: Both Teams to Score,Yes,999,,,,,,,,True,11,11306.45,0.999,0.999,0.0971,0.0971,0,0,0,0,0,0,0,0,0,0,11,11306.45,[]
btts_yes_locked,180,2026-06-12,Canada vs. Bosnia-Herzegovina,1-1,0,,Canada vs. Bosnia and Herzegovina: Both Teams to Score,Yes,999,,,,,,,,True,15,13143.82,0.999,0.999,0.0971,0.0971,0,0,0,0,0,0,0,0,0,0,15,13143.82,[]
btts_yes_locked,300,2026-06-12,Canada vs. Bosnia-Herzegovina,1-1,0,,Canada vs. Bosnia and Herzegovina: Both Teams to Score,Yes,999,,,,,,,,True,26,13632.83,0.99,0.999,0.9801,0.0971,0,0,0,0,0,0,2,46.97,2,46.97,26,13632.83,[]
btts_yes_locked,480,2026-06-12,Canada vs. Bosnia-Herzegovina,1-1,0,,Canada vs. Bosnia and Herzegovina: Both Teams to Score,Yes,999,,,,,,,,True,37,14934.84,0.99,0.999,0.9801,0.0971,0,0,0,0,0,0,13,1348.98,13,1348.98,37,14934.84,[]
spread_tight_loss_ge2,60,2026-06-13,Qatar vs. Switzerland,1-1,0,,Spread: Qatar (-1.5),Switzerland,2,1.5,2,,,,,other_side,,0,0,,,,,0,0,0,0,0,0,0,0,0,0,0,0,[]
spread_tight_loss_ge2,120,2026-06-13,Qatar vs. Switzerland,1-1,0,,Spread: Qatar (-1.5),Switzerland,2,1.5,2,,,,,other_side,,0,0,,,,,0,0,0,0,0,0,0,0,0,0,0,0,[]
spread_tight_loss_ge2,180,2026-06-13,Qatar vs. Switzerland,1-1,0,,Spread: Qatar (-1.5),Switzerland,2,1.5,2,,,,,other_side,,0,0,,,,,0,0,0,0,0,0,0,0,0,0,0,0,[]
spread_tight_loss_ge2,300,2026-06-13,Qatar vs. Switzerland,1-1,0,,Spread: Qatar (-1.5),Switzerland,2,1.5,2,,,,,other_side,,0,0,,,,,0,0,0,0,0,0,0,0,0,0,0,0,[]
spread_tight_loss_ge2,480,2026-06-13,Qatar vs. Switzerland,1-1,0,,Spread: Qatar (-1.5),Switzerland,2,1.5,2,,,,,other_side,,1,10.11,0.999,0.999,0.0971,0.0971,0,0,0,0,0,0,0,0,0,0,1,10.11,[]
team_total_over_locked,60,2026-06-13,United States vs. Paraguay,4-1,3,United States,United States vs. Paraguay: Paraguay O/U 0.5,Over,999,0.5,,,Paraguay,1,,,True,1,4.91,0.999,0.999,0.0971,0.0971,0,0,0,0,0,0,0,0,0,0,1,4.91,[]
team_total_over_locked,120,2026-06-13,United States vs. Paraguay,4-1,3,United States,United States vs. Paraguay: Paraguay O/U 0.5,Over,999,0.5,,,Paraguay,1,,,True,2,88.24,0.999,0.999,0.0971,0.0971,0,0,0,0,0,0,0,0,0,0,2,88.24,[]
team_total_over_locked,180,2026-06-13,United States vs. Paraguay,4-1,3,United States,United States vs. Paraguay: Paraguay O/U 0.5,Over,999,0.5,,,Paraguay,1,,,True,5,228.66,0.999,0.999,0.0971,0.0971,0,0,0,0,0,0,0,0,0,0,5,228.66,[]
team_total_over_locked,300,2026-06-13,United States vs. Paraguay,4-1,3,United States,United States vs. Paraguay: Paraguay O/U 0.5,Over,999,0.5,,,Paraguay,1,,,True,5,228.66,0.999,0.999,0.0971,0.0971,0,0,0,0,0,0,0,0,0,0,5,228.66,[]
team_total_over_locked,480,2026-06-13,United States vs. Paraguay,4-1,3,United States,United States vs. Paraguay: Paraguay O/U 0.5,Over,999,0.5,,,Paraguay,1,,,True,5,228.66,0.999,0.999,0.0971,0.0971,0,0,0,0,0,0,0,0,0,0,5,228.66,[]
total_over_locked,60,2026-06-13,United States vs. Paraguay,4-1,3,United States,United States vs. Paraguay: O/U 4.5,Over,999,4.5,,5,,,,,True,7,754.3,0.999,0.999,0.0971,0.0971,0,0,0,0,0,0,0,0,0,0,7,754.3,[]
total_over_locked,120,2026-06-13,United States vs. Paraguay,4-1,3,United States,United States vs. Paraguay: O/U 4.5,Over,999,4.5,,5,,,,,True,27,4124.31,0.99,0.999,0.9801,0.0971,0,0,0,0,0,0,20,3370.01,20,3370.01,27,4124.31,[]
total_over_locked,180,2026-06-13,United States vs. Paraguay,4-1,3,United States,United States vs. Paraguay: O/U 4.5,Over,999,4.5,,5,,,,,True,66,6548.72,0.99,0.999,0.9801,0.0971,0,0,0,0,0,0,59,5794.42,59,5794.42,66,6548.72,[]
total_over_locked,300,2026-06-13,United States vs. Paraguay,4-1,3,United States,United States vs. Paraguay: O/U 4.5,Over,999,4.5,,5,,,,,True,300,98227.586898,0.01,0.999,9897.03,0.0971,83,37483.302637,149,45888.608701,183,52962.256398,293,97473.286898,293,97473.286898,300,98227.586898,[]
total_over_locked,480,2026-06-13,United States vs. Paraguay,4-1,3,United States,United States vs. Paraguay: O/U 4.5,Over,999,4.5,,5,,,,,True,375,110164.685106,0.01,0.999,9897.03,0.0971,158,49420.400845,224,57825.706909,258,64899.354606,368,109410.385106,368,109410.385106,375,110164.685106,[]
team_total_under_loss_ge2,60,2026-06-13,Qatar vs. Switzerland,1-1,0,,Qatar vs. Switzerland: Qatar O/U 2.5,Under,2,2.5,,,Qatar,1,,,,0,0,,,,,0,0,0,0,0,0,0,0,0,0,0,0,[]
team_total_under_loss_ge2,120,2026-06-13,Qatar vs. Switzerland,1-1,0,,Qatar vs. Switzerland: Qatar O/U 2.5,Under,2,2.5,,,Qatar,1,,,,0,0,,,,,0,0,0,0,0,0,0,0,0,0,0,0,[]
team_total_under_loss_ge2,180,2026-06-13,Qatar vs. Switzerland,1-1,0,,Qatar vs. Switzerland: Qatar O/U 2.5,Under,2,2.5,,,Qatar,1,,,,0,0,,,,,0,0,0,0,0,0,0,0,0,0,0,0,[]
team_total_under_loss_ge2,300,2026-06-13,Qatar vs. Switzerland,1-1,0,,Qatar vs. Switzerland: Qatar O/U 2.5,Under,2,2.5,,,Qatar,1,,,,0,0,,,,,0,0,0,0,0,0,0,0,0,0,0,0,[]
team_total_under_loss_ge2,480,2026-06-13,Qatar vs. Switzerland,1-1,0,,Qatar vs. Switzerland: Qatar O/U 2.5,Under,2,2.5,,,Qatar,1,,,,0,0,,,,,0,0,0,0,0,0,0,0,0,0,0,0,[]
team_total_over_locked,60,2026-06-13,Qatar vs. Switzerland,1-1,0,,Qatar vs. Switzerland: Switzerland O/U 0.5,Over,999,0.5,,,Switzerland,1,,,True,0,0,,,,,0,0,0,0,0,0,0,0,0,0,0,0,[]
team_total_over_locked,120,2026-06-13,Qatar vs. Switzerland,1-1,0,,Qatar vs. Switzerland: Switzerland O/U 0.5,Over,999,0.5,,,Switzerland,1,,,True,1,531.91,0.999,0.999,0.0971,0.0971,0,0,0,0,0,0,0,0,0,0,1,531.91,[]
team_total_over_locked,180,2026-06-13,Qatar vs. Switzerland,1-1,0,,Qatar vs. Switzerland: Switzerland O/U 0.5,Over,999,0.5,,,Switzerland,1,,,True,1,531.91,0.999,0.999,0.0971,0.0971,0,0,0,0,0,0,0,0,0,0,1,531.91,[]
team_total_over_locked,300,2026-06-13,Qatar vs. Switzerland,1-1,0,,Qatar vs. Switzerland: Switzerland O/U 0.5,Over,999,0.5,,,Switzerland,1,,,True,1,531.91,0.999,0.999,0.0971,0.0971,0,0,0,0,0,0,0,0,0,0,1,531.91,[]
team_total_over_locked,480,2026-06-13,Qatar vs. Switzerland,1-1,0,,Qatar vs. Switzerland: Switzerland O/U 0.5,Over,999,0.5,,,Switzerland,1,,,True,1,531.91,0.999,0.999,0.0971,0.0971,0,0,0,0,0,0,0,0,0,0,1,531.91,[]
btts_yes_locked,60,2026-06-13,United States vs. Paraguay,4-1,3,United States,United States vs. Paraguay: Both Teams to Score,Yes,999,,,,,,,,True,9,400.34,0.999,0.999,0.0971,0.0971,0,0,0,0,0,0,0,0,0,0,9,400.34,[]
btts_yes_locked,120,2026-06-13,United States vs. Paraguay,4-1,3,United States,United States vs. Paraguay: Both Teams to Score,Yes,999,,,,,,,,True,20,2144.56,0.999,0.999,0.0971,0.0971,0,0,0,0,0,0,0,0,0,0,20,2144.56,[]
btts_yes_locked,180,2026-06-13,United States vs. Paraguay,4-1,3,United States,United States vs. Paraguay: Both Teams to Score,Yes,999,,,,,,,,True,24,2239.38,0.999,0.999,0.0971,0.0971,0,0,0,0,0,0,0,0,0,0,24,2239.38,[]
btts_yes_locked,300,2026-06-13,United States vs. Paraguay,4-1,3,United States,United States vs. Paraguay: Both Teams to Score,Yes,999,,,,,,,,True,27,3480.99,0.999,0.999,0.0971,0.0971,0,0,0,0,0,0,0,0,0,0,27,3480.99,[]
btts_yes_locked,480,2026-06-13,United States vs. Paraguay,4-1,3,United States,United States vs. Paraguay: Both Teams to Score,Yes,999,,,,,,,,True,35,4274.99,0.999,0.999,0.0971,0.0971,0,0,0,0,0,0,0,0,0,0,35,4274.99,[]
total_under_loss_ge2,60,2026-06-13,Qatar vs. Switzerland,1-1,0,,Qatar vs. Switzerland: O/U 3.5,Under,2,3.5,,2,,,,,,3,99.51,0.991,0.999,0.8812,0.0971,0,0,0,0,0,0,0,0,1,15.62,3,99.51,[]
total_under_loss_ge2,120,2026-06-13,Qatar vs. Switzerland,1-1,0,,Qatar vs. Switzerland: O/U 3.5,Under,2,3.5,,2,,,,,,5,227.05,0.991,0.999,0.8812,0.0971,0,0,0,0,0,0,0,0,3,143.16,5,227.05,[]
total_under_loss_ge2,180,2026-06-13,Qatar vs. Switzerland,1-1,0,,Qatar vs. Switzerland: O/U 3.5,Under,2,3.5,,2,,,,,,7,258.54,0.991,0.999,0.8812,0.0971,0,0,0,0,0,0,0,0,5,174.65,7,258.54,[]
total_under_loss_ge2,300,2026-06-13,Qatar vs. Switzerland,1-1,0,,Qatar vs. Switzerland: O/U 3.5,Under,2,3.5,,2,,,,,,14,1302.65,0.991,0.999,0.8812,0.0971,0,0,0,0,0,0,0,0,5,174.65,14,1302.65,[]
total_under_loss_ge2,480,2026-06-13,Qatar vs. Switzerland,1-1,0,,Qatar vs. Switzerland: O/U 3.5,Under,2,3.5,,2,,,,,,21,2968.61,0.99,0.999,0.9801,0.0971,0,0,0,0,0,0,4,19.89,10,240.61,21,2968.61,[]
loser_no,60,2026-06-12,Korea Republic vs. Czechia,2-1,1,Korea Republic,Will Czechia win on 2026-06-11?,No,2,,,,,,Czechia,,,2,168.88,0.999,0.999,0.0971,0.0971,0,0,0,0,0,0,0,0,0,0,2,168.88,[]
loser_no,120,2026-06-12,Korea Republic vs. Czechia,2-1,1,Korea Republic,Will Czechia win on 2026-06-11?,No,2,,,,,,Czechia,,,4,30168.88,0.999,0.999,0.0971,0.0971,0,0,0,0,0,0,0,0,0,0,4,30168.88,[]
loser_no,180,2026-06-12,Korea Republic vs. Czechia,2-1,1,Korea Republic,Will Czechia win on 2026-06-11?,No,2,,,,,,Czechia,,,9,32146.86,0.999,0.999,0.0971,0.0971,0,0,0,0,0,0,0,0,0,0,9,32146.86,[]
loser_no,300,2026-06-12,Korea Republic vs. Czechia,2-1,1,Korea Republic,Will Czechia win on 2026-06-11?,No,2,,,,,,Czechia,,,30,69827.195,0.996,0.999,0.3896,0.0971,0,0,0,0,0,0,0,0,0,0,30,69827.195,[]
loser_no,480,2026-06-12,Korea Republic vs. Czechia,2-1,1,Korea Republic,Will Czechia win on 2026-06-11?,No,2,,,,,,Czechia,,,79,298697.645,0.99,0.999,0.9801,0.0971,0,0,0,0,0,0,1,7.46,1,7.46,79,298697.645,[]
total_over_locked,60,2026-06-13,Qatar vs. Switzerland,1-1,0,,Qatar vs. Switzerland: O/U 1.5,Over,999,1.5,,2,,,,,True,6,406.47,0.99,0.99,0.9801,0.9801,0,0,0,0,0,0,6,406.47,6,406.47,6,406.47,[]
total_over_locked,120,2026-06-13,Qatar vs. Switzerland,1-1,0,,Qatar vs. Switzerland: O/U 1.5,Over,999,1.5,,2,,,,,True,16,3655.08,0.99,0.99,0.9801,0.9801,0,0,0,0,0,0,16,3655.08,16,3655.08,16,3655.08,[]
total_over_locked,180,2026-06-13,Qatar vs. Switzerland,1-1,0,,Qatar vs. Switzerland: O/U 1.5,Over,999,1.5,,2,,,,,True,41,12311.0105,0.98,0.99,1.9808,0.9801,0,0,0,0,1,30.24,41,12311.0105,41,12311.0105,41,12311.0105,[]
total_over_locked,300,2026-06-13,Qatar vs. Switzerland,1-1,0,,Qatar vs. Switzerland: O/U 1.5,Over,999,1.5,,2,,,,,True,120,37709.781761,0.11,0.99,806.4209,0.9801,44,15450.17876,52,17642.50876,63,18813.38876,120,37709.781761,120,37709.781761,120,37709.781761,[]
total_over_locked,480,2026-06-13,Qatar vs. Switzerland,1-1,0,,Qatar vs. Switzerland: O/U 1.5,Over,999,1.5,,2,,,,,True,219,51795.304167,0.11,0.99,806.4209,0.9801,143,29535.701166,151,31728.031166,162,32898.911166,219,51795.304167,219,51795.304167,219,51795.304167,[]
team_total_under_loss_ge2,60,2026-06-13,Brazil vs. Morocco,1-1,0,,Brazil vs. Morocco: Morocco O/U 2.5,Under,2,2.5,,,Morocco,1,,,,10,418.0,0.999,0.999,0.0971,0.0971,0,0,0,0,0,0,0,0,0,0,10,418.0,[]
team_total_under_loss_ge2,120,2026-06-13,Brazil vs. Morocco,1-1,0,,Brazil vs. Morocco: Morocco O/U 2.5,Under,2,2.5,,,Morocco,1,,,,10,418.0,0.999,0.999,0.0971,0.0971,0,0,0,0,0,0,0,0,0,0,10,418.0,[]
team_total_under_loss_ge2,180,2026-06-13,Brazil vs. Morocco,1-1,0,,Brazil vs. Morocco: Morocco O/U 2.5,Under,2,2.5,,,Morocco,1,,,,10,418.0,0.999,0.999,0.0971,0.0971,0,0,0,0,0,0,0,0,0,0,10,418.0,[]
team_total_under_loss_ge2,300,2026-06-13,Brazil vs. Morocco,1-1,0,,Brazil vs. Morocco: Morocco O/U 2.5,Under,2,2.5,,,Morocco,1,,,,10,418.0,0.999,0.999,0.0971,0.0971,0,0,0,0,0,0,0,0,0,0,10,418.0,[]
team_total_under_loss_ge2,480,2026-06-13,Brazil vs. Morocco,1-1,0,,Brazil vs. Morocco: Morocco O/U 2.5,Under,2,2.5,,,Morocco,1,,,,13,552.341462,0.9590000421637581,0.999,4.1523,0.0971,0,0,3,134.341462,3,134.341462,3,134.341462,3,134.341462,13,552.341462,[]
team_total_over_locked,60,2026-06-13,Brazil vs. Morocco,1-1,0,,Brazil vs. Morocco: Brazil O/U 0.5,Over,999,0.5,,,Brazil,1,,,True,0,0,,,,,0,0,0,0,0,0,0,0,0,0,0,0,[]
team_total_over_locked,120,2026-06-13,Brazil vs. Morocco,1-1,0,,Brazil vs. Morocco: Brazil O/U 0.5,Over,999,0.5,,,Brazil,1,,,True,0,0,,,,,0,0,0,0,0,0,0,0,0,0,0,0,[]
team_total_over_locked,180,2026-06-13,Brazil vs. Morocco,1-1,0,,Brazil vs. Morocco: Brazil O/U 0.5,Over,999,0.5,,,Brazil,1,,,True,0,0,,,,,0,0,0,0,0,0,0,0,0,0,0,0,[]
team_total_over_locked,300,2026-06-13,Brazil vs. Morocco,1-1,0,,Brazil vs. Morocco: Brazil O/U 0.5,Over,999,0.5,,,Brazil,1,,,True,0,0,,,,,0,0,0,0,0,0,0,0,0,0,0,0,[]
team_total_over_locked,480,2026-06-13,Brazil vs. Morocco,1-1,0,,Brazil vs. Morocco: Brazil O/U 0.5,Over,999,0.5,,,Brazil,1,,,True,0,0,,,,,0,0,0,0,0,0,0,0,0,0,0,0,[]
spread_tight_loss_ge2,60,2026-06-13,Brazil vs. Morocco,1-1,0,,Spread: Brazil (-1.5),Morocco,2,1.5,2,,,,,other_side,,6,1000.0,0.99,0.99,0.9801,0.9801,0,0,0,0,0,0,6,1000.0,6,1000.0,6,1000.0,[]
spread_tight_loss_ge2,120,2026-06-13,Brazil vs. Morocco,1-1,0,,Spread: Brazil (-1.5),Morocco,2,1.5,2,,,,,other_side,,6,1000.0,0.99,0.99,0.9801,0.9801,0,0,0,0,0,0,6,1000.0,6,1000.0,6,1000.0,[]
spread_tight_loss_ge2,180,2026-06-13,Brazil vs. Morocco,1-1,0,,Spread: Brazil (-1.5),Morocco,2,1.5,2,,,,,other_side,,6,1000.0,0.99,0.99,0.9801,0.9801,0,0,0,0,0,0,6,1000.0,6,1000.0,6,1000.0,[]
spread_tight_loss_ge2,300,2026-06-13,Brazil vs. Morocco,1-1,0,,Spread: Brazil (-1.5),Morocco,2,1.5,2,,,,,other_side,,6,1000.0,0.99,0.99,0.9801,0.9801,0,0,0,0,0,0,6,1000.0,6,1000.0,6,1000.0,[]
spread_tight_loss_ge2,480,2026-06-13,Brazil vs. Morocco,1-1,0,,Spread: Brazil (-1.5),Morocco,2,1.5,2,,,,,other_side,,8,1626.37,0.98,0.99,1.9808,0.9801,0,0,0,0,1,13.16,8,1626.37,8,1626.37,8,1626.37,[]
btts_yes_locked,60,2026-06-13,Qatar vs. Switzerland,1-1,0,,Qatar vs. Switzerland: Both Teams to Score,Yes,999,,,,,,,,True,23,1890.68,0.99,0.99,0.9801,0.9801,0,0,0,0,0,0,23,1890.68,23,1890.68,23,1890.68,[]
btts_yes_locked,120,2026-06-13,Qatar vs. Switzerland,1-1,0,,Qatar vs. Switzerland: Both Teams to Score,Yes,999,,,,,,,,True,45,3490.3,0.99,0.99,0.9801,0.9801,0,0,0,0,0,0,45,3490.3,45,3490.3,45,3490.3,[]
btts_yes_locked,180,2026-06-13,Qatar vs. Switzerland,1-1,0,,Qatar vs. Switzerland: Both Teams to Score,Yes,999,,,,,,,,True,63,7548.47,0.99,0.99,0.9801,0.9801,0,0,0,0,0,0,63,7548.47,63,7548.47,63,7548.47,[]
btts_yes_locked,300,2026-06-13,Qatar vs. Switzerland,1-1,0,,Qatar vs. Switzerland: Both Teams to Score,Yes,999,,,,,,,,True,169,24503.436719,0.01,0.99,9897.03,0.9801,69,4924.983434,73,5636.697762,80,5788.922242,169,24503.436719,169,24503.436719,169,24503.436719,[]
btts_yes_locked,480,2026-06-13,Qatar vs. Switzerland,1-1,0,,Qatar vs. Switzerland: Both Teams to Score,Yes,999,,,,,,,,True,181,25031.282817,0.01,0.99,9897.03,0.9801,81,5452.829532,85,6164.54386,92,6316.76834,181,25031.282817,181,25031.282817,181,25031.282817,[]
total_under_loss_ge2,60,2026-06-13,Brazil vs. Morocco,1-1,0,,Brazil vs. Morocco: O/U 3.5,Under,2,3.5,,2,,,,,,0,0,,,,,0,0,0,0,0,0,0,0,0,0,0,0,[]
total_under_loss_ge2,120,2026-06-13,Brazil vs. Morocco,1-1,0,,Brazil vs. Morocco: O/U 3.5,Under,2,3.5,,2,,,,,,4,74.43,0.99,0.99,0.9801,0.9801,0,0,0,0,0,0,4,74.43,4,74.43,4,74.43,[]
total_under_loss_ge2,180,2026-06-13,Brazil vs. Morocco,1-1,0,,Brazil vs. Morocco: O/U 3.5,Under,2,3.5,,2,,,,,,5,97.82,0.99,0.99,0.9801,0.9801,0,0,0,0,0,0,5,97.82,5,97.82,5,97.82,[]
total_under_loss_ge2,300,2026-06-13,Brazil vs. Morocco,1-1,0,,Brazil vs. Morocco: O/U 3.5,Under,2,3.5,,2,,,,,,7,144.55,0.99,0.99,0.9801,0.9801,0,0,0,0,0,0,7,144.55,7,144.55,7,144.55,[]
total_under_loss_ge2,480,2026-06-13,Brazil vs. Morocco,1-1,0,,Brazil vs. Morocco: O/U 3.5,Under,2,3.5,,2,,,,,,11,1514.12,0.98,0.99,1.9808,0.9801,0,0,0,0,1,73.76,11,1514.12,11,1514.12,11,1514.12,[]
total_over_locked,60,2026-06-13,Brazil vs. Morocco,1-1,0,,Brazil vs. Morocco: O/U 1.5,Over,999,1.5,,2,,,,,True,4,918.12,0.999,0.999,0.0971,0.0971,0,0,0,0,0,0,0,0,0,0,4,918.12,[]
total_over_locked,120,2026-06-13,Brazil vs. Morocco,1-1,0,,Brazil vs. Morocco: O/U 1.5,Over,999,1.5,,2,,,,,True,5,922.28,0.999,0.999,0.0971,0.0971,0,0,0,0,0,0,0,0,0,0,5,922.28,[]
total_over_locked,180,2026-06-13,Brazil vs. Morocco,1-1,0,,Brazil vs. Morocco: O/U 1.5,Over,999,1.5,,2,,,,,True,5,922.28,0.999,0.999,0.0971,0.0971,0,0,0,0,0,0,0,0,0,0,5,922.28,[]
total_over_locked,300,2026-06-13,Brazil vs. Morocco,1-1,0,,Brazil vs. Morocco: O/U 1.5,Over,999,1.5,,2,,,,,True,5,922.28,0.999,0.999,0.0971,0.0971,0,0,0,0,0,0,0,0,0,0,5,922.28,[]
total_over_locked,480,2026-06-13,Brazil vs. Morocco,1-1,0,,Brazil vs. Morocco: O/U 1.5,Over,999,1.5,,2,,,,,True,7,1205.37,0.999,0.999,0.0971,0.0971,0,0,0,0,0,0,0,0,0,0,7,1205.37,[]
total_over_locked,60,2026-06-14,Haiti vs. Scotland,0-1,1,Scotland,Haiti vs. Scotland: O/U 0.5,Over,999,0.5,,1,,,,,True,0,0,,,,,0,0,0,0,0,0,0,0,0,0,0,0,[]
total_over_locked,120,2026-06-14,Haiti vs. Scotland,0-1,1,Scotland,Haiti vs. Scotland: O/U 0.5,Over,999,0.5,,1,,,,,True,1,1.04,0.999,0.999,0.0971,0.0971,0,0,0,0,0,0,0,0,0,0,1,1.04,[]
total_over_locked,180,2026-06-14,Haiti vs. Scotland,0-1,1,Scotland,Haiti vs. Scotland: O/U 0.5,Over,999,0.5,,1,,,,,True,1,1.04,0.999,0.999,0.0971,0.0971,0,0,0,0,0,0,0,0,0,0,1,1.04,[]
total_over_locked,300,2026-06-14,Haiti vs. Scotland,0-1,1,Scotland,Haiti vs. Scotland: O/U 0.5,Over,999,0.5,,1,,,,,True,1,1.04,0.999,0.999,0.0971,0.0971,0,0,0,0,0,0,0,0,0,0,1,1.04,[]
total_over_locked,480,2026-06-14,Haiti vs. Scotland,0-1,1,Scotland,Haiti vs. Scotland: O/U 0.5,Over,999,0.5,,1,,,,,True,1,1.04,0.999,0.999,0.0971,0.0971,0,0,0,0,0,0,0,0,0,0,1,1.04,[]
team_total_under_loss_ge2,60,2026-06-14,Haiti vs. Scotland,0-1,1,Scotland,Haiti vs. Scotland: Haiti O/U 1.5,Under,2,1.5,,,Haiti,0,,,,0,0,,,,,0,0,0,0,0,0,0,0,0,0,0,0,[]
team_total_under_loss_ge2,120,2026-06-14,Haiti vs. Scotland,0-1,1,Scotland,Haiti vs. Scotland: Haiti O/U 1.5,Under,2,1.5,,,Haiti,0,,,,0,0,,,,,0,0,0,0,0,0,0,0,0,0,0,0,[]
team_total_under_loss_ge2,180,2026-06-14,Haiti vs. Scotland,0-1,1,Scotland,Haiti vs. Scotland: Haiti O/U 1.5,Under,2,1.5,,,Haiti,0,,,,0,0,,,,,0,0,0,0,0,0,0,0,0,0,0,0,[]
team_total_under_loss_ge2,300,2026-06-14,Haiti vs. Scotland,0-1,1,Scotland,Haiti vs. Scotland: Haiti O/U 1.5,Under,2,1.5,,,Haiti,0,,,,0,0,,,,,0,0,0,0,0,0,0,0,0,0,0,0,[]
team_total_under_loss_ge2,480,2026-06-14,Haiti vs. Scotland,0-1,1,Scotland,Haiti vs. Scotland: Haiti O/U 1.5,Under,2,1.5,,,Haiti,0,,,,0,0,,,,,0,0,0,0,0,0,0,0,0,0,0,0,[]
spread_tight_loss_ge2,60,2026-06-14,Haiti vs. Scotland,0-1,1,Scotland,Spread: Scotland (-2.5),Haiti,2,2.5,3,,,,,other_side,,0,0,,,,,0,0,0,0,0,0,0,0,0,0,0,0,[]
spread_tight_loss_ge2,120,2026-06-14,Haiti vs. Scotland,0-1,1,Scotland,Spread: Scotland (-2.5),Haiti,2,2.5,3,,,,,other_side,,1,210.1,0.999,0.999,0.0971,0.0971,0,0,0,0,0,0,0,0,0,0,1,210.1,[]
spread_tight_loss_ge2,180,2026-06-14,Haiti vs. Scotland,0-1,1,Scotland,Spread: Scotland (-2.5),Haiti,2,2.5,3,,,,,other_side,,2,254.79,0.997,0.999,0.2919,0.0971,0,0,0,0,0,0,0,0,0,0,2,254.79,[]
spread_tight_loss_ge2,300,2026-06-14,Haiti vs. Scotland,0-1,1,Scotland,Spread: Scotland (-2.5),Haiti,2,2.5,3,,,,,other_side,,2,254.79,0.997,0.999,0.2919,0.0971,0,0,0,0,0,0,0,0,0,0,2,254.79,[]
spread_tight_loss_ge2,480,2026-06-14,Haiti vs. Scotland,0-1,1,Scotland,Spread: Scotland (-2.5),Haiti,2,2.5,3,,,,,other_side,,3,258.79,0.992,0.999,0.7825,0.0971,0,0,0,0,0,0,0,0,1,4.0,3,258.79,[]
team_total_over_locked,60,2026-06-14,Haiti vs. Scotland,0-1,1,Scotland,Haiti vs. Scotland: Scotland O/U 0.5,Over,999,0.5,,,Scotland,1,,,True,0,0,,,,,0,0,0,0,0,0,0,0,0,0,0,0,[]
team_total_over_locked,120,2026-06-14,Haiti vs. Scotland,0-1,1,Scotland,Haiti vs. Scotland: Scotland O/U 0.5,Over,999,0.5,,,Scotland,1,,,True,1,4700.0,0.999,0.999,0.0971,0.0971,0,0,0,0,0,0,0,0,0,0,1,4700.0,[]
team_total_over_locked,180,2026-06-14,Haiti vs. Scotland,0-1,1,Scotland,Haiti vs. Scotland: Scotland O/U 0.5,Over,999,0.5,,,Scotland,1,,,True,1,4700.0,0.999,0.999,0.0971,0.0971,0,0,0,0,0,0,0,0,0,0,1,4700.0,[]
team_total_over_locked,300,2026-06-14,Haiti vs. Scotland,0-1,1,Scotland,Haiti vs. Scotland: Scotland O/U 0.5,Over,999,0.5,,,Scotland,1,,,True,3,14400.0,0.999,0.999,0.0971,0.0971,0,0,0,0,0,0,0,0,0,0,3,14400.0,[]
team_total_over_locked,480,2026-06-14,Haiti vs. Scotland,0-1,1,Scotland,Haiti vs. Scotland: Scotland O/U 0.5,Over,999,0.5,,,Scotland,1,,,True,7,20670.0,0.999,0.999,0.0971,0.0971,0,0,0,0,0,0,0,0,0,0,7,20670.0,[]
loser_no,60,2026-06-14,Haiti vs. Scotland,0-1,1,Scotland,Will Haiti win on 2026-06-13?,No,2,,,,,,Haiti,,,3,10000.0,0.999,0.999,0.0971,0.0971,0,0,0,0,0,0,0,0,0,0,3,10000.0,[]
loser_no,120,2026-06-14,Haiti vs. Scotland,0-1,1,Scotland,Will Haiti win on 2026-06-13?,No,2,,,,,,Haiti,,,4,11000.0,0.999,0.999,0.0971,0.0971,0,0,0,0,0,0,0,0,0,0,4,11000.0,[]
loser_no,180,2026-06-14,Haiti vs. Scotland,0-1,1,Scotland,Will Haiti win on 2026-06-13?,No,2,,,,,,Haiti,,,17,53493.95,0.999,0.999,0.0971,0.0971,0,0,0,0,0,0,0,0,0,0,17,53493.95,[]
loser_no,300,2026-06-14,Haiti vs. Scotland,0-1,1,Scotland,Will Haiti win on 2026-06-13?,No,2,,,,,,Haiti,,,50,74417.25,0.999,0.999,0.0971,0.0971,0,0,0,0,0,0,0,0,0,0,50,74417.25,[]
loser_no,480,2026-06-14,Haiti vs. Scotland,0-1,1,Scotland,Will Haiti win on 2026-06-13?,No,2,,,,,,Haiti,,,89,186726.455005,0.997,0.999,0.2919,0.0971,0,0,0,0,0,0,0,0,0,0,89,186726.455005,[]
btts_yes_locked,60,2026-06-13,Brazil vs. Morocco,1-1,0,,Brazil vs. Morocco: Both Teams to Score,Yes,999,,,,,,,,True,9,1360.29,0.999,0.999,0.0971,0.0971,0,0,0,0,0,0,0,0,0,0,9,1360.29,[]
btts_yes_locked,120,2026-06-13,Brazil vs. Morocco,1-1,0,,Brazil vs. Morocco: Both Teams to Score,Yes,999,,,,,,,,True,11,1403.72,0.999,0.999,0.0971,0.0971,0,0,0,0,0,0,0,0,0,0,11,1403.72,[]
btts_yes_locked,180,2026-06-13,Brazil vs. Morocco,1-1,0,,Brazil vs. Morocco: Both Teams to Score,Yes,999,,,,,,,,True,14,2825.09,0.999,0.999,0.0971,0.0971,0,0,0,0,0,0,0,0,0,0,14,2825.09,[]
btts_yes_locked,300,2026-06-13,Brazil vs. Morocco,1-1,0,,Brazil vs. Morocco: Both Teams to Score,Yes,999,,,,,,,,True,24,3232.82,0.999,0.999,0.0971,0.0971,0,0,0,0,0,0,0,0,0,0,24,3232.82,[]
btts_yes_locked,480,2026-06-13,Brazil vs. Morocco,1-1,0,,Brazil vs. Morocco: Both Teams to Score,Yes,999,,,,,,,,True,33,3794.99,0.999,0.999,0.0971,0.0971,0,0,0,0,0,0,0,0,0,0,33,3794.99,[]
total_under_loss_ge2,60,2026-06-14,Haiti vs. Scotland,0-1,1,Scotland,Haiti vs. Scotland: O/U 2.5,Under,2,2.5,,1,,,,,,0,0,,,,,0,0,0,0,0,0,0,0,0,0,0,0,[]
total_under_loss_ge2,120,2026-06-14,Haiti vs. Scotland,0-1,1,Scotland,Haiti vs. Scotland: O/U 2.5,Under,2,2.5,,1,,,,,,0,0,,,,,0,0,0,0,0,0,0,0,0,0,0,0,[]
total_under_loss_ge2,180,2026-06-14,Haiti vs. Scotland,0-1,1,Scotland,Haiti vs. Scotland: O/U 2.5,Under,2,2.5,,1,,,,,,0,0,,,,,0,0,0,0,0,0,0,0,0,0,0,0,[]
total_under_loss_ge2,300,2026-06-14,Haiti vs. Scotland,0-1,1,Scotland,Haiti vs. Scotland: O/U 2.5,Under,2,2.5,,1,,,,,,0,0,,,,,0,0,0,0,0,0,0,0,0,0,0,0,[]
total_under_loss_ge2,480,2026-06-14,Haiti vs. Scotland,0-1,1,Scotland,Haiti vs. Scotland: O/U 2.5,Under,2,2.5,,1,,,,,,24,2230.86,0.98,0.99,1.9808,0.9801,0,0,0,0,18,957.74,24,2230.86,24,2230.86,24,2230.86,[]
loser_no,60,2026-06-14,Australia vs. Türkiye,2-0,2,Australia,Will Türkiye win on 2026-06-14?,No,3,,,,,,Türkiye,,,0,0,,,,,0,0,0,0,0,0,0,0,0,0,0,0,[]
loser_no,120,2026-06-14,Australia vs. Türkiye,2-0,2,Australia,Will Türkiye win on 2026-06-14?,No,3,,,,,,Türkiye,,,0,0,,,,,0,0,0,0,0,0,0,0,0,0,0,0,[]
loser_no,180,2026-06-14,Australia vs. Türkiye,2-0,2,Australia,Will Türkiye win on 2026-06-14?,No,3,,,,,,Türkiye,,,0,0,,,,,0,0,0,0,0,0,0,0,0,0,0,0,[]
loser_no,300,2026-06-14,Australia vs. Türkiye,2-0,2,Australia,Will Türkiye win on 2026-06-14?,No,3,,,,,,Türkiye,,,0,0,,,,,0,0,0,0,0,0,0,0,0,0,0,0,[]
loser_no,480,2026-06-14,Australia vs. Türkiye,2-0,2,Australia,Will Türkiye win on 2026-06-14?,No,3,,,,,,Türkiye,,,3,497.97,0.99,0.99,0.9801,0.9801,0,0,0,0,0,0,3,497.97,3,497.97,3,497.97,[]
total_under_loss_ge2,60,2026-06-14,Australia vs. Türkiye,2-0,2,Australia,Australia vs. Türkiye: O/U 3.5,Under,2,3.5,,2,,,,,,1,105.85,0.99,0.99,0.9801,0.9801,0,0,0,0,0,0,1,105.85,1,105.85,1,105.85,[]
total_under_loss_ge2,120,2026-06-14,Australia vs. Türkiye,2-0,2,Australia,Australia vs. Türkiye: O/U 3.5,Under,2,3.5,,2,,,,,,1,105.85,0.99,0.99,0.9801,0.9801,0,0,0,0,0,0,1,105.85,1,105.85,1,105.85,[]
total_under_loss_ge2,180,2026-06-14,Australia vs. Türkiye,2-0,2,Australia,Australia vs. Türkiye: O/U 3.5,Under,2,3.5,,2,,,,,,4,236.7,0.99,0.99,0.9801,0.9801,0,0,0,0,0,0,4,236.7,4,236.7,4,236.7,[]
total_under_loss_ge2,300,2026-06-14,Australia vs. Türkiye,2-0,2,Australia,Australia vs. Türkiye: O/U 3.5,Under,2,3.5,,2,,,,,,10,703.31,0.99,0.99,0.9801,0.9801,0,0,0,0,0,0,10,703.31,10,703.31,10,703.31,[]
total_under_loss_ge2,480,2026-06-14,Australia vs. Türkiye,2-0,2,Australia,Australia vs. Türkiye: O/U 3.5,Under,2,3.5,,2,,,,,,31,5856.376516,0.9699999998001648,0.99,3.0028,0.9801,0,0,9,3243.712466,19,5093.056516,31,5856.376516,31,5856.376516,31,5856.376516,[]
leader_yes_lead_ge2,60,2026-06-14,Australia vs. Türkiye,2-0,2,Australia,Will Australia win on 2026-06-14?,Yes,2,,,,,,,,,31,6882.87,0.999,0.999,0.0971,0.0971,0,0,0,0,0,0,0,0,0,0,31,6882.87,[]
leader_yes_lead_ge2,120,2026-06-14,Australia vs. Türkiye,2-0,2,Australia,Will Australia win on 2026-06-14?,Yes,2,,,,,,,,,67,14336.95,0.999,0.999,0.0971,0.0971,0,0,0,0,0,0,0,0,0,0,67,14336.95,[]
leader_yes_lead_ge2,180,2026-06-14,Australia vs. Türkiye,2-0,2,Australia,Will Australia win on 2026-06-14?,Yes,2,,,,,,,,,103,32523.83,0.999,0.999,0.0971,0.0971,0,0,0,0,0,0,0,0,0,0,103,32523.83,[]
leader_yes_lead_ge2,300,2026-06-14,Australia vs. Türkiye,2-0,2,Australia,Will Australia win on 2026-06-14?,Yes,2,,,,,,,,,181,74812.015,0.99,0.999,0.9801,0.0971,0,0,0,0,0,0,16,15296.949,34,22785.249,181,74812.015,[]
leader_yes_lead_ge2,480,2026-06-14,Australia vs. Türkiye,2-0,2,Australia,Will Australia win on 2026-06-14?,Yes,2,,,,,,,,,263,114318.4049,0.99,0.999,0.9801,0.0971,0,0,0,0,0,0,98,54803.3389,116,62291.6389,263,114318.4049,[]
draw_no_lead_ge2,60,2026-06-14,Australia vs. Türkiye,2-0,2,Australia,Will Australia vs. Türkiye end in a draw?,No,2,,,,,,,,,1,10000.0,0.999,0.999,0.0971,0.0971,0,0,0,0,0,0,0,0,0,0,1,10000.0,[]
draw_no_lead_ge2,120,2026-06-14,Australia vs. Türkiye,2-0,2,Australia,Will Australia vs. Türkiye end in a draw?,No,2,,,,,,,,,5,10125.91,0.999,0.999,0.0971,0.0971,0,0,0,0,0,0,0,0,0,0,5,10125.91,[]
draw_no_lead_ge2,180,2026-06-14,Australia vs. Türkiye,2-0,2,Australia,Will Australia vs. Türkiye end in a draw?,No,2,,,,,,,,,7,11525.91,0.999,0.999,0.0971,0.0971,0,0,0,0,0,0,0,0,0,0,7,11525.91,[]
draw_no_lead_ge2,300,2026-06-14,Australia vs. Türkiye,2-0,2,Australia,Will Australia vs. Türkiye end in a draw?,No,2,,,,,,,,,11,16886.63,0.999,0.999,0.0971,0.0971,0,0,0,0,0,0,0,0,0,0,11,16886.63,[]
draw_no_lead_ge2,480,2026-06-14,Australia vs. Türkiye,2-0,2,Australia,Will Australia vs. Türkiye end in a draw?,No,2,,,,,,,,,17,17968.8319,0.99,0.999,0.9801,0.0971,0,0,0,0,0,0,6,1082.2019,6,1082.2019,17,17968.8319,[]
spread_tight_loss_ge2,60,2026-06-14,Australia vs. Türkiye,2-0,2,Australia,Spread: Türkiye (-1.5),Australia,4,1.5,2,,,,,other_side,,1,10.0,0.999,0.999,0.0971,0.0971,0,0,0,0,0,0,0,0,0,0,1,10.0,[]
spread_tight_loss_ge2,120,2026-06-14,Australia vs. Türkiye,2-0,2,Australia,Spread: Türkiye (-1.5),Australia,4,1.5,2,,,,,other_side,,1,10.0,0.999,0.999,0.0971,0.0971,0,0,0,0,0,0,0,0,0,0,1,10.0,[]
spread_tight_loss_ge2,180,2026-06-14,Australia vs. Türkiye,2-0,2,Australia,Spread: Türkiye (-1.5),Australia,4,1.5,2,,,,,other_side,,2,24.7,0.999,0.999,0.0971,0.0971,0,0,0,0,0,0,0,0,0,0,2,24.7,[]
spread_tight_loss_ge2,300,2026-06-14,Australia vs. Türkiye,2-0,2,Australia,Spread: Türkiye (-1.5),Australia,4,1.5,2,,,,,other_side,,4,116.39,0.999,0.999,0.0971,0.0971,0,0,0,0,0,0,0,0,0,0,4,116.39,[]
spread_tight_loss_ge2,480,2026-06-14,Australia vs. Türkiye,2-0,2,Australia,Spread: Türkiye (-1.5),Australia,4,1.5,2,,,,,other_side,,7,349.57,0.999,0.999,0.0971,0.0971,0,0,0,0,0,0,0,0,0,0,7,349.57,[]
team_total_under_loss_ge2,60,2026-06-14,Australia vs. Türkiye,2-0,2,Australia,Australia vs. Türkiye: Türkiye O/U 1.5,Under,2,1.5,,,Türkiye,0,,,,0,0,,,,,0,0,0,0,0,0,0,0,0,0,0,0,[]
team_total_under_loss_ge2,120,2026-06-14,Australia vs. Türkiye,2-0,2,Australia,Australia vs. Türkiye: Türkiye O/U 1.5,Under,2,1.5,,,Türkiye,0,,,,0,0,,,,,0,0,0,0,0,0,0,0,0,0,0,0,[]
team_total_under_loss_ge2,180,2026-06-14,Australia vs. Türkiye,2-0,2,Australia,Australia vs. Türkiye: Türkiye O/U 1.5,Under,2,1.5,,,Türkiye,0,,,,0,0,,,,,0,0,0,0,0,0,0,0,0,0,0,0,[]
team_total_under_loss_ge2,300,2026-06-14,Australia vs. Türkiye,2-0,2,Australia,Australia vs. Türkiye: Türkiye O/U 1.5,Under,2,1.5,,,Türkiye,0,,,,0,0,,,,,0,0,0,0,0,0,0,0,0,0,0,0,[]
team_total_under_loss_ge2,480,2026-06-14,Australia vs. Türkiye,2-0,2,Australia,Australia vs. Türkiye: Türkiye O/U 1.5,Under,2,1.5,,,Türkiye,0,,,,2,415.0,0.99,0.99,0.9801,0.9801,0,0,0,0,0,0,2,415.0,2,415.0,2,415.0,[]
team_total_over_locked,60,2026-06-14,Australia vs. Türkiye,2-0,2,Australia,Australia vs. Türkiye: Australia O/U 1.5,Over,999,1.5,,,Australia,2,,,True,0,0,,,,,0,0,0,0,0,0,0,0,0,0,0,0,[]
team_total_over_locked,120,2026-06-14,Australia vs. Türkiye,2-0,2,Australia,Australia vs. Türkiye: Australia O/U 1.5,Over,999,1.5,,,Australia,2,,,True,0,0,,,,,0,0,0,0,0,0,0,0,0,0,0,0,[]
team_total_over_locked,180,2026-06-14,Australia vs. Türkiye,2-0,2,Australia,Australia vs. Türkiye: Australia O/U 1.5,Over,999,1.5,,,Australia,2,,,True,0,0,,,,,0,0,0,0,0,0,0,0,0,0,0,0,[]
team_total_over_locked,300,2026-06-14,Australia vs. Türkiye,2-0,2,Australia,Australia vs. Türkiye: Australia O/U 1.5,Over,999,1.5,,,Australia,2,,,True,1,474.54,0.99,0.99,0.9801,0.9801,0,0,0,0,0,0,1,474.54,1,474.54,1,474.54,[]
team_total_over_locked,480,2026-06-14,Australia vs. Türkiye,2-0,2,Australia,Australia vs. Türkiye: Australia O/U 1.5,Over,999,1.5,,,Australia,2,,,True,1,474.54,0.99,0.99,0.9801,0.9801,0,0,0,0,0,0,1,474.54,1,474.54,1,474.54,[]
total_under_loss_ge2,60,2026-06-14,Germany vs. Curaçao,7-1,6,Germany,Germany vs. Curaçao: O/U 9.5,Under,2,9.5,,8,,,,,,1,3072.51,0.999,0.999,0.0971,0.0971,0,0,0,0,0,0,0,0,0,0,1,3072.51,[]
total_under_loss_ge2,120,2026-06-14,Germany vs. Curaçao,7-1,6,Germany,Germany vs. Curaçao: O/U 9.5,Under,2,9.5,,8,,,,,,4,3202.51,0.996,0.999,0.3896,0.0971,0,0,0,0,0,0,0,0,0,0,4,3202.51,[]
total_under_loss_ge2,180,2026-06-14,Germany vs. Curaçao,7-1,6,Germany,Germany vs. Curaçao: O/U 9.5,Under,2,9.5,,8,,,,,,6,3508.896295,0.981,0.999,1.8798,0.0971,0,0,0,0,0,0,1,10.09,1,10.09,6,3508.896295,[]
total_under_loss_ge2,300,2026-06-14,Germany vs. Curaçao,7-1,6,Germany,Germany vs. Curaçao: O/U 9.5,Under,2,9.5,,8,,,,,,14,4826.230228,0.97,0.999,3.0028,0.0971,0,0,1,500.0,5,902.0408,6,912.1308,8,1113.423933,14,4826.230228,[]
total_under_loss_ge2,480,2026-06-14,Germany vs. Curaçao,7-1,6,Germany,Germany vs. Curaçao: O/U 9.5,Under,2,9.5,,8,,,,,,35,8875.605989,0.9399999623995127,0.999,6.203,0.0971,11,2887.632429,15,4337.932429,25,4939.416561,27,4961.506561,29,5162.799694,35,8875.605989,[]
total_over_locked,60,2026-06-14,Australia vs. Türkiye,2-0,2,Australia,Australia vs. Türkiye: O/U 1.5,Over,999,1.5,,2,,,,,True,0,0,,,,,0,0,0,0,0,0,0,0,0,0,0,0,[]
total_over_locked,120,2026-06-14,Australia vs. Türkiye,2-0,2,Australia,Australia vs. Türkiye: O/U 1.5,Over,999,1.5,,2,,,,,True,0,0,,,,,0,0,0,0,0,0,0,0,0,0,0,0,[]
total_over_locked,180,2026-06-14,Australia vs. Türkiye,2-0,2,Australia,Australia vs. Türkiye: O/U 1.5,Over,999,1.5,,2,,,,,True,3,519.62,0.999,0.999,0.0971,0.0971,0,0,0,0,0,0,0,0,0,0,3,519.62,[]
total_over_locked,300,2026-06-14,Australia vs. Türkiye,2-0,2,Australia,Australia vs. Türkiye: O/U 1.5,Over,999,1.5,,2,,,,,True,6,1082.05,0.999,0.999,0.0971,0.0971,0,0,0,0,0,0,0,0,0,0,6,1082.05,[]
total_over_locked,480,2026-06-14,Australia vs. Türkiye,2-0,2,Australia,Australia vs. Türkiye: O/U 1.5,Over,999,1.5,,2,,,,,True,13,3123.14,0.999,0.999,0.0971,0.0971,0,0,0,0,0,0,0,0,0,0,13,3123.14,[]
team_total_under_loss_ge2,60,2026-06-14,Germany vs. Curaçao,7-1,6,Germany,Germany vs. Curaçao: Curaçao O/U 2.5,Under,2,2.5,,,Curaçao,1,,,,0,0,,,,,0,0,0,0,0,0,0,0,0,0,0,0,[]
team_total_under_loss_ge2,120,2026-06-14,Germany vs. Curaçao,7-1,6,Germany,Germany vs. Curaçao: Curaçao O/U 2.5,Under,2,2.5,,,Curaçao,1,,,,1,8.04,0.999,0.999,0.0971,0.0971,0,0,0,0,0,0,0,0,0,0,1,8.04,[]
team_total_under_loss_ge2,180,2026-06-14,Germany vs. Curaçao,7-1,6,Germany,Germany vs. Curaçao: Curaçao O/U 2.5,Under,2,2.5,,,Curaçao,1,,,,1,8.04,0.999,0.999,0.0971,0.0971,0,0,0,0,0,0,0,0,0,0,1,8.04,[]
team_total_under_loss_ge2,300,2026-06-14,Germany vs. Curaçao,7-1,6,Germany,Germany vs. Curaçao: Curaçao O/U 2.5,Under,2,2.5,,,Curaçao,1,,,,2,8.75,0.999,0.999,0.0971,0.0971,0,0,0,0,0,0,0,0,0,0,2,8.75,[]
team_total_under_loss_ge2,480,2026-06-14,Germany vs. Curaçao,7-1,6,Germany,Germany vs. Curaçao: Curaçao O/U 2.5,Under,2,2.5,,,Curaçao,1,,,,5,805.056305,0.998999001998999,0.999,0.0972,0.0971,0,0,0,0,0,0,0,0,0,0,5,805.056305,[]
loser_no,60,2026-06-14,Germany vs. Curaçao,7-1,6,Germany,Will Curaçao win on 2026-06-14?,No,7,,,,,,Curaçao,,,1,1000.0,0.999,0.999,0.0971,0.0971,0,0,0,0,0,0,0,0,0,0,1,1000.0,[]
loser_no,120,2026-06-14,Germany vs. Curaçao,7-1,6,Germany,Will Curaçao win on 2026-06-14?,No,7,,,,,,Curaçao,,,4,11931.0,0.999,0.999,0.0971,0.0971,0,0,0,0,0,0,0,0,0,0,4,11931.0,[]
loser_no,180,2026-06-14,Germany vs. Curaçao,7-1,6,Germany,Will Curaçao win on 2026-06-14?,No,7,,,,,,Curaçao,,,4,11931.0,0.999,0.999,0.0971,0.0971,0,0,0,0,0,0,0,0,0,0,4,11931.0,[]
loser_no,300,2026-06-14,Germany vs. Curaçao,7-1,6,Germany,Will Curaçao win on 2026-06-14?,No,7,,,,,,Curaçao,,,6,17774.55,0.999,0.999,0.0971,0.0971,0,0,0,0,0,0,0,0,0,0,6,17774.55,[]
loser_no,480,2026-06-14,Germany vs. Curaçao,7-1,6,Germany,Will Curaçao win on 2026-06-14?,No,7,,,,,,Curaçao,,,7,19714.55,0.999,0.999,0.0971,0.0971,0,0,0,0,0,0,0,0,0,0,7,19714.55,[]
team_total_over_locked,60,2026-06-14,Germany vs. Curaçao,7-1,6,Germany,Germany vs. Curaçao: Curaçao O/U 0.5,Over,999,0.5,,,Curaçao,1,,,True,0,0,,,,,0,0,0,0,0,0,0,0,0,0,0,0,[]
team_total_over_locked,120,2026-06-14,Germany vs. Curaçao,7-1,6,Germany,Germany vs. Curaçao: Curaçao O/U 0.5,Over,999,0.5,,,Curaçao,1,,,True,0,0,,,,,0,0,0,0,0,0,0,0,0,0,0,0,[]
team_total_over_locked,180,2026-06-14,Germany vs. Curaçao,7-1,6,Germany,Germany vs. Curaçao: Curaçao O/U 0.5,Over,999,0.5,,,Curaçao,1,,,True,0,0,,,,,0,0,0,0,0,0,0,0,0,0,0,0,[]
team_total_over_locked,300,2026-06-14,Germany vs. Curaçao,7-1,6,Germany,Germany vs. Curaçao: Curaçao O/U 0.5,Over,999,0.5,,,Curaçao,1,,,True,0,0,,,,,0,0,0,0,0,0,0,0,0,0,0,0,[]
team_total_over_locked,480,2026-06-14,Germany vs. Curaçao,7-1,6,Germany,Germany vs. Curaçao: Curaçao O/U 0.5,Over,999,0.5,,,Curaçao,1,,,True,0,0,,,,,0,0,0,0,0,0,0,0,0,0,0,0,[]
draw_no_lead_ge2,60,2026-06-14,Germany vs. Curaçao,7-1,6,Germany,Will Germany vs. Curaçao end in a draw?,No,6,,,,,,,,,0,0,,,,,0,0,0,0,0,0,0,0,0,0,0,0,[]
draw_no_lead_ge2,120,2026-06-14,Germany vs. Curaçao,7-1,6,Germany,Will Germany vs. Curaçao end in a draw?,No,6,,,,,,,,,0,0,,,,,0,0,0,0,0,0,0,0,0,0,0,0,[]
draw_no_lead_ge2,180,2026-06-14,Germany vs. Curaçao,7-1,6,Germany,Will Germany vs. Curaçao end in a draw?,No,6,,,,,,,,,0,0,,,,,0,0,0,0,0,0,0,0,0,0,0,0,[]
draw_no_lead_ge2,300,2026-06-14,Germany vs. Curaçao,7-1,6,Germany,Will Germany vs. Curaçao end in a draw?,No,6,,,,,,,,,0,0,,,,,0,0,0,0,0,0,0,0,0,0,0,0,[]
draw_no_lead_ge2,480,2026-06-14,Germany vs. Curaçao,7-1,6,Germany,Will Germany vs. Curaçao end in a draw?,No,6,,,,,,,,,0,0,,,,,0,0,0,0,0,0,0,0,0,0,0,0,[]
spread_tight_loss_ge2,60,2026-06-14,Germany vs. Curaçao,7-1,6,Germany,Spread: Germany (-4.5),Germany,2,-4.5,5,,,,,favorite_cover,,0,0,,,,,0,0,0,0,0,0,0,0,0,0,0,0,[]
spread_tight_loss_ge2,120,2026-06-14,Germany vs. Curaçao,7-1,6,Germany,Spread: Germany (-4.5),Germany,2,-4.5,5,,,,,favorite_cover,,3,3599.68,0.99,0.99,0.9801,0.9801,0,0,0,0,0,0,3,3599.68,3,3599.68,3,3599.68,[]
spread_tight_loss_ge2,180,2026-06-14,Germany vs. Curaçao,7-1,6,Germany,Spread: Germany (-4.5),Germany,2,-4.5,5,,,,,favorite_cover,,6,3822.46,0.99,0.99,0.9801,0.9801,0,0,0,0,0,0,6,3822.46,6,3822.46,6,3822.46,[]
spread_tight_loss_ge2,300,2026-06-14,Germany vs. Curaçao,7-1,6,Germany,Spread: Germany (-4.5),Germany,2,-4.5,5,,,,,favorite_cover,,9,4344.16,0.99,0.99,0.9801,0.9801,0,0,0,0,0,0,9,4344.16,9,4344.16,9,4344.16,[]
spread_tight_loss_ge2,480,2026-06-14,Germany vs. Curaçao,7-1,6,Germany,Spread: Germany (-4.5),Germany,2,-4.5,5,,,,,favorite_cover,,28,22316.19,0.98,0.99,1.9808,0.9801,0,0,0,0,3,29.02,28,22316.19,28,22316.19,28,22316.19,[]
total_over_locked,60,2026-06-14,Germany vs. Curaçao,7-1,6,Germany,Germany vs. Curaçao: O/U 7.5,Over,999,7.5,,8,,,,,True,4,1070.44,0.99,0.99,0.9801,0.9801,0,0,0,0,0,0,4,1070.44,4,1070.44,4,1070.44,[]
total_over_locked,120,2026-06-14,Germany vs. Curaçao,7-1,6,Germany,Germany vs. Curaçao: O/U 7.5,Over,999,7.5,,8,,,,,True,9,1580.49,0.99,0.99,0.9801,0.9801,0,0,0,0,0,0,9,1580.49,9,1580.49,9,1580.49,[]
total_over_locked,180,2026-06-14,Germany vs. Curaçao,7-1,6,Germany,Germany vs. Curaçao: O/U 7.5,Over,999,7.5,,8,,,,,True,12,3198.81,0.99,0.99,0.9801,0.9801,0,0,0,0,0,0,12,3198.81,12,3198.81,12,3198.81,[]
total_over_locked,300,2026-06-14,Germany vs. Curaçao,7-1,6,Germany,Germany vs. Curaçao: O/U 7.5,Over,999,7.5,,8,,,,,True,37,14915.98,0.99,0.99,0.9801,0.9801,0,0,0,0,0,0,37,14915.98,37,14915.98,37,14915.98,[]
total_over_locked,480,2026-06-14,Germany vs. Curaçao,7-1,6,Germany,Germany vs. Curaçao: O/U 7.5,Over,999,7.5,,8,,,,,True,111,25738.33,0.99,0.99,0.9801,0.9801,0,0,0,0,0,0,111,25738.33,111,25738.33,111,25738.33,[]
total_under_loss_ge2,60,2026-06-14,Netherlands vs. Japan,2-2,0,,Netherlands vs. Japan: O/U 5.5,Under,2,5.5,,4,,,,,,2,590.44,0.999,0.999,0.0971,0.0971,0,0,0,0,0,0,0,0,0,0,2,590.44,[]
total_under_loss_ge2,120,2026-06-14,Netherlands vs. Japan,2-2,0,,Netherlands vs. Japan: O/U 5.5,Under,2,5.5,,4,,,,,,5,2032.11,0.999,0.999,0.0971,0.0971,0,0,0,0,0,0,0,0,0,0,5,2032.11,[]
total_under_loss_ge2,180,2026-06-14,Netherlands vs. Japan,2-2,0,,Netherlands vs. Japan: O/U 5.5,Under,2,5.5,,4,,,,,,7,3259.605862,0.9959999952604137,0.999,0.3896,0.0971,0,0,0,0,0,0,0,0,0,0,7,3259.605862,[]
total_under_loss_ge2,300,2026-06-14,Netherlands vs. Japan,2-2,0,,Netherlands vs. Japan: O/U 5.5,Under,2,5.5,,4,,,,,,13,4723.906528,0.99,0.999,0.9801,0.0971,0,0,0,0,0,0,5,1364.0,5,1364.0,13,4723.906528,[]
total_under_loss_ge2,480,2026-06-14,Netherlands vs. Japan,2-2,0,,Netherlands vs. Japan: O/U 5.5,Under,2,5.5,,4,,,,,,19,5426.489899,0.9700000250434792,0.999,3.0028,0.0971,0,0,0,0,3,221.563332,10,2056.563332,10,2056.563332,19,5426.489899,[]
leader_yes_lead_ge2,60,2026-06-14,Germany vs. Curaçao,7-1,6,Germany,Will Germany win on 2026-06-14?,Yes,6,,,,,,,,,10,11441.52,0.999,0.999,0.0971,0.0971,0,0,0,0,0,0,0,0,0,0,10,11441.52,[]
leader_yes_lead_ge2,120,2026-06-14,Germany vs. Curaçao,7-1,6,Germany,Will Germany win on 2026-06-14?,Yes,6,,,,,,,,,14,34311.77,0.999,0.999,0.0971,0.0971,0,0,0,0,0,0,0,0,0,0,14,34311.77,[]
leader_yes_lead_ge2,180,2026-06-14,Germany vs. Curaçao,7-1,6,Germany,Will Germany win on 2026-06-14?,Yes,6,,,,,,,,,19,34426.08,0.999,0.999,0.0971,0.0971,0,0,0,0,0,0,0,0,0,0,19,34426.08,[]
leader_yes_lead_ge2,300,2026-06-14,Germany vs. Curaçao,7-1,6,Germany,Will Germany win on 2026-06-14?,Yes,6,,,,,,,,,35,37529.46,0.999,0.999,0.0971,0.0971,0,0,0,0,0,0,0,0,0,0,35,37529.46,[]
leader_yes_lead_ge2,480,2026-06-14,Germany vs. Curaçao,7-1,6,Germany,Will Germany win on 2026-06-14?,Yes,6,,,,,,,,,53,44443.15,0.999,0.999,0.0971,0.0971,0,0,0,0,0,0,0,0,0,0,53,44443.15,[]
team_total_over_locked,60,2026-06-14,Netherlands vs. Japan,2-2,0,,Netherlands vs. Japan: Japan O/U 1.5,Over,999,1.5,,,Japan,2,,,True,1,3.44,0.99,0.99,0.9801,0.9801,0,0,0,0,0,0,1,3.44,1,3.44,1,3.44,[]
team_total_over_locked,120,2026-06-14,Netherlands vs. Japan,2-2,0,,Netherlands vs. Japan: Japan O/U 1.5,Over,999,1.5,,,Japan,2,,,True,2,114.69,0.99,0.99,0.9801,0.9801,0,0,0,0,0,0,2,114.69,2,114.69,2,114.69,[]
team_total_over_locked,180,2026-06-14,Netherlands vs. Japan,2-2,0,,Netherlands vs. Japan: Japan O/U 1.5,Over,999,1.5,,,Japan,2,,,True,3,2814.4,0.99,0.99,0.9801,0.9801,0,0,0,0,0,0,3,2814.4,3,2814.4,3,2814.4,[]
team_total_over_locked,300,2026-06-14,Netherlands vs. Japan,2-2,0,,Netherlands vs. Japan: Japan O/U 1.5,Over,999,1.5,,,Japan,2,,,True,9,4649.7,0.99,0.99,0.9801,0.9801,0,0,0,0,0,0,9,4649.7,9,4649.7,9,4649.7,[]
team_total_over_locked,480,2026-06-14,Netherlands vs. Japan,2-2,0,,Netherlands vs. Japan: Japan O/U 1.5,Over,999,1.5,,,Japan,2,,,True,25,6016.52,0.98,0.99,1.9808,0.9801,0,0,0,0,1,34.48,25,6016.52,25,6016.52,25,6016.52,[]
spread_tight_loss_ge2,60,2026-06-14,Netherlands vs. Japan,2-2,0,,Spread: Netherlands (-1.5),Japan,2,1.5,2,,,,,other_side,,0,0,,,,,0,0,0,0,0,0,0,0,0,0,0,0,[]
spread_tight_loss_ge2,120,2026-06-14,Netherlands vs. Japan,2-2,0,,Spread: Netherlands (-1.5),Japan,2,1.5,2,,,,,other_side,,0,0,,,,,0,0,0,0,0,0,0,0,0,0,0,0,[]
spread_tight_loss_ge2,180,2026-06-14,Netherlands vs. Japan,2-2,0,,Spread: Netherlands (-1.5),Japan,2,1.5,2,,,,,other_side,,1,2.63,0.99,0.99,0.9801,0.9801,0,0,0,0,0,0,1,2.63,1,2.63,1,2.63,[]
spread_tight_loss_ge2,300,2026-06-14,Netherlands vs. Japan,2-2,0,,Spread: Netherlands (-1.5),Japan,2,1.5,2,,,,,other_side,,3,409.62,0.99,0.99,0.9801,0.9801,0,0,0,0,0,0,3,409.62,3,409.62,3,409.62,[]
spread_tight_loss_ge2,480,2026-06-14,Netherlands vs. Japan,2-2,0,,Spread: Netherlands (-1.5),Japan,2,1.5,2,,,,,other_side,,36,32021.46,0.96,0.99,4.0467,0.9801,0,0,4,104.38,18,341.83,36,32021.46,36,32021.46,36,32021.46,[]
spread_tight_loss_ge2,60,2026-06-14,Côte d'Ivoire vs. Ecuador,1-0,1,Côte d'Ivoire,Spread: Côte d'Ivoire (-2.5),Ecuador,2,2.5,3,,,,,other_side,,0,0,,,,,0,0,0,0,0,0,0,0,0,0,0,0,[]
spread_tight_loss_ge2,120,2026-06-14,Côte d'Ivoire vs. Ecuador,1-0,1,Côte d'Ivoire,Spread: Côte d'Ivoire (-2.5),Ecuador,2,2.5,3,,,,,other_side,,0,0,,,,,0,0,0,0,0,0,0,0,0,0,0,0,[]
spread_tight_loss_ge2,180,2026-06-14,Côte d'Ivoire vs. Ecuador,1-0,1,Côte d'Ivoire,Spread: Côte d'Ivoire (-2.5),Ecuador,2,2.5,3,,,,,other_side,,0,0,,,,,0,0,0,0,0,0,0,0,0,0,0,0,[]
spread_tight_loss_ge2,300,2026-06-14,Côte d'Ivoire vs. Ecuador,1-0,1,Côte d'Ivoire,Spread: Côte d'Ivoire (-2.5),Ecuador,2,2.5,3,,,,,other_side,,9,1886.734145,0.9590000069112218,0.999,4.1523,0.0971,0,0,2,161.734145,3,181.734145,4,201.734145,8,1866.734145,9,1886.734145,[]
spread_tight_loss_ge2,480,2026-06-14,Côte d'Ivoire vs. Ecuador,1-0,1,Côte d'Ivoire,Spread: Côte d'Ivoire (-2.5),Ecuador,2,2.5,3,,,,,other_side,,9,1886.734145,0.9590000069112218,0.999,4.1523,0.0971,0,0,2,161.734145,3,181.734145,4,201.734145,8,1866.734145,9,1886.734145,[]
total_over_locked,60,2026-06-14,Netherlands vs. Japan,2-2,0,,Netherlands vs. Japan: O/U 3.5,Over,999,3.5,,4,,,,,True,3,361.93,0.99,0.99,0.9801,0.9801,0,0,0,0,0,0,3,361.93,3,361.93,3,361.93,[]
total_over_locked,120,2026-06-14,Netherlands vs. Japan,2-2,0,,Netherlands vs. Japan: O/U 3.5,Over,999,3.5,,4,,,,,True,6,700.29,0.99,0.99,0.9801,0.9801,0,0,0,0,0,0,6,700.29,6,700.29,6,700.29,[]
total_over_locked,180,2026-06-14,Netherlands vs. Japan,2-2,0,,Netherlands vs. Japan: O/U 3.5,Over,999,3.5,,4,,,,,True,9,765.44,0.99,0.99,0.9801,0.9801,0,0,0,0,0,0,9,765.44,9,765.44,9,765.44,[]
total_over_locked,300,2026-06-14,Netherlands vs. Japan,2-2,0,,Netherlands vs. Japan: O/U 3.5,Over,999,3.5,,4,,,,,True,24,2199.4,0.99,0.99,0.9801,0.9801,0,0,0,0,0,0,24,2199.4,24,2199.4,24,2199.4,[]
total_over_locked,480,2026-06-14,Netherlands vs. Japan,2-2,0,,Netherlands vs. Japan: O/U 3.5,Over,999,3.5,,4,,,,,True,99,23660.35,0.99,0.99,0.9801,0.9801,0,0,0,0,0,0,99,23660.35,99,23660.35,99,23660.35,[]
btts_yes_locked,60,2026-06-14,Germany vs. Curaçao,7-1,6,Germany,Germany vs. Curaçao: Both Teams to Score,Yes,999,,,,,,,,True,0,0,,,,,0,0,0,0,0,0,0,0,0,0,0,0,[]
btts_yes_locked,120,2026-06-14,Germany vs. Curaçao,7-1,6,Germany,Germany vs. Curaçao: Both Teams to Score,Yes,999,,,,,,,,True,0,0,,,,,0,0,0,0,0,0,0,0,0,0,0,0,[]
btts_yes_locked,180,2026-06-14,Germany vs. Curaçao,7-1,6,Germany,Germany vs. Curaçao: Both Teams to Score,Yes,999,,,,,,,,True,1,64.51,0.999,0.999,0.0971,0.0971,0,0,0,0,0,0,0,0,0,0,1,64.51,[]
btts_yes_locked,300,2026-06-14,Germany vs. Curaçao,7-1,6,Germany,Germany vs. Curaçao: Both Teams to Score,Yes,999,,,,,,,,True,4,203.91,0.999,0.999,0.0971,0.0971,0,0,0,0,0,0,0,0,0,0,4,203.91,[]
btts_yes_locked,480,2026-06-14,Germany vs. Curaçao,7-1,6,Germany,Germany vs. Curaçao: Both Teams to Score,Yes,999,,,,,,,,True,4,203.91,0.999,0.999,0.0971,0.0971,0,0,0,0,0,0,0,0,0,0,4,203.91,[]
team_total_under_loss_ge2,60,2026-06-14,Côte d'Ivoire vs. Ecuador,1-0,1,Côte d'Ivoire,Côte d'Ivoire vs. Ecuador: Ecuador O/U 1.5,Under,2,1.5,,,Ecuador,0,,,,0,0,,,,,0,0,0,0,0,0,0,0,0,0,0,0,[]
team_total_under_loss_ge2,120,2026-06-14,Côte d'Ivoire vs. Ecuador,1-0,1,Côte d'Ivoire,Côte d'Ivoire vs. Ecuador: Ecuador O/U 1.5,Under,2,1.5,,,Ecuador,0,,,,0,0,,,,,0,0,0,0,0,0,0,0,0,0,0,0,[]
team_total_under_loss_ge2,180,2026-06-14,Côte d'Ivoire vs. Ecuador,1-0,1,Côte d'Ivoire,Côte d'Ivoire vs. Ecuador: Ecuador O/U 1.5,Under,2,1.5,,,Ecuador,0,,,,0,0,,,,,0,0,0,0,0,0,0,0,0,0,0,0,[]
team_total_under_loss_ge2,300,2026-06-14,Côte d'Ivoire vs. Ecuador,1-0,1,Côte d'Ivoire,Côte d'Ivoire vs. Ecuador: Ecuador O/U 1.5,Under,2,1.5,,,Ecuador,0,,,,1,28.0,0.999,0.999,0.0971,0.0971,0,0,0,0,0,0,0,0,0,0,1,28.0,[]
team_total_under_loss_ge2,480,2026-06-14,Côte d'Ivoire vs. Ecuador,1-0,1,Côte d'Ivoire,Côte d'Ivoire vs. Ecuador: Ecuador O/U 1.5,Under,2,1.5,,,Ecuador,0,,,,1,28.0,0.999,0.999,0.0971,0.0971,0,0,0,0,0,0,0,0,0,0,1,28.0,[]
loser_no,60,2026-06-14,Côte d'Ivoire vs. Ecuador,1-0,1,Côte d'Ivoire,Will Ecuador win on 2026-06-14?,No,2,,,,,,Ecuador,,,16,18518.62,0.999,0.999,0.0971,0.0971,0,0,0,0,0,0,0,0,0,0,16,18518.62,[]
loser_no,120,2026-06-14,Côte d'Ivoire vs. Ecuador,1-0,1,Côte d'Ivoire,Will Ecuador win on 2026-06-14?,No,2,,,,,,Ecuador,,,21,19302.321,0.99,0.999,0.9801,0.0971,0,0,0,0,0,0,1,400.0,2,409.5,21,19302.321,[]
loser_no,180,2026-06-14,Côte d'Ivoire vs. Ecuador,1-0,1,Côte d'Ivoire,Will Ecuador win on 2026-06-14?,No,2,,,,,,Ecuador,,,22,19602.321,0.99,0.999,0.9801,0.0971,0,0,0,0,0,0,2,700.0,3,709.5,22,19602.321,[]
loser_no,300,2026-06-14,Côte d'Ivoire vs. Ecuador,1-0,1,Côte d'Ivoire,Will Ecuador win on 2026-06-14?,No,2,,,,,,Ecuador,,,26,20999.401,0.99,0.999,0.9801,0.0971,0,0,0,0,0,0,6,2097.08,7,2106.58,26,20999.401,[]
loser_no,480,2026-06-14,Côte d'Ivoire vs. Ecuador,1-0,1,Côte d'Ivoire,Will Ecuador win on 2026-06-14?,No,2,,,,,,Ecuador,,,43,23531.221,0.99,0.999,0.9801,0.0971,0,0,0,0,0,0,23,4628.9,24,4638.4,43,23531.221,[]
btts_yes_locked,60,2026-06-14,Netherlands vs. Japan,2-2,0,,Netherlands vs. Japan: Both Teams to Score,Yes,999,,,,,,,,True,4,69.14,0.999,0.999,0.0971,0.0971,0,0,0,0,0,0,0,0,0,0,4,69.14,[]
btts_yes_locked,120,2026-06-14,Netherlands vs. Japan,2-2,0,,Netherlands vs. Japan: Both Teams to Score,Yes,999,,,,,,,,True,8,402.6,0.999,0.999,0.0971,0.0971,0,0,0,0,0,0,0,0,0,0,8,402.6,[]
btts_yes_locked,180,2026-06-14,Netherlands vs. Japan,2-2,0,,Netherlands vs. Japan: Both Teams to Score,Yes,999,,,,,,,,True,14,756.31,0.999,0.999,0.0971,0.0971,0,0,0,0,0,0,0,0,0,0,14,756.31,[]
btts_yes_locked,300,2026-06-14,Netherlands vs. Japan,2-2,0,,Netherlands vs. Japan: Both Teams to Score,Yes,999,,,,,,,,True,31,2707.26,0.999,0.999,0.0971,0.0971,0,0,0,0,0,0,0,0,0,0,31,2707.26,[]
btts_yes_locked,480,2026-06-14,Netherlands vs. Japan,2-2,0,,Netherlands vs. Japan: Both Teams to Score,Yes,999,,,,,,,,True,56,5787.74,0.999,0.999,0.0971,0.0971,0,0,0,0,0,0,0,0,0,0,56,5787.74,[]
team_total_over_locked,60,2026-06-14,Côte d'Ivoire vs. Ecuador,1-0,1,Côte d'Ivoire,Côte d'Ivoire vs. Ecuador: Côte d'Ivoire O/U 0.5,Over,999,0.5,,,Côte d'Ivoire,1,,,True,0,0,,,,,0,0,0,0,0,0,0,0,0,0,0,0,[]
team_total_over_locked,120,2026-06-14,Côte d'Ivoire vs. Ecuador,1-0,1,Côte d'Ivoire,Côte d'Ivoire vs. Ecuador: Côte d'Ivoire O/U 0.5,Over,999,0.5,,,Côte d'Ivoire,1,,,True,1,920.28,0.99,0.99,0.9801,0.9801,0,0,0,0,0,0,1,920.28,1,920.28,1,920.28,[]
team_total_over_locked,180,2026-06-14,Côte d'Ivoire vs. Ecuador,1-0,1,Côte d'Ivoire,Côte d'Ivoire vs. Ecuador: Côte d'Ivoire O/U 0.5,Over,999,0.5,,,Côte d'Ivoire,1,,,True,2,928.47,0.99,0.99,0.9801,0.9801,0,0,0,0,0,0,2,928.47,2,928.47,2,928.47,[]
team_total_over_locked,300,2026-06-14,Côte d'Ivoire vs. Ecuador,1-0,1,Côte d'Ivoire,Côte d'Ivoire vs. Ecuador: Côte d'Ivoire O/U 0.5,Over,999,0.5,,,Côte d'Ivoire,1,,,True,5,1323.59,0.99,0.99,0.9801,0.9801,0,0,0,0,0,0,5,1323.59,5,1323.59,5,1323.59,[]
team_total_over_locked,480,2026-06-14,Côte d'Ivoire vs. Ecuador,1-0,1,Côte d'Ivoire,Côte d'Ivoire vs. Ecuador: Côte d'Ivoire O/U 0.5,Over,999,0.5,,,Côte d'Ivoire,1,,,True,27,7621.33,0.99,0.99,0.9801,0.9801,0,0,0,0,0,0,27,7621.33,27,7621.33,27,7621.33,[]
total_over_locked,60,2026-06-14,Côte d'Ivoire vs. Ecuador,1-0,1,Côte d'Ivoire,Côte d'Ivoire vs. Ecuador: O/U 0.5,Over,999,0.5,,1,,,,,True,2,869.62,0.999,0.999,0.0971,0.0971,0,0,0,0,0,0,0,0,0,0,2,869.62,[]
total_over_locked,120,2026-06-14,Côte d'Ivoire vs. Ecuador,1-0,1,Côte d'Ivoire,Côte d'Ivoire vs. Ecuador: O/U 0.5,Over,999,0.5,,1,,,,,True,3,871.62,0.99,0.999,0.9801,0.0971,0,0,0,0,0,0,1,2.0,1,2.0,3,871.62,[]
total_over_locked,180,2026-06-14,Côte d'Ivoire vs. Ecuador,1-0,1,Côte d'Ivoire,Côte d'Ivoire vs. Ecuador: O/U 0.5,Over,999,0.5,,1,,,,,True,4,922.57,0.99,0.999,0.9801,0.0971,0,0,0,0,0,0,2,52.95,2,52.95,4,922.57,[]
total_over_locked,300,2026-06-14,Côte d'Ivoire vs. Ecuador,1-0,1,Côte d'Ivoire,Côte d'Ivoire vs. Ecuador: O/U 0.5,Over,999,0.5,,1,,,,,True,14,5455.33,0.99,0.999,0.9801,0.0971,0,0,0,0,0,0,12,4585.71,12,4585.71,14,5455.33,[]
total_over_locked,480,2026-06-14,Côte d'Ivoire vs. Ecuador,1-0,1,Côte d'Ivoire,Côte d'Ivoire vs. Ecuador: O/U 0.5,Over,999,0.5,,1,,,,,True,51,12891.05,0.99,0.999,0.9801,0.0971,0,0,0,0,0,0,49,12021.43,49,12021.43,51,12891.05,[]
total_under_loss_ge2,60,2026-06-14,Côte d'Ivoire vs. Ecuador,1-0,1,Côte d'Ivoire,Côte d'Ivoire vs. Ecuador: O/U 2.5,Under,2,2.5,,1,,,,,,2,73.05,0.999,0.999,0.0971,0.0971,0,0,0,0,0,0,0,0,0,0,2,73.05,[]
total_under_loss_ge2,120,2026-06-14,Côte d'Ivoire vs. Ecuador,1-0,1,Côte d'Ivoire,Côte d'Ivoire vs. Ecuador: O/U 2.5,Under,2,2.5,,1,,,,,,3,144.47,0.999,0.999,0.0971,0.0971,0,0,0,0,0,0,0,0,0,0,3,144.47,[]
total_under_loss_ge2,180,2026-06-14,Côte d'Ivoire vs. Ecuador,1-0,1,Côte d'Ivoire,Côte d'Ivoire vs. Ecuador: O/U 2.5,Under,2,2.5,,1,,,,,,3,144.47,0.999,0.999,0.0971,0.0971,0,0,0,0,0,0,0,0,0,0,3,144.47,[]
total_under_loss_ge2,300,2026-06-14,Côte d'Ivoire vs. Ecuador,1-0,1,Côte d'Ivoire,Côte d'Ivoire vs. Ecuador: O/U 2.5,Under,2,2.5,,1,,,,,,8,675.9,0.994,0.999,0.5856,0.0971,0,0,0,0,0,0,0,0,1,17.24,8,675.9,[]
total_under_loss_ge2,480,2026-06-14,Côte d'Ivoire vs. Ecuador,1-0,1,Côte d'Ivoire,Côte d'Ivoire vs. Ecuador: O/U 2.5,Under,2,2.5,,1,,,,,,17,2269.21,0.99,0.999,0.9801,0.0971,0,0,0,0,0,0,1,90.95,10,1610.55,17,2269.21,[]
team_total_under_loss_ge2,60,2026-06-15,Sweden vs. Tunisia,5-1,4,Sweden,Sweden vs. Tunisia: Tunisia O/U 2.5,Under,2,2.5,,,Tunisia,1,,,,0,0,,,,,0,0,0,0,0,0,0,0,0,0,0,0,[]
team_total_under_loss_ge2,120,2026-06-15,Sweden vs. Tunisia,5-1,4,Sweden,Sweden vs. Tunisia: Tunisia O/U 2.5,Under,2,2.5,,,Tunisia,1,,,,1,4.45,0.999,0.999,0.0971,0.0971,0,0,0,0,0,0,0,0,0,0,1,4.45,[]
team_total_under_loss_ge2,180,2026-06-15,Sweden vs. Tunisia,5-1,4,Sweden,Sweden vs. Tunisia: Tunisia O/U 2.5,Under,2,2.5,,,Tunisia,1,,,,1,4.45,0.999,0.999,0.0971,0.0971,0,0,0,0,0,0,0,0,0,0,1,4.45,[]
team_total_under_loss_ge2,300,2026-06-15,Sweden vs. Tunisia,5-1,4,Sweden,Sweden vs. Tunisia: Tunisia O/U 2.5,Under,2,2.5,,,Tunisia,1,,,,1,4.45,0.999,0.999,0.0971,0.0971,0,0,0,0,0,0,0,0,0,0,1,4.45,[]
team_total_under_loss_ge2,480,2026-06-15,Sweden vs. Tunisia,5-1,4,Sweden,Sweden vs. Tunisia: Tunisia O/U 2.5,Under,2,2.5,,,Tunisia,1,,,,3,7072.45,0.999,0.999,0.0971,0.0971,0,0,0,0,0,0,0,0,0,0,3,7072.45,[]
team_total_over_locked,60,2026-06-15,Sweden vs. Tunisia,5-1,4,Sweden,Sweden vs. Tunisia: Tunisia O/U 0.5,Over,999,0.5,,,Tunisia,1,,,True,0,0,,,,,0,0,0,0,0,0,0,0,0,0,0,0,[]
team_total_over_locked,120,2026-06-15,Sweden vs. Tunisia,5-1,4,Sweden,Sweden vs. Tunisia: Tunisia O/U 0.5,Over,999,0.5,,,Tunisia,1,,,True,2,155.11,0.999,0.999,0.0971,0.0971,0,0,0,0,0,0,0,0,0,0,2,155.11,[]
team_total_over_locked,180,2026-06-15,Sweden vs. Tunisia,5-1,4,Sweden,Sweden vs. Tunisia: Tunisia O/U 0.5,Over,999,0.5,,,Tunisia,1,,,True,2,155.11,0.999,0.999,0.0971,0.0971,0,0,0,0,0,0,0,0,0,0,2,155.11,[]
team_total_over_locked,300,2026-06-15,Sweden vs. Tunisia,5-1,4,Sweden,Sweden vs. Tunisia: Tunisia O/U 0.5,Over,999,0.5,,,Tunisia,1,,,True,2,155.11,0.999,0.999,0.0971,0.0971,0,0,0,0,0,0,0,0,0,0,2,155.11,[]
team_total_over_locked,480,2026-06-15,Sweden vs. Tunisia,5-1,4,Sweden,Sweden vs. Tunisia: Tunisia O/U 0.5,Over,999,0.5,,,Tunisia,1,,,True,2,155.11,0.999,0.999,0.0971,0.0971,0,0,0,0,0,0,0,0,0,0,2,155.11,[]
draw_no_lead_ge2,60,2026-06-15,Sweden vs. Tunisia,5-1,4,Sweden,Will Sweden vs. Tunisia end in a draw?,No,4,,,,,,,,,4,295.78,0.999,0.999,0.0971,0.0971,0,0,0,0,0,0,0,0,0,0,4,295.78,[]
draw_no_lead_ge2,120,2026-06-15,Sweden vs. Tunisia,5-1,4,Sweden,Will Sweden vs. Tunisia end in a draw?,No,4,,,,,,,,,6,308.27,0.999,0.999,0.0971,0.0971,0,0,0,0,0,0,0,0,0,0,6,308.27,[]
draw_no_lead_ge2,180,2026-06-15,Sweden vs. Tunisia,5-1,4,Sweden,Will Sweden vs. Tunisia end in a draw?,No,4,,,,,,,,,6,308.27,0.999,0.999,0.0971,0.0971,0,0,0,0,0,0,0,0,0,0,6,308.27,[]
draw_no_lead_ge2,300,2026-06-15,Sweden vs. Tunisia,5-1,4,Sweden,Will Sweden vs. Tunisia end in a draw?,No,4,,,,,,,,,6,308.27,0.999,0.999,0.0971,0.0971,0,0,0,0,0,0,0,0,0,0,6,308.27,[]
draw_no_lead_ge2,480,2026-06-15,Sweden vs. Tunisia,5-1,4,Sweden,Will Sweden vs. Tunisia end in a draw?,No,4,,,,,,,,,8,1322.15,0.999,0.999,0.0971,0.0971,0,0,0,0,0,0,0,0,0,0,8,1322.15,[]
loser_no,60,2026-06-15,Sweden vs. Tunisia,5-1,4,Sweden,Will Tunisia win on 2026-06-14?,No,5,,,,,,Tunisia,,,1,1.07,0.999,0.999,0.0971,0.0971,0,0,0,0,0,0,0,0,0,0,1,1.07,[]
loser_no,120,2026-06-15,Sweden vs. Tunisia,5-1,4,Sweden,Will Tunisia win on 2026-06-14?,No,5,,,,,,Tunisia,,,2,7.39,0.999,0.999,0.0971,0.0971,0,0,0,0,0,0,0,0,0,0,2,7.39,[]
loser_no,180,2026-06-15,Sweden vs. Tunisia,5-1,4,Sweden,Will Tunisia win on 2026-06-14?,No,5,,,,,,Tunisia,,,3,1007.39,0.999,0.999,0.0971,0.0971,0,0,0,0,0,0,0,0,0,0,3,1007.39,[]
loser_no,300,2026-06-15,Sweden vs. Tunisia,5-1,4,Sweden,Will Tunisia win on 2026-06-14?,No,5,,,,,,Tunisia,,,4,1977.07,0.999,0.999,0.0971,0.0971,0,0,0,0,0,0,0,0,0,0,4,1977.07,[]
loser_no,480,2026-06-15,Sweden vs. Tunisia,5-1,4,Sweden,Will Tunisia win on 2026-06-14?,No,5,,,,,,Tunisia,,,7,2814.52,0.999,0.999,0.0971,0.0971,0,0,0,0,0,0,0,0,0,0,7,2814.52,[]
leader_yes_lead_ge2,60,2026-06-15,Sweden vs. Tunisia,5-1,4,Sweden,Will Sweden win on 2026-06-14?,Yes,4,,,,,,,,,32,36406.43,0.999,0.999,0.0971,0.0971,0,0,0,0,0,0,0,0,0,0,32,36406.43,[]
leader_yes_lead_ge2,120,2026-06-15,Sweden vs. Tunisia,5-1,4,Sweden,Will Sweden win on 2026-06-14?,Yes,4,,,,,,,,,62,41485.03,0.999,0.999,0.0971,0.0971,0,0,0,0,0,0,0,0,0,0,62,41485.03,[]
leader_yes_lead_ge2,180,2026-06-15,Sweden vs. Tunisia,5-1,4,Sweden,Will Sweden win on 2026-06-14?,Yes,4,,,,,,,,,95,56665.18,0.999,0.999,0.0971,0.0971,0,0,0,0,0,0,0,0,0,0,95,56665.18,[]
leader_yes_lead_ge2,300,2026-06-15,Sweden vs. Tunisia,5-1,4,Sweden,Will Sweden win on 2026-06-14?,Yes,4,,,,,,,,,151,64677.92,0.999,0.999,0.0971,0.0971,0,0,0,0,0,0,0,0,0,0,151,64677.92,[]
leader_yes_lead_ge2,480,2026-06-15,Sweden vs. Tunisia,5-1,4,Sweden,Will Sweden win on 2026-06-14?,Yes,4,,,,,,,,,246,98261.31,0.999,0.999,0.0971,0.0971,0,0,0,0,0,0,0,0,0,0,246,98261.31,[]
total_over_locked,60,2026-06-15,Sweden vs. Tunisia,5-1,4,Sweden,Sweden vs. Tunisia: O/U 5.5,Over,999,5.5,,6,,,,,True,18,2634.0,0.999,0.999,0.0971,0.0971,0,0,0,0,0,0,0,0,0,0,18,2634.0,[]
total_over_locked,120,2026-06-15,Sweden vs. Tunisia,5-1,4,Sweden,Sweden vs. Tunisia: O/U 5.5,Over,999,5.5,,6,,,,,True,115,33325.957004,0.5,0.999,98.5,0.0971,10,1065.815269,36,6659.427642,43,7168.385742,82,20865.647004,82,20865.647004,115,33325.957004,[]
total_over_locked,180,2026-06-15,Sweden vs. Tunisia,5-1,4,Sweden,Sweden vs. Tunisia: O/U 5.5,Over,999,5.5,,6,,,,,True,168,39124.358963,0.05799995309564932,0.999,1621.3133,0.0971,63,6864.217228,89,12457.829601,96,12966.787701,135,26664.048963,135,26664.048963,168,39124.358963,[]
total_over_locked,300,2026-06-15,Sweden vs. Tunisia,5-1,4,Sweden,Sweden vs. Tunisia: O/U 5.5,Over,999,5.5,,6,,,,,True,318,53975.769828,0.05799995309564932,0.999,1621.3133,0.0971,213,21715.628093,239,27309.240466,246,27818.198566,285,41515.459828,285,41515.459828,318,53975.769828,[]
total_over_locked,480,2026-06-15,Sweden vs. Tunisia,5-1,4,Sweden,Sweden vs. Tunisia: O/U 5.5,Over,999,5.5,,6,,,,,True,539,80692.087572,0.05799995309564932,0.999,1621.3133,0.0971,434,48431.945837,460,54025.55821,467,54534.51631,506,68231.777572,506,68231.777572,539,80692.087572,[]
spread_tight_loss_ge2,60,2026-06-15,Sweden vs. Tunisia,5-1,4,Sweden,Spread: Sweden (-2.5),Sweden,2,-2.5,3,,,,,favorite_cover,,4,1060.7,0.99,0.99,0.9801,0.9801,0,0,0,0,0,0,4,1060.7,4,1060.7,4,1060.7,[]
spread_tight_loss_ge2,120,2026-06-15,Sweden vs. Tunisia,5-1,4,Sweden,Spread: Sweden (-2.5),Sweden,2,-2.5,3,,,,,favorite_cover,,43,4152.66,0.97,0.99,3.0028,0.9801,0,0,12,537.0,12,537.0,43,4152.66,43,4152.66,43,4152.66,[]
spread_tight_loss_ge2,180,2026-06-15,Sweden vs. Tunisia,5-1,4,Sweden,Spread: Sweden (-2.5),Sweden,2,-2.5,3,,,,,favorite_cover,,108,6409.427149,0.96,0.99,4.0467,0.9801,0,0,72,2085.974633,75,2382.134633,108,6409.427149,108,6409.427149,108,6409.427149,[]
spread_tight_loss_ge2,300,2026-06-15,Sweden vs. Tunisia,5-1,4,Sweden,Spread: Sweden (-2.5),Sweden,2,-2.5,3,,,,,favorite_cover,,215,11029.087917,0.85,0.99,17.1971,0.9801,107,4619.660768,179,6705.635401,182,7001.795401,215,11029.087917,215,11029.087917,215,11029.087917,[]
spread_tight_loss_ge2,480,2026-06-15,Sweden vs. Tunisia,5-1,4,Sweden,Spread: Sweden (-2.5),Sweden,2,-2.5,3,,,,,favorite_cover,,303,23715.603946,0.84,0.99,18.5676,0.9801,194,16785.343472,267,19392.15143,270,19688.31143,303,23715.603946,303,23715.603946,303,23715.603946,[]
spread_tight_loss_ge2,60,2026-06-15,Spain vs. Cabo Verde,0-0,0,,Spread: Spain (-1.5),Cabo Verde,2,1.5,2,,,,,other_side,,3,410.2,0.99,0.99,0.9801,0.9801,0,0,0,0,0,0,3,410.2,3,410.2,3,410.2,[]
spread_tight_loss_ge2,120,2026-06-15,Spain vs. Cabo Verde,0-0,0,,Spread: Spain (-1.5),Cabo Verde,2,1.5,2,,,,,other_side,,6,468.63,0.99,0.99,0.9801,0.9801,0,0,0,0,0,0,6,468.63,6,468.63,6,468.63,[]
spread_tight_loss_ge2,180,2026-06-15,Spain vs. Cabo Verde,0-0,0,,Spread: Spain (-1.5),Cabo Verde,2,1.5,2,,,,,other_side,,9,662.23,0.99,0.99,0.9801,0.9801,0,0,0,0,0,0,9,662.23,9,662.23,9,662.23,[]
spread_tight_loss_ge2,300,2026-06-15,Spain vs. Cabo Verde,0-0,0,,Spread: Spain (-1.5),Cabo Verde,2,1.5,2,,,,,other_side,,13,1065.88,0.99,0.99,0.9801,0.9801,0,0,0,0,0,0,13,1065.88,13,1065.88,13,1065.88,[]
spread_tight_loss_ge2,480,2026-06-15,Spain vs. Cabo Verde,0-0,0,,Spread: Spain (-1.5),Cabo Verde,2,1.5,2,,,,,other_side,,18,1900.86,0.99,0.99,0.9801,0.9801,0,0,0,0,0,0,18,1900.86,18,1900.86,18,1900.86,[]
team_total_under_loss_ge2,60,2026-06-15,Spain vs. Cabo Verde,0-0,0,,Spain vs. Cabo Verde: Spain O/U 1.5,Under,2,1.5,,,Spain,0,,,,4,80.32,0.99,0.99,0.9801,0.9801,0,0,0,0,0,0,4,80.32,4,80.32,4,80.32,[]
team_total_under_loss_ge2,120,2026-06-15,Spain vs. Cabo Verde,0-0,0,,Spain vs. Cabo Verde: Spain O/U 1.5,Under,2,1.5,,,Spain,0,,,,7,414.65,0.99,0.99,0.9801,0.9801,0,0,0,0,0,0,7,414.65,7,414.65,7,414.65,[]
team_total_under_loss_ge2,180,2026-06-15,Spain vs. Cabo Verde,0-0,0,,Spain vs. Cabo Verde: Spain O/U 1.5,Under,2,1.5,,,Spain,0,,,,8,438.45,0.99,0.99,0.9801,0.9801,0,0,0,0,0,0,8,438.45,8,438.45,8,438.45,[]
team_total_under_loss_ge2,300,2026-06-15,Spain vs. Cabo Verde,0-0,0,,Spain vs. Cabo Verde: Spain O/U 1.5,Under,2,1.5,,,Spain,0,,,,9,449.02,0.99,0.99,0.9801,0.9801,0,0,0,0,0,0,9,449.02,9,449.02,9,449.02,[]
team_total_under_loss_ge2,480,2026-06-15,Spain vs. Cabo Verde,0-0,0,,Spain vs. Cabo Verde: Spain O/U 1.5,Under,2,1.5,,,Spain,0,,,,9,449.02,0.99,0.99,0.9801,0.9801,0,0,0,0,0,0,9,449.02,9,449.02,9,449.02,[]
btts_yes_locked,60,2026-06-15,Sweden vs. Tunisia,5-1,4,Sweden,Sweden vs. Tunisia: Both Teams to Score,Yes,999,,,,,,,,True,0,0,,,,,0,0,0,0,0,0,0,0,0,0,0,0,[]
btts_yes_locked,120,2026-06-15,Sweden vs. Tunisia,5-1,4,Sweden,Sweden vs. Tunisia: Both Teams to Score,Yes,999,,,,,,,,True,0,0,,,,,0,0,0,0,0,0,0,0,0,0,0,0,[]
btts_yes_locked,180,2026-06-15,Sweden vs. Tunisia,5-1,4,Sweden,Sweden vs. Tunisia: Both Teams to Score,Yes,999,,,,,,,,True,1,5.93,0.999,0.999,0.0971,0.0971,0,0,0,0,0,0,0,0,0,0,1,5.93,[]
btts_yes_locked,300,2026-06-15,Sweden vs. Tunisia,5-1,4,Sweden,Sweden vs. Tunisia: Both Teams to Score,Yes,999,,,,,,,,True,2,7.97,0.999,0.999,0.0971,0.0971,0,0,0,0,0,0,0,0,0,0,2,7.97,[]
btts_yes_locked,480,2026-06-15,Sweden vs. Tunisia,5-1,4,Sweden,Sweden vs. Tunisia: Both Teams to Score,Yes,999,,,,,,,,True,3,66.21,0.999,0.999,0.0971,0.0971,0,0,0,0,0,0,0,0,0,0,3,66.21,[]
total_under_loss_ge2,60,2026-06-15,Spain vs. Cabo Verde,0-0,0,,Spain vs. Cabo Verde: O/U 1.5,Under,2,1.5,,0,,,,,,5,533.28,0.99,0.99,0.9801,0.9801,0,0,0,0,0,0,5,533.28,5,533.28,5,533.28,[]
total_under_loss_ge2,120,2026-06-15,Spain vs. Cabo Verde,0-0,0,,Spain vs. Cabo Verde: O/U 1.5,Under,2,1.5,,0,,,,,,17,23276.28,0.99,0.99,0.9801,0.9801,0,0,0,0,0,0,17,23276.28,17,23276.28,17,23276.28,[]
total_under_loss_ge2,180,2026-06-15,Spain vs. Cabo Verde,0-0,0,,Spain vs. Cabo Verde: O/U 1.5,Under,2,1.5,,0,,,,,,24,33479.94,0.99,0.99,0.9801,0.9801,0,0,0,0,0,0,24,33479.94,24,33479.94,24,33479.94,[]
total_under_loss_ge2,300,2026-06-15,Spain vs. Cabo Verde,0-0,0,,Spain vs. Cabo Verde: O/U 1.5,Under,2,1.5,,0,,,,,,35,34028.24,0.99,0.99,0.9801,0.9801,0,0,0,0,0,0,35,34028.24,35,34028.24,35,34028.24,[]
total_under_loss_ge2,480,2026-06-15,Spain vs. Cabo Verde,0-0,0,,Spain vs. Cabo Verde: O/U 1.5,Under,2,1.5,,0,,,,,,46,36658.8877,0.98,0.99,1.9808,0.9801,0,0,0,0,2,1974.05,46,36658.8877,46,36658.8877,46,36658.8877,[]
team_total_under_loss_ge2,60,2026-06-15,Belgium vs. Egypt,1-1,0,,Belgium vs. Egypt: Egypt O/U 2.5,Under,2,2.5,,,Egypt,1,,,,0,0,,,,,0,0,0,0,0,0,0,0,0,0,0,0,[]
team_total_under_loss_ge2,120,2026-06-15,Belgium vs. Egypt,1-1,0,,Belgium vs. Egypt: Egypt O/U 2.5,Under,2,2.5,,,Egypt,1,,,,0,0,,,,,0,0,0,0,0,0,0,0,0,0,0,0,[]
team_total_under_loss_ge2,180,2026-06-15,Belgium vs. Egypt,1-1,0,,Belgium vs. Egypt: Egypt O/U 2.5,Under,2,2.5,,,Egypt,1,,,,0,0,,,,,0,0,0,0,0,0,0,0,0,0,0,0,[]
team_total_under_loss_ge2,300,2026-06-15,Belgium vs. Egypt,1-1,0,,Belgium vs. Egypt: Egypt O/U 2.5,Under,2,2.5,,,Egypt,1,,,,0,0,,,,,0,0,0,0,0,0,0,0,0,0,0,0,[]
team_total_under_loss_ge2,480,2026-06-15,Belgium vs. Egypt,1-1,0,,Belgium vs. Egypt: Egypt O/U 2.5,Under,2,2.5,,,Egypt,1,,,,2,478.0,0.998,0.9985454545454545,0.1944,0.1413,0,0,0,0,0,0,0,0,0,0,2,478.0,[]
team_total_over_locked,60,2026-06-15,Belgium vs. Egypt,1-1,0,,Belgium vs. Egypt: Egypt O/U 0.5,Over,999,0.5,,,Egypt,1,,,True,0,0,,,,,0,0,0,0,0,0,0,0,0,0,0,0,[]
team_total_over_locked,120,2026-06-15,Belgium vs. Egypt,1-1,0,,Belgium vs. Egypt: Egypt O/U 0.5,Over,999,0.5,,,Egypt,1,,,True,0,0,,,,,0,0,0,0,0,0,0,0,0,0,0,0,[]
team_total_over_locked,180,2026-06-15,Belgium vs. Egypt,1-1,0,,Belgium vs. Egypt: Egypt O/U 0.5,Over,999,0.5,,,Egypt,1,,,True,0,0,,,,,0,0,0,0,0,0,0,0,0,0,0,0,[]
team_total_over_locked,300,2026-06-15,Belgium vs. Egypt,1-1,0,,Belgium vs. Egypt: Egypt O/U 0.5,Over,999,0.5,,,Egypt,1,,,True,0,0,,,,,0,0,0,0,0,0,0,0,0,0,0,0,[]
team_total_over_locked,480,2026-06-15,Belgium vs. Egypt,1-1,0,,Belgium vs. Egypt: Egypt O/U 0.5,Over,999,0.5,,,Egypt,1,,,True,0,0,,,,,0,0,0,0,0,0,0,0,0,0,0,0,[]
spread_tight_loss_ge2,60,2026-06-15,Belgium vs. Egypt,1-1,0,,Spread: Belgium (-1.5),Egypt,2,1.5,2,,,,,other_side,,0,0,,,,,0,0,0,0,0,0,0,0,0,0,0,0,[]
spread_tight_loss_ge2,120,2026-06-15,Belgium vs. Egypt,1-1,0,,Spread: Belgium (-1.5),Egypt,2,1.5,2,,,,,other_side,,1,31.25,0.99,0.99,0.9801,0.9801,0,0,0,0,0,0,1,31.25,1,31.25,1,31.25,[]
spread_tight_loss_ge2,180,2026-06-15,Belgium vs. Egypt,1-1,0,,Spread: Belgium (-1.5),Egypt,2,1.5,2,,,,,other_side,,1,31.25,0.99,0.99,0.9801,0.9801,0,0,0,0,0,0,1,31.25,1,31.25,1,31.25,[]
spread_tight_loss_ge2,300,2026-06-15,Belgium vs. Egypt,1-1,0,,Spread: Belgium (-1.5),Egypt,2,1.5,2,,,,,other_side,,1,31.25,0.99,0.99,0.9801,0.9801,0,0,0,0,0,0,1,31.25,1,31.25,1,31.25,[]
spread_tight_loss_ge2,480,2026-06-15,Belgium vs. Egypt,1-1,0,,Spread: Belgium (-1.5),Egypt,2,1.5,2,,,,,other_side,,7,849.1701,0.98,0.99,1.9808,0.9801,0,0,0,0,3,72.73,7,849.1701,7,849.1701,7,849.1701,[]
total_under_loss_ge2,60,2026-06-15,Belgium vs. Egypt,1-1,0,,Belgium vs. Egypt: O/U 3.5,Under,2,3.5,,2,,,,,,0,0,,,,,0,0,0,0,0,0,0,0,0,0,0,0,[]
total_under_loss_ge2,120,2026-06-15,Belgium vs. Egypt,1-1,0,,Belgium vs. Egypt: O/U 3.5,Under,2,3.5,,2,,,,,,0,0,,,,,0,0,0,0,0,0,0,0,0,0,0,0,[]
total_under_loss_ge2,180,2026-06-15,Belgium vs. Egypt,1-1,0,,Belgium vs. Egypt: O/U 3.5,Under,2,3.5,,2,,,,,,0,0,,,,,0,0,0,0,0,0,0,0,0,0,0,0,[]
total_under_loss_ge2,300,2026-06-15,Belgium vs. Egypt,1-1,0,,Belgium vs. Egypt: O/U 3.5,Under,2,3.5,,2,,,,,,19,3429.871008,0.98,0.99,1.9808,0.9801,0,0,0,0,3,4.98,19,3429.871008,19,3429.871008,19,3429.871008,[]
total_under_loss_ge2,480,2026-06-15,Belgium vs. Egypt,1-1,0,,Belgium vs. Egypt: O/U 3.5,Under,2,3.5,,2,,,,,,36,4935.185869,0.97,0.99,3.0028,0.9801,0,0,2,78.66,17,1211.95355,36,4935.185869,36,4935.185869,36,4935.185869,[]
team_total_under_loss_ge2,60,2026-06-15,Saudi Arabia vs. Uruguay,1-1,0,,Saudi Arabia vs. Uruguay: Saudi Arabia O/U 2.5,Under,2,2.5,,,Saudi Arabia,1,,,,1,107.0,0.999,0.999,0.0971,0.0971,0,0,0,0,0,0,0,0,0,0,1,107.0,[]
team_total_under_loss_ge2,120,2026-06-15,Saudi Arabia vs. Uruguay,1-1,0,,Saudi Arabia vs. Uruguay: Saudi Arabia O/U 2.5,Under,2,2.5,,,Saudi Arabia,1,,,,1,107.0,0.999,0.999,0.0971,0.0971,0,0,0,0,0,0,0,0,0,0,1,107.0,[]
team_total_under_loss_ge2,180,2026-06-15,Saudi Arabia vs. Uruguay,1-1,0,,Saudi Arabia vs. Uruguay: Saudi Arabia O/U 2.5,Under,2,2.5,,,Saudi Arabia,1,,,,1,107.0,0.999,0.999,0.0971,0.0971,0,0,0,0,0,0,0,0,0,0,1,107.0,[]
team_total_under_loss_ge2,300,2026-06-15,Saudi Arabia vs. Uruguay,1-1,0,,Saudi Arabia vs. Uruguay: Saudi Arabia O/U 2.5,Under,2,2.5,,,Saudi Arabia,1,,,,1,107.0,0.999,0.999,0.0971,0.0971,0,0,0,0,0,0,0,0,0,0,1,107.0,[]
team_total_under_loss_ge2,480,2026-06-15,Saudi Arabia vs. Uruguay,1-1,0,,Saudi Arabia vs. Uruguay: Saudi Arabia O/U 2.5,Under,2,2.5,,,Saudi Arabia,1,,,,1,107.0,0.999,0.999,0.0971,0.0971,0,0,0,0,0,0,0,0,0,0,1,107.0,[]
total_over_locked,60,2026-06-15,Belgium vs. Egypt,1-1,0,,Belgium vs. Egypt: O/U 1.5,Over,999,1.5,,2,,,,,True,5,1406.56,0.999,0.999,0.0971,0.0971,0,0,0,0,0,0,0,0,0,0,5,1406.56,[]
total_over_locked,120,2026-06-15,Belgium vs. Egypt,1-1,0,,Belgium vs. Egypt: O/U 1.5,Over,999,1.5,,2,,,,,True,6,2189.22,0.999,0.999,0.0971,0.0971,0,0,0,0,0,0,0,0,0,0,6,2189.22,[]
total_over_locked,180,2026-06-15,Belgium vs. Egypt,1-1,0,,Belgium vs. Egypt: O/U 1.5,Over,999,1.5,,2,,,,,True,8,3194.25,0.999,0.999,0.0971,0.0971,0,0,0,0,0,0,0,0,0,0,8,3194.25,[]
total_over_locked,300,2026-06-15,Belgium vs. Egypt,1-1,0,,Belgium vs. Egypt: O/U 1.5,Over,999,1.5,,2,,,,,True,10,3268.34,0.999,0.999,0.0971,0.0971,0,0,0,0,0,0,0,0,0,0,10,3268.34,[]
total_over_locked,480,2026-06-15,Belgium vs. Egypt,1-1,0,,Belgium vs. Egypt: O/U 1.5,Over,999,1.5,,2,,,,,True,15,4704.1,0.999,0.999,0.0971,0.0971,0,0,0,0,0,0,0,0,0,0,15,4704.1,[]
total_under_loss_ge2,60,2026-06-15,Saudi Arabia vs. Uruguay,1-1,0,,Saudi Arabia vs. Uruguay: O/U 3.5,Under,2,3.5,,2,,,,,,3,3271.5,0.999,0.999,0.0971,0.0971,0,0,0,0,0,0,0,0,0,0,3,3271.5,[]
total_under_loss_ge2,120,2026-06-15,Saudi Arabia vs. Uruguay,1-1,0,,Saudi Arabia vs. Uruguay: O/U 3.5,Under,2,3.5,,2,,,,,,4,3315.5,0.99,0.999,0.9801,0.0971,0,0,0,0,0,0,1,44.0,1,44.0,4,3315.5,[]
total_under_loss_ge2,180,2026-06-15,Saudi Arabia vs. Uruguay,1-1,0,,Saudi Arabia vs. Uruguay: O/U 3.5,Under,2,3.5,,2,,,,,,4,3315.5,0.99,0.999,0.9801,0.0971,0,0,0,0,0,0,1,44.0,1,44.0,4,3315.5,[]
total_under_loss_ge2,300,2026-06-15,Saudi Arabia vs. Uruguay,1-1,0,,Saudi Arabia vs. Uruguay: O/U 3.5,Under,2,3.5,,2,,,,,,7,4242.17,0.99,0.999,0.9801,0.0971,0,0,0,0,0,0,4,970.67,4,970.67,7,4242.17,[]
total_under_loss_ge2,480,2026-06-15,Saudi Arabia vs. Uruguay,1-1,0,,Saudi Arabia vs. Uruguay: O/U 3.5,Under,2,3.5,,2,,,,,,21,5425.8,0.95,0.999,5.1132,0.0971,2,146.4,8,594.62,8,594.62,18,2154.3,18,2154.3,21,5425.8,[]
btts_yes_locked,60,2026-06-15,Belgium vs. Egypt,1-1,0,,Belgium vs. Egypt: Both Teams to Score,Yes,999,,,,,,,,True,4,33.88,0.999,0.999,0.0971,0.0971,0,0,0,0,0,0,0,0,0,0,4,33.88,[]
btts_yes_locked,120,2026-06-15,Belgium vs. Egypt,1-1,0,,Belgium vs. Egypt: Both Teams to Score,Yes,999,,,,,,,,True,4,33.88,0.999,0.999,0.0971,0.0971,0,0,0,0,0,0,0,0,0,0,4,33.88,[]
btts_yes_locked,180,2026-06-15,Belgium vs. Egypt,1-1,0,,Belgium vs. Egypt: Both Teams to Score,Yes,999,,,,,,,,True,8,106.87,0.999,0.999,0.0971,0.0971,0,0,0,0,0,0,0,0,0,0,8,106.87,[]
btts_yes_locked,300,2026-06-15,Belgium vs. Egypt,1-1,0,,Belgium vs. Egypt: Both Teams to Score,Yes,999,,,,,,,,True,12,262.2,0.999,0.999,0.0971,0.0971,0,0,0,0,0,0,0,0,0,0,12,262.2,[]
btts_yes_locked,480,2026-06-15,Belgium vs. Egypt,1-1,0,,Belgium vs. Egypt: Both Teams to Score,Yes,999,,,,,,,,True,26,3791.2,0.999,0.999,0.0971,0.0971,0,0,0,0,0,0,0,0,0,0,26,3791.2,[]
spread_tight_loss_ge2,60,2026-06-15,Saudi Arabia vs. Uruguay,1-1,0,,Spread: Saudi Arabia (-1.5),Uruguay,2,1.5,2,,,,,other_side,,0,0,,,,,0,0,0,0,0,0,0,0,0,0,0,0,[]
spread_tight_loss_ge2,120,2026-06-15,Saudi Arabia vs. Uruguay,1-1,0,,Spread: Saudi Arabia (-1.5),Uruguay,2,1.5,2,,,,,other_side,,0,0,,,,,0,0,0,0,0,0,0,0,0,0,0,0,[]
spread_tight_loss_ge2,180,2026-06-15,Saudi Arabia vs. Uruguay,1-1,0,,Spread: Saudi Arabia (-1.5),Uruguay,2,1.5,2,,,,,other_side,,0,0,,,,,0,0,0,0,0,0,0,0,0,0,0,0,[]
spread_tight_loss_ge2,300,2026-06-15,Saudi Arabia vs. Uruguay,1-1,0,,Spread: Saudi Arabia (-1.5),Uruguay,2,1.5,2,,,,,other_side,,0,0,,,,,0,0,0,0,0,0,0,0,0,0,0,0,[]
spread_tight_loss_ge2,480,2026-06-15,Saudi Arabia vs. Uruguay,1-1,0,,Spread: Saudi Arabia (-1.5),Uruguay,2,1.5,2,,,,,other_side,,0,0,,,,,0,0,0,0,0,0,0,0,0,0,0,0,[]
team_total_over_locked,60,2026-06-15,Saudi Arabia vs. Uruguay,1-1,0,,Saudi Arabia vs. Uruguay: Uruguay O/U 0.5,Over,999,0.5,,,Uruguay,1,,,True,0,0,,,,,0,0,0,0,0,0,0,0,0,0,0,0,[]
team_total_over_locked,120,2026-06-15,Saudi Arabia vs. Uruguay,1-1,0,,Saudi Arabia vs. Uruguay: Uruguay O/U 0.5,Over,999,0.5,,,Uruguay,1,,,True,0,0,,,,,0,0,0,0,0,0,0,0,0,0,0,0,[]
team_total_over_locked,180,2026-06-15,Saudi Arabia vs. Uruguay,1-1,0,,Saudi Arabia vs. Uruguay: Uruguay O/U 0.5,Over,999,0.5,,,Uruguay,1,,,True,0,0,,,,,0,0,0,0,0,0,0,0,0,0,0,0,[]
team_total_over_locked,300,2026-06-15,Saudi Arabia vs. Uruguay,1-1,0,,Saudi Arabia vs. Uruguay: Uruguay O/U 0.5,Over,999,0.5,,,Uruguay,1,,,True,1,10.0,0.999,0.999,0.0971,0.0971,0,0,0,0,0,0,0,0,0,0,1,10.0,[]
team_total_over_locked,480,2026-06-15,Saudi Arabia vs. Uruguay,1-1,0,,Saudi Arabia vs. Uruguay: Uruguay O/U 0.5,Over,999,0.5,,,Uruguay,1,,,True,1,10.0,0.999,0.999,0.0971,0.0971,0,0,0,0,0,0,0,0,0,0,1,10.0,[]
team_total_over_locked,60,2026-06-16,IR Iran vs. New Zealand,2-2,0,,IR Iran vs. New Zealand: New Zealand O/U 1.5,Over,999,1.5,,,New Zealand,2,,,True,1,3.7,0.999,0.999,0.0971,0.0971,0,0,0,0,0,0,0,0,0,0,1,3.7,[]
team_total_over_locked,120,2026-06-16,IR Iran vs. New Zealand,2-2,0,,IR Iran vs. New Zealand: New Zealand O/U 1.5,Over,999,1.5,,,New Zealand,2,,,True,1,3.7,0.999,0.999,0.0971,0.0971,0,0,0,0,0,0,0,0,0,0,1,3.7,[]
team_total_over_locked,180,2026-06-16,IR Iran vs. New Zealand,2-2,0,,IR Iran vs. New Zealand: New Zealand O/U 1.5,Over,999,1.5,,,New Zealand,2,,,True,2,260.11,0.999,0.999,0.0971,0.0971,0,0,0,0,0,0,0,0,0,0,2,260.11,[]
team_total_over_locked,300,2026-06-16,IR Iran vs. New Zealand,2-2,0,,IR Iran vs. New Zealand: New Zealand O/U 1.5,Over,999,1.5,,,New Zealand,2,,,True,2,260.11,0.999,0.999,0.0971,0.0971,0,0,0,0,0,0,0,0,0,0,2,260.11,[]
team_total_over_locked,480,2026-06-16,IR Iran vs. New Zealand,2-2,0,,IR Iran vs. New Zealand: New Zealand O/U 1.5,Over,999,1.5,,,New Zealand,2,,,True,2,260.11,0.999,0.999,0.0971,0.0971,0,0,0,0,0,0,0,0,0,0,2,260.11,[]
total_over_locked,60,2026-06-15,Saudi Arabia vs. Uruguay,1-1,0,,Saudi Arabia vs. Uruguay: O/U 1.5,Over,999,1.5,,2,,,,,True,2,3273.0,0.999,0.999,0.0971,0.0971,0,0,0,0,0,0,0,0,0,0,2,3273.0,[]
total_over_locked,120,2026-06-15,Saudi Arabia vs. Uruguay,1-1,0,,Saudi Arabia vs. Uruguay: O/U 1.5,Over,999,1.5,,2,,,,,True,3,3599.74,0.999,0.999,0.0971,0.0971,0,0,0,0,0,0,0,0,0,0,3,3599.74,[]
total_over_locked,180,2026-06-15,Saudi Arabia vs. Uruguay,1-1,0,,Saudi Arabia vs. Uruguay: O/U 1.5,Over,999,1.5,,2,,,,,True,5,4341.36,0.999,0.999,0.0971,0.0971,0,0,0,0,0,0,0,0,0,0,5,4341.36,[]
total_over_locked,300,2026-06-15,Saudi Arabia vs. Uruguay,1-1,0,,Saudi Arabia vs. Uruguay: O/U 1.5,Over,999,1.5,,2,,,,,True,7,4537.11,0.999,0.999,0.0971,0.0971,0,0,0,0,0,0,0,0,0,0,7,4537.11,[]
total_over_locked,480,2026-06-15,Saudi Arabia vs. Uruguay,1-1,0,,Saudi Arabia vs. Uruguay: O/U 1.5,Over,999,1.5,,2,,,,,True,12,6864.24,0.999,0.999,0.0971,0.0971,0,0,0,0,0,0,0,0,0,0,12,6864.24,[]
total_under_loss_ge2,60,2026-06-16,IR Iran vs. New Zealand,2-2,0,,IR Iran vs. New Zealand: O/U 5.5,Under,2,5.5,,4,,,,,,3,4153.94,0.999,0.999,0.0971,0.0971,0,0,0,0,0,0,0,0,0,0,3,4153.94,[]
total_under_loss_ge2,120,2026-06-16,IR Iran vs. New Zealand,2-2,0,,IR Iran vs. New Zealand: O/U 5.5,Under,2,5.5,,4,,,,,,6,5982.69,0.99,0.999,0.9801,0.0971,0,0,0,0,0,0,1,187.43,1,187.43,6,5982.69,[]
total_under_loss_ge2,180,2026-06-16,IR Iran vs. New Zealand,2-2,0,,IR Iran vs. New Zealand: O/U 5.5,Under,2,5.5,,4,,,,,,8,6067.69,0.99,0.999,0.9801,0.0971,0,0,0,0,0,0,3,272.43,3,272.43,8,6067.69,[]
total_under_loss_ge2,300,2026-06-16,IR Iran vs. New Zealand,2-2,0,,IR Iran vs. New Zealand: O/U 5.5,Under,2,5.5,,4,,,,,,14,8708.0884,0.971,0.999,2.8996,0.0971,0,0,0,0,2,99.8,7,476.9774,7,476.9774,14,8708.0884,[]
total_under_loss_ge2,480,2026-06-16,IR Iran vs. New Zealand,2-2,0,,IR Iran vs. New Zealand: O/U 5.5,Under,2,5.5,,4,,,,,,41,12903.890101,0.962,0.999,3.8361,0.0971,0,0,5,207.984053,20,2884.411735,34,4672.779101,34,4672.779101,41,12903.890101,[]
btts_yes_locked,60,2026-06-15,Saudi Arabia vs. Uruguay,1-1,0,,Saudi Arabia vs. Uruguay: Both Teams to Score,Yes,999,,,,,,,,True,7,1089.55,0.999,0.999,0.0971,0.0971,0,0,0,0,0,0,0,0,0,0,7,1089.55,[]
btts_yes_locked,120,2026-06-15,Saudi Arabia vs. Uruguay,1-1,0,,Saudi Arabia vs. Uruguay: Both Teams to Score,Yes,999,,,,,,,,True,8,1091.98,0.999,0.999,0.0971,0.0971,0,0,0,0,0,0,0,0,0,0,8,1091.98,[]
btts_yes_locked,180,2026-06-15,Saudi Arabia vs. Uruguay,1-1,0,,Saudi Arabia vs. Uruguay: Both Teams to Score,Yes,999,,,,,,,,True,9,1099.98,0.999,0.999,0.0971,0.0971,0,0,0,0,0,0,0,0,0,0,9,1099.98,[]
btts_yes_locked,300,2026-06-15,Saudi Arabia vs. Uruguay,1-1,0,,Saudi Arabia vs. Uruguay: Both Teams to Score,Yes,999,,,,,,,,True,14,4128.73,0.999,0.999,0.0971,0.0971,0,0,0,0,0,0,0,0,0,0,14,4128.73,[]
btts_yes_locked,480,2026-06-15,Saudi Arabia vs. Uruguay,1-1,0,,Saudi Arabia vs. Uruguay: Both Teams to Score,Yes,999,,,,,,,,True,24,4684.99,0.999,0.999,0.0971,0.0971,0,0,0,0,0,0,0,0,0,0,24,4684.99,[]
total_over_locked,60,2026-06-16,IR Iran vs. New Zealand,2-2,0,,IR Iran vs. New Zealand: O/U 3.5,Over,999,3.5,,4,,,,,True,0,0,,,,,0,0,0,0,0,0,0,0,0,0,0,0,[]
total_over_locked,120,2026-06-16,IR Iran vs. New Zealand,2-2,0,,IR Iran vs. New Zealand: O/U 3.5,Over,999,3.5,,4,,,,,True,1,10.52,0.999,0.999,0.0971,0.0971,0,0,0,0,0,0,0,0,0,0,1,10.52,[]
total_over_locked,180,2026-06-16,IR Iran vs. New Zealand,2-2,0,,IR Iran vs. New Zealand: O/U 3.5,Over,999,3.5,,4,,,,,True,1,10.52,0.999,0.999,0.0971,0.0971,0,0,0,0,0,0,0,0,0,0,1,10.52,[]
total_over_locked,300,2026-06-16,IR Iran vs. New Zealand,2-2,0,,IR Iran vs. New Zealand: O/U 3.5,Over,999,3.5,,4,,,,,True,3,56.73,0.999,0.999,0.0971,0.0971,0,0,0,0,0,0,0,0,0,0,3,56.73,[]
total_over_locked,480,2026-06-16,IR Iran vs. New Zealand,2-2,0,,IR Iran vs. New Zealand: O/U 3.5,Over,999,3.5,,4,,,,,True,7,5174.4,0.999,0.999,0.0971,0.0971,0,0,0,0,0,0,0,0,0,0,7,5174.4,[]
btts_yes_locked,60,2026-06-16,IR Iran vs. New Zealand,2-2,0,,IR Iran vs. New Zealand: Both Teams to Score,Yes,999,,,,,,,,True,1,4.54,0.999,0.999,0.0971,0.0971,0,0,0,0,0,0,0,0,0,0,1,4.54,[]
btts_yes_locked,120,2026-06-16,IR Iran vs. New Zealand,2-2,0,,IR Iran vs. New Zealand: Both Teams to Score,Yes,999,,,,,,,,True,1,4.54,0.999,0.999,0.0971,0.0971,0,0,0,0,0,0,0,0,0,0,1,4.54,[]
btts_yes_locked,180,2026-06-16,IR Iran vs. New Zealand,2-2,0,,IR Iran vs. New Zealand: Both Teams to Score,Yes,999,,,,,,,,True,1,4.54,0.999,0.999,0.0971,0.0971,0,0,0,0,0,0,0,0,0,0,1,4.54,[]
btts_yes_locked,300,2026-06-16,IR Iran vs. New Zealand,2-2,0,,IR Iran vs. New Zealand: Both Teams to Score,Yes,999,,,,,,,,True,2,1386.74,0.999,0.999,0.0971,0.0971,0,0,0,0,0,0,0,0,0,0,2,1386.74,[]
btts_yes_locked,480,2026-06-16,IR Iran vs. New Zealand,2-2,0,,IR Iran vs. New Zealand: Both Teams to Score,Yes,999,,,,,,,,True,2,1386.74,0.999,0.999,0.0971,0.0971,0,0,0,0,0,0,0,0,0,0,2,1386.74,[]
spread_tight_loss_ge2,60,2026-06-16,IR Iran vs. New Zealand,2-2,0,,Spread: IR Iran (-1.5),New Zealand,2,1.5,2,,,,,other_side,,0,0,,,,,0,0,0,0,0,0,0,0,0,0,0,0,[]
spread_tight_loss_ge2,120,2026-06-16,IR Iran vs. New Zealand,2-2,0,,Spread: IR Iran (-1.5),New Zealand,2,1.5,2,,,,,other_side,,0,0,,,,,0,0,0,0,0,0,0,0,0,0,0,0,[]
spread_tight_loss_ge2,180,2026-06-16,IR Iran vs. New Zealand,2-2,0,,Spread: IR Iran (-1.5),New Zealand,2,1.5,2,,,,,other_side,,0,0,,,,,0,0,0,0,0,0,0,0,0,0,0,0,[]
spread_tight_loss_ge2,300,2026-06-16,IR Iran vs. New Zealand,2-2,0,,Spread: IR Iran (-1.5),New Zealand,2,1.5,2,,,,,other_side,,0,0,,,,,0,0,0,0,0,0,0,0,0,0,0,0,[]
spread_tight_loss_ge2,480,2026-06-16,IR Iran vs. New Zealand,2-2,0,,Spread: IR Iran (-1.5),New Zealand,2,1.5,2,,,,,other_side,,8,603.49,0.98,0.99,1.9808,0.9801,0,0,0,0,4,165.0,8,603.49,8,603.49,8,603.49,[]
spread_tight_loss_ge2,60,2026-06-16,France vs. Senegal,3-1,2,France,Spread: Senegal (-1.5),France,4,1.5,2,,,,,other_side,,0,0,,,,,0,0,0,0,0,0,0,0,0,0,0,0,[]
spread_tight_loss_ge2,120,2026-06-16,France vs. Senegal,3-1,2,France,Spread: Senegal (-1.5),France,4,1.5,2,,,,,other_side,,0,0,,,,,0,0,0,0,0,0,0,0,0,0,0,0,[]
spread_tight_loss_ge2,180,2026-06-16,France vs. Senegal,3-1,2,France,Spread: Senegal (-1.5),France,4,1.5,2,,,,,other_side,,0,0,,,,,0,0,0,0,0,0,0,0,0,0,0,0,[]
spread_tight_loss_ge2,300,2026-06-16,France vs. Senegal,3-1,2,France,Spread: Senegal (-1.5),France,4,1.5,2,,,,,other_side,,2,129.15,0.999,0.999,0.0971,0.0971,0,0,0,0,0,0,0,0,0,0,2,129.15,[]
spread_tight_loss_ge2,480,2026-06-16,France vs. Senegal,3-1,2,France,Spread: Senegal (-1.5),France,4,1.5,2,,,,,other_side,,2,129.15,0.999,0.999,0.0971,0.0971,0,0,0,0,0,0,0,0,0,0,2,129.15,[]
loser_no,60,2026-06-16,France vs. Senegal,3-1,2,France,Will Senegal win on 2026-06-16?,No,3,,,,,,Senegal,,,7,16999.24,0.999,0.999,0.0971,0.0971,0,0,0,0,0,0,0,0,0,0,7,16999.24,[]
loser_no,120,2026-06-16,France vs. Senegal,3-1,2,France,Will Senegal win on 2026-06-16?,No,3,,,,,,Senegal,,,12,19790.52,0.999,0.999,0.0971,0.0971,0,0,0,0,0,0,0,0,0,0,12,19790.52,[]
loser_no,180,2026-06-16,France vs. Senegal,3-1,2,France,Will Senegal win on 2026-06-16?,No,3,,,,,,Senegal,,,14,30010.52,0.999,0.999,0.0971,0.0971,0,0,0,0,0,0,0,0,0,0,14,30010.52,[]
loser_no,300,2026-06-16,France vs. Senegal,3-1,2,France,Will Senegal win on 2026-06-16?,No,3,,,,,,Senegal,,,41,409184.089,0.999,0.999,0.0971,0.0971,0,0,0,0,0,0,0,0,0,0,41,409184.089,[]
loser_no,480,2026-06-16,France vs. Senegal,3-1,2,France,Will Senegal win on 2026-06-16?,No,3,,,,,,Senegal,,,53,430057.769,0.999,0.999,0.0971,0.0971,0,0,0,0,0,0,0,0,0,0,53,430057.769,[]
total_under_loss_ge2,60,2026-06-16,France vs. Senegal,3-1,2,France,France vs. Senegal: O/U 5.5,Under,2,5.5,,4,,,,,,1,1000.0,0.999,0.999,0.0971,0.0971,0,0,0,0,0,0,0,0,0,0,1,1000.0,[]
total_under_loss_ge2,120,2026-06-16,France vs. Senegal,3-1,2,France,France vs. Senegal: O/U 5.5,Under,2,5.5,,4,,,,,,1,1000.0,0.999,0.999,0.0971,0.0971,0,0,0,0,0,0,0,0,0,0,1,1000.0,[]
total_under_loss_ge2,180,2026-06-16,France vs. Senegal,3-1,2,France,France vs. Senegal: O/U 5.5,Under,2,5.5,,4,,,,,,1,1000.0,0.999,0.999,0.0971,0.0971,0,0,0,0,0,0,0,0,0,0,1,1000.0,[]
total_under_loss_ge2,300,2026-06-16,France vs. Senegal,3-1,2,France,France vs. Senegal: O/U 5.5,Under,2,5.5,,4,,,,,,1,1000.0,0.999,0.999,0.0971,0.0971,0,0,0,0,0,0,0,0,0,0,1,1000.0,[]
total_under_loss_ge2,480,2026-06-16,France vs. Senegal,3-1,2,France,France vs. Senegal: O/U 5.5,Under,2,5.5,,4,,,,,,1,1000.0,0.999,0.999,0.0971,0.0971,0,0,0,0,0,0,0,0,0,0,1,1000.0,[]
draw_no_lead_ge2,60,2026-06-16,France vs. Senegal,3-1,2,France,Will France vs. Senegal end in a draw?,No,2,,,,,,,,,0,0,,,,,0,0,0,0,0,0,0,0,0,0,0,0,[]
draw_no_lead_ge2,120,2026-06-16,France vs. Senegal,3-1,2,France,Will France vs. Senegal end in a draw?,No,2,,,,,,,,,0,0,,,,,0,0,0,0,0,0,0,0,0,0,0,0,[]
draw_no_lead_ge2,180,2026-06-16,France vs. Senegal,3-1,2,France,Will France vs. Senegal end in a draw?,No,2,,,,,,,,,8,26643.67,0.999,0.999,0.0971,0.0971,0,0,0,0,0,0,0,0,0,0,8,26643.67,[]
draw_no_lead_ge2,300,2026-06-16,France vs. Senegal,3-1,2,France,Will France vs. Senegal end in a draw?,No,2,,,,,,,,,98,81244.867431,0.9590000189830007,0.999,4.1523,0.0971,0,0,22,2517.012575,28,4970.485907,65,19709.982991,73,21255.097431,98,81244.867431,[]
draw_no_lead_ge2,480,2026-06-16,France vs. Senegal,3-1,2,France,Will France vs. Senegal end in a draw?,No,2,,,,,,,,,160,208611.995614,0.95,0.999,5.1132,0.0971,1,121.2,43,8191.181217,61,15226.329789,107,30785.393509,117,34070.507949,160,208611.995614,[]
leader_yes_lead_ge2,60,2026-06-16,France vs. Senegal,3-1,2,France,Will France win on 2026-06-16?,Yes,2,,,,,,,,,24,1949.47,0.999,0.999,0.0971,0.0971,0,0,0,0,0,0,0,0,0,0,24,1949.47,[]
leader_yes_lead_ge2,120,2026-06-16,France vs. Senegal,3-1,2,France,Will France win on 2026-06-16?,Yes,2,,,,,,,,,94,25384.92,0.999,0.999,0.0971,0.0971,0,0,0,0,0,0,0,0,0,0,94,25384.92,[]
leader_yes_lead_ge2,180,2026-06-16,France vs. Senegal,3-1,2,France,Will France win on 2026-06-16?,Yes,2,,,,,,,,,180,55286.94,0.999,0.999,0.0971,0.0971,0,0,0,0,0,0,0,0,0,0,180,55286.94,[]
leader_yes_lead_ge2,300,2026-06-16,France vs. Senegal,3-1,2,France,Will France win on 2026-06-16?,Yes,2,,,,,,,,,512,389441.660593,0.951,0.999,5.0055,0.0971,0,0,64,9744.907323,80,122380.81012,92,163339.804641,118,193186.404638,512,389441.660593,[]
leader_yes_lead_ge2,480,2026-06-16,France vs. Senegal,3-1,2,France,Will France win on 2026-06-16?,Yes,2,,,,,,,,,773,619145.941941,0.916,0.999,8.9183,0.0971,9,6407.69,119,28374.601791,154,147457.202325,222,221032.244425,250,265978.844422,773,619145.941941,[]
total_over_locked,60,2026-06-16,France vs. Senegal,3-1,2,France,France vs. Senegal: O/U 3.5,Over,999,3.5,,4,,,,,True,8,3783.37,0.999,0.999,0.0971,0.0971,0,0,0,0,0,0,0,0,0,0,8,3783.37,[]
total_over_locked,120,2026-06-16,France vs. Senegal,3-1,2,France,France vs. Senegal: O/U 3.5,Over,999,3.5,,4,,,,,True,18,6748.12,0.999,0.999,0.0971,0.0971,0,0,0,0,0,0,0,0,0,0,18,6748.12,[]
total_over_locked,180,2026-06-16,France vs. Senegal,3-1,2,France,France vs. Senegal: O/U 3.5,Over,999,3.5,,4,,,,,True,31,8873.58,0.999,0.999,0.0971,0.0971,0,0,0,0,0,0,0,0,0,0,31,8873.58,[]
total_over_locked,300,2026-06-16,France vs. Senegal,3-1,2,France,France vs. Senegal: O/U 3.5,Over,999,3.5,,4,,,,,True,221,57249.45076,0.05,0.999,1897.15,0.0971,94,21685.312078,129,26021.77512,147,28232.843805,168,39334.057842,184,41454.28076,221,57249.45076,[]
total_over_locked,480,2026-06-16,France vs. Senegal,3-1,2,France,France vs. Senegal: O/U 3.5,Over,999,3.5,,4,,,,,True,270,69434.643466,0.006,0.999,16563.6847,0.0971,143,33870.504784,178,38206.967826,196,40418.036511,217,51519.250548,233,53639.473466,270,69434.643466,[]
team_total_over_locked,60,2026-06-16,France vs. Senegal,3-1,2,France,France vs. Senegal: France O/U 2.5,Over,999,2.5,,,France,3,,,True,2,646.76,0.999,0.999,0.0971,0.0971,0,0,0,0,0,0,0,0,0,0,2,646.76,[]
team_total_over_locked,120,2026-06-16,France vs. Senegal,3-1,2,France,France vs. Senegal: France O/U 2.5,Over,999,2.5,,,France,3,,,True,4,775.32,0.999,0.999,0.0971,0.0971,0,0,0,0,0,0,0,0,0,0,4,775.32,[]
team_total_over_locked,180,2026-06-16,France vs. Senegal,3-1,2,France,France vs. Senegal: France O/U 2.5,Over,999,2.5,,,France,3,,,True,16,2677.47,0.999,0.999,0.0971,0.0971,0,0,0,0,0,0,0,0,0,0,16,2677.47,[]
team_total_over_locked,300,2026-06-16,France vs. Senegal,3-1,2,France,France vs. Senegal: France O/U 2.5,Over,999,2.5,,,France,3,,,True,67,11929.720095,0.066,0.999,1412.3495,0.0971,21,4300.128597,33,4911.830095,35,4992.970095,36,5013.170095,36,5013.170095,67,11929.720095,[]
team_total_over_locked,480,2026-06-16,France vs. Senegal,3-1,2,France,France vs. Senegal: France O/U 2.5,Over,999,2.5,,,France,3,,,True,96,15870.47439,0.061,0.999,1536.5273,0.0971,50,8240.882892,62,8852.58439,64,8933.72439,65,8953.92439,65,8953.92439,96,15870.47439,[]
btts_yes_locked,60,2026-06-16,France vs. Senegal,3-1,2,France,France vs. Senegal: Both Teams to Score,Yes,999,,,,,,,,True,21,751.73,0.999,0.999,0.0971,0.0971,0,0,0,0,0,0,0,0,0,0,21,751.73,[]
btts_yes_locked,120,2026-06-16,France vs. Senegal,3-1,2,France,France vs. Senegal: Both Teams to Score,Yes,999,,,,,,,,True,72,25424.22,0.999,0.999,0.0971,0.0971,0,0,0,0,0,0,0,0,0,0,72,25424.22,[]
btts_yes_locked,180,2026-06-16,France vs. Senegal,3-1,2,France,France vs. Senegal: Both Teams to Score,Yes,999,,,,,,,,True,119,34155.654,0.991,0.999,0.8812,0.0971,0,0,0,0,0,0,0,0,15,2005.82,119,34155.654,[]
btts_yes_locked,300,2026-06-16,France vs. Senegal,3-1,2,France,France vs. Senegal: Both Teams to Score,Yes,999,,,,,,,,True,204,46264.364,0.99,0.999,0.9801,0.0971,0,0,0,0,0,0,79,11953.72,100,14114.53,204,46264.364,[]
btts_yes_locked,480,2026-06-16,France vs. Senegal,3-1,2,France,France vs. Senegal: Both Teams to Score,Yes,999,,,,,,,,True,370,68145.843407,0.04,0.999,2397.12,0.0971,111,9908.854991,132,14270.954991,142,16494.269407,245,33835.199407,266,35996.009407,370,68145.843407,[]
team_total_under_loss_ge2,60,2026-06-16,France vs. Senegal,3-1,2,France,France vs. Senegal: Senegal O/U 2.5,Under,2,2.5,,,Senegal,1,,,,0,0,,,,,0,0,0,0,0,0,0,0,0,0,0,0,[]
team_total_under_loss_ge2,120,2026-06-16,France vs. Senegal,3-1,2,France,France vs. Senegal: Senegal O/U 2.5,Under,2,2.5,,,Senegal,1,,,,0,0,,,,,0,0,0,0,0,0,0,0,0,0,0,0,[]
team_total_under_loss_ge2,180,2026-06-16,France vs. Senegal,3-1,2,France,France vs. Senegal: Senegal O/U 2.5,Under,2,2.5,,,Senegal,1,,,,0,0,,,,,0,0,0,0,0,0,0,0,0,0,0,0,[]
team_total_under_loss_ge2,300,2026-06-16,France vs. Senegal,3-1,2,France,France vs. Senegal: Senegal O/U 2.5,Under,2,2.5,,,Senegal,1,,,,0,0,,,,,0,0,0,0,0,0,0,0,0,0,0,0,[]
team_total_under_loss_ge2,480,2026-06-16,France vs. Senegal,3-1,2,France,France vs. Senegal: Senegal O/U 2.5,Under,2,2.5,,,Senegal,1,,,,8,7600.0,0.999,0.999,0.0971,0.0971,0,0,0,0,0,0,0,0,0,0,8,7600.0,[]
draw_no_lead_ge2,60,2026-06-16,Iraq vs. Norway,1-4,3,Norway,Will Iraq vs. Norway end in a draw?,No,3,,,,,,,,,0,0,,,,,0,0,0,0,0,0,0,0,0,0,0,0,[]
draw_no_lead_ge2,120,2026-06-16,Iraq vs. Norway,1-4,3,Norway,Will Iraq vs. Norway end in a draw?,No,3,,,,,,,,,0,0,,,,,0,0,0,0,0,0,0,0,0,0,0,0,[]
draw_no_lead_ge2,180,2026-06-16,Iraq vs. Norway,1-4,3,Norway,Will Iraq vs. Norway end in a draw?,No,3,,,,,,,,,0,0,,,,,0,0,0,0,0,0,0,0,0,0,0,0,[]
draw_no_lead_ge2,300,2026-06-16,Iraq vs. Norway,1-4,3,Norway,Will Iraq vs. Norway end in a draw?,No,3,,,,,,,,,0,0,,,,,0,0,0,0,0,0,0,0,0,0,0,0,[]
draw_no_lead_ge2,480,2026-06-16,Iraq vs. Norway,1-4,3,Norway,Will Iraq vs. Norway end in a draw?,No,3,,,,,,,,,5,21025.0,0.998,0.998,0.1944,0.1944,0,0,0,0,0,0,0,0,0,0,5,21025.0,[]
total_under_loss_ge2,60,2026-06-16,Iraq vs. Norway,1-4,3,Norway,Iraq vs. Norway: O/U 6.5,Under,2,6.5,,5,,,,,,2,66.28,0.999,0.999,0.0971,0.0971,0,0,0,0,0,0,0,0,0,0,2,66.28,[]
total_under_loss_ge2,120,2026-06-16,Iraq vs. Norway,1-4,3,Norway,Iraq vs. Norway: O/U 6.5,Under,2,6.5,,5,,,,,,3,98.28,0.999,0.999,0.0971,0.0971,0,0,0,0,0,0,0,0,0,0,3,98.28,[]
total_under_loss_ge2,180,2026-06-16,Iraq vs. Norway,1-4,3,Norway,Iraq vs. Norway: O/U 6.5,Under,2,6.5,,5,,,,,,4,1119.73,0.999,0.999,0.0971,0.0971,0,0,0,0,0,0,0,0,0,0,4,1119.73,[]
total_under_loss_ge2,300,2026-06-16,Iraq vs. Norway,1-4,3,Norway,Iraq vs. Norway: O/U 6.5,Under,2,6.5,,5,,,,,,4,1119.73,0.999,0.999,0.0971,0.0971,0,0,0,0,0,0,0,0,0,0,4,1119.73,[]
total_under_loss_ge2,480,2026-06-16,Iraq vs. Norway,1-4,3,Norway,Iraq vs. Norway: O/U 6.5,Under,2,6.5,,5,,,,,,8,2015.15,0.995,0.999,0.4875,0.0971,0,0,0,0,0,0,0,0,1,46.79,8,2015.15,[]
loser_no,60,2026-06-16,Iraq vs. Norway,1-4,3,Norway,Will Iraq win on 2026-06-16?,No,4,,,,,,Iraq,,,3,173.32,0.999,0.999,0.0971,0.0971,0,0,0,0,0,0,0,0,0,0,3,173.32,[]
loser_no,120,2026-06-16,Iraq vs. Norway,1-4,3,Norway,Will Iraq win on 2026-06-16?,No,4,,,,,,Iraq,,,3,173.32,0.999,0.999,0.0971,0.0971,0,0,0,0,0,0,0,0,0,0,3,173.32,[]
loser_no,180,2026-06-16,Iraq vs. Norway,1-4,3,Norway,Will Iraq win on 2026-06-16?,No,4,,,,,,Iraq,,,5,853.59,0.999,0.999,0.0971,0.0971,0,0,0,0,0,0,0,0,0,0,5,853.59,[]
loser_no,300,2026-06-16,Iraq vs. Norway,1-4,3,Norway,Will Iraq win on 2026-06-16?,No,4,,,,,,Iraq,,,7,1809.64,0.999,0.999,0.0971,0.0971,0,0,0,0,0,0,0,0,0,0,7,1809.64,[]
loser_no,480,2026-06-16,Iraq vs. Norway,1-4,3,Norway,Will Iraq win on 2026-06-16?,No,4,,,,,,Iraq,,,9,3809.64,0.999,0.999,0.0971,0.0971,0,0,0,0,0,0,0,0,0,0,9,3809.64,[]
team_total_under_loss_ge2,60,2026-06-16,Iraq vs. Norway,1-4,3,Norway,Iraq vs. Norway: Iraq O/U 2.5,Under,2,2.5,,,Iraq,1,,,,0,0,,,,,0,0,0,0,0,0,0,0,0,0,0,0,[]
team_total_under_loss_ge2,120,2026-06-16,Iraq vs. Norway,1-4,3,Norway,Iraq vs. Norway: Iraq O/U 2.5,Under,2,2.5,,,Iraq,1,,,,0,0,,,,,0,0,0,0,0,0,0,0,0,0,0,0,[]
team_total_under_loss_ge2,180,2026-06-16,Iraq vs. Norway,1-4,3,Norway,Iraq vs. Norway: Iraq O/U 2.5,Under,2,2.5,,,Iraq,1,,,,0,0,,,,,0,0,0,0,0,0,0,0,0,0,0,0,[]
team_total_under_loss_ge2,300,2026-06-16,Iraq vs. Norway,1-4,3,Norway,Iraq vs. Norway: Iraq O/U 2.5,Under,2,2.5,,,Iraq,1,,,,0,0,,,,,0,0,0,0,0,0,0,0,0,0,0,0,[]
team_total_under_loss_ge2,480,2026-06-16,Iraq vs. Norway,1-4,3,Norway,Iraq vs. Norway: Iraq O/U 2.5,Under,2,2.5,,,Iraq,1,,,,2,17.63,0.999,0.999,0.0971,0.0971,0,0,0,0,0,0,0,0,0,0,2,17.63,[]
team_total_over_locked,60,2026-06-16,Iraq vs. Norway,1-4,3,Norway,Iraq vs. Norway: Iraq O/U 0.5,Over,999,0.5,,,Iraq,1,,,True,0,0,,,,,0,0,0,0,0,0,0,0,0,0,0,0,[]
team_total_over_locked,120,2026-06-16,Iraq vs. Norway,1-4,3,Norway,Iraq vs. Norway: Iraq O/U 0.5,Over,999,0.5,,,Iraq,1,,,True,0,0,,,,,0,0,0,0,0,0,0,0,0,0,0,0,[]
team_total_over_locked,180,2026-06-16,Iraq vs. Norway,1-4,3,Norway,Iraq vs. Norway: Iraq O/U 0.5,Over,999,0.5,,,Iraq,1,,,True,0,0,,,,,0,0,0,0,0,0,0,0,0,0,0,0,[]
team_total_over_locked,300,2026-06-16,Iraq vs. Norway,1-4,3,Norway,Iraq vs. Norway: Iraq O/U 0.5,Over,999,0.5,,,Iraq,1,,,True,0,0,,,,,0,0,0,0,0,0,0,0,0,0,0,0,[]
team_total_over_locked,480,2026-06-16,Iraq vs. Norway,1-4,3,Norway,Iraq vs. Norway: Iraq O/U 0.5,Over,999,0.5,,,Iraq,1,,,True,1,6.81,0.999,0.999,0.0971,0.0971,0,0,0,0,0,0,0,0,0,0,1,6.81,[]
leader_yes_lead_ge2,60,2026-06-16,Iraq vs. Norway,1-4,3,Norway,Will Norway win on 2026-06-16?,Yes,3,,,,,,,,,16,3515.71,0.999,0.999,0.0971,0.0971,0,0,0,0,0,0,0,0,0,0,16,3515.71,[]
leader_yes_lead_ge2,120,2026-06-16,Iraq vs. Norway,1-4,3,Norway,Will Norway win on 2026-06-16?,Yes,3,,,,,,,,,24,10000.41,0.999,0.999,0.0971,0.0971,0,0,0,0,0,0,0,0,0,0,24,10000.41,[]
leader_yes_lead_ge2,180,2026-06-16,Iraq vs. Norway,1-4,3,Norway,Will Norway win on 2026-06-16?,Yes,3,,,,,,,,,37,11049.22,0.999,0.999,0.0971,0.0971,0,0,0,0,0,0,0,0,0,0,37,11049.22,[]
leader_yes_lead_ge2,300,2026-06-16,Iraq vs. Norway,1-4,3,Norway,Will Norway win on 2026-06-16?,Yes,3,,,,,,,,,70,22339.26,0.999,0.999,0.0971,0.0971,0,0,0,0,0,0,0,0,0,0,70,22339.26,[]
leader_yes_lead_ge2,480,2026-06-16,Iraq vs. Norway,1-4,3,Norway,Will Norway win on 2026-06-16?,Yes,3,,,,,,,,,132,70803.11,0.997,0.999,0.2919,0.0971,0,0,0,0,0,0,0,0,0,0,132,70803.11,[]
spread_tight_loss_ge2,60,2026-06-16,Iraq vs. Norway,1-4,3,Norway,Spread: Norway (-1.5),Norway,2,-1.5,2,,,,,favorite_cover,,5,5080.69,0.99,0.999,0.9801,0.0971,0,0,0,0,0,0,2,21.62,2,21.62,5,5080.69,[]
spread_tight_loss_ge2,120,2026-06-16,Iraq vs. Norway,1-4,3,Norway,Spread: Norway (-1.5),Norway,2,-1.5,2,,,,,favorite_cover,,24,16570.8,0.99,0.999,0.9801,0.0971,0,0,0,0,0,0,21,11511.73,21,11511.73,24,16570.8,[]
spread_tight_loss_ge2,180,2026-06-16,Iraq vs. Norway,1-4,3,Norway,Spread: Norway (-1.5),Norway,2,-1.5,2,,,,,favorite_cover,,42,22958.889171,0.97,0.999,3.0028,0.0971,0,0,8,1742.25,15,3138.098162,39,17899.819171,39,17899.819171,42,22958.889171,[]
spread_tight_loss_ge2,300,2026-06-16,Iraq vs. Norway,1-4,3,Norway,Spread: Norway (-1.5),Norway,2,-1.5,2,,,,,favorite_cover,,112,31135.208485,0.9299998158599628,0.999,7.3169,0.0971,53,6331.852657,78,9918.569314,85,11314.417476,109,26076.138485,109,26076.138485,112,31135.208485,[]
spread_tight_loss_ge2,480,2026-06-16,Iraq vs. Norway,1-4,3,Norway,Spread: Norway (-1.5),Norway,2,-1.5,2,,,,,favorite_cover,,166,38566.317876,0.9299998158599628,0.999,7.3169,0.0971,90,9961.890898,118,14454.838705,125,15850.686867,163,33507.247876,163,33507.247876,166,38566.317876,[]
total_over_locked,60,2026-06-16,Iraq vs. Norway,1-4,3,Norway,Iraq vs. Norway: O/U 4.5,Over,999,4.5,,5,,,,,True,138,55045.282714,0.83,0.99,19.9719,0.9801,68,7116.777407,91,12422.282307,93,34303.452714,138,55045.282714,138,55045.282714,138,55045.282714,[]
total_over_locked,120,2026-06-16,Iraq vs. Norway,1-4,3,Norway,Iraq vs. Norway: O/U 4.5,Over,999,4.5,,5,,,,,True,508,193243.197834,0.05,0.99,1897.15,0.9801,394,87628.939483,453,103524.057933,459,167153.418747,508,193243.197834,508,193243.197834,508,193243.197834,[]
total_over_locked,180,2026-06-16,Iraq vs. Norway,1-4,3,Norway,Iraq vs. Norway: O/U 4.5,Over,999,4.5,,5,,,,,True,551,196265.122451,0.04,0.99,2397.12,0.9801,437,90650.8641,496,106545.98255,502,170175.343364,551,196265.122451,551,196265.122451,551,196265.122451,[]
total_over_locked,300,2026-06-16,Iraq vs. Norway,1-4,3,Norway,Iraq vs. Norway: O/U 4.5,Over,999,4.5,,5,,,,,True,640,206248.172094,0.04,0.99,2397.12,0.9801,526,100633.913743,585,116529.032193,591,180158.393007,640,206248.172094,640,206248.172094,640,206248.172094,[]
total_over_locked,480,2026-06-16,Iraq vs. Norway,1-4,3,Norway,Iraq vs. Norway: O/U 4.5,Over,999,4.5,,5,,,,,True,837,259479.405563,0.04,0.99,2397.12,0.9801,723,153865.147212,782,169760.265662,788,233389.626476,837,259479.405563,837,259479.405563,837,259479.405563,[]
draw_no_lead_ge2,60,2026-06-17,Argentina vs. Algeria,3-0,3,Argentina,Will Argentina vs. Algeria end in a draw?,No,3,,,,,,,,,0,0,,,,,0,0,0,0,0,0,0,0,0,0,0,0,[]
draw_no_lead_ge2,120,2026-06-17,Argentina vs. Algeria,3-0,3,Argentina,Will Argentina vs. Algeria end in a draw?,No,3,,,,,,,,,0,0,,,,,0,0,0,0,0,0,0,0,0,0,0,0,[]
draw_no_lead_ge2,180,2026-06-17,Argentina vs. Algeria,3-0,3,Argentina,Will Argentina vs. Algeria end in a draw?,No,3,,,,,,,,,1,10.0,0.999,0.999,0.0971,0.0971,0,0,0,0,0,0,0,0,0,0,1,10.0,[]
draw_no_lead_ge2,300,2026-06-17,Argentina vs. Algeria,3-0,3,Argentina,Will Argentina vs. Algeria end in a draw?,No,3,,,,,,,,,2,135.0,0.999,0.999,0.0971,0.0971,0,0,0,0,0,0,0,0,0,0,2,135.0,[]
draw_no_lead_ge2,480,2026-06-17,Argentina vs. Algeria,3-0,3,Argentina,Will Argentina vs. Algeria end in a draw?,No,3,,,,,,,,,3,1135.0,0.999,0.999,0.0971,0.0971,0,0,0,0,0,0,0,0,0,0,3,1135.0,[]
btts_yes_locked,60,2026-06-16,Iraq vs. Norway,1-4,3,Norway,Iraq vs. Norway: Both Teams to Score,Yes,999,,,,,,,,True,0,0,,,,,0,0,0,0,0,0,0,0,0,0,0,0,[]
btts_yes_locked,120,2026-06-16,Iraq vs. Norway,1-4,3,Norway,Iraq vs. Norway: Both Teams to Score,Yes,999,,,,,,,,True,1,276.57,0.999,0.999,0.0971,0.0971,0,0,0,0,0,0,0,0,0,0,1,276.57,[]
btts_yes_locked,180,2026-06-16,Iraq vs. Norway,1-4,3,Norway,Iraq vs. Norway: Both Teams to Score,Yes,999,,,,,,,,True,1,276.57,0.999,0.999,0.0971,0.0971,0,0,0,0,0,0,0,0,0,0,1,276.57,[]
btts_yes_locked,300,2026-06-16,Iraq vs. Norway,1-4,3,Norway,Iraq vs. Norway: Both Teams to Score,Yes,999,,,,,,,,True,2,300.96,0.999,0.999,0.0971,0.0971,0,0,0,0,0,0,0,0,0,0,2,300.96,[]
btts_yes_locked,480,2026-06-16,Iraq vs. Norway,1-4,3,Norway,Iraq vs. Norway: Both Teams to Score,Yes,999,,,,,,,,True,2,300.96,0.999,0.999,0.0971,0.0971,0,0,0,0,0,0,0,0,0,0,2,300.96,[]
total_under_loss_ge2,60,2026-06-17,Argentina vs. Algeria,3-0,3,Argentina,Argentina vs. Algeria: O/U 4.5,Under,2,4.5,,3,,,,,,1,227.81,0.999,0.999,0.0971,0.0971,0,0,0,0,0,0,0,0,0,0,1,227.81,[]
total_under_loss_ge2,120,2026-06-17,Argentina vs. Algeria,3-0,3,Argentina,Argentina vs. Algeria: O/U 4.5,Under,2,4.5,,3,,,,,,2,228.94,0.999,0.999,0.0971,0.0971,0,0,0,0,0,0,0,0,0,0,2,228.94,[]
total_under_loss_ge2,180,2026-06-17,Argentina vs. Algeria,3-0,3,Argentina,Argentina vs. Algeria: O/U 4.5,Under,2,4.5,,3,,,,,,3,3721.28,0.999,0.999,0.0971,0.0971,0,0,0,0,0,0,0,0,0,0,3,3721.28,[]
total_under_loss_ge2,300,2026-06-17,Argentina vs. Algeria,3-0,3,Argentina,Argentina vs. Algeria: O/U 4.5,Under,2,4.5,,3,,,,,,7,5453.75,0.99,0.999,0.9801,0.0971,0,0,0,0,0,0,1,691.88,3,941.88,7,5453.75,[]
total_under_loss_ge2,480,2026-06-17,Argentina vs. Algeria,3-0,3,Argentina,Argentina vs. Algeria: O/U 4.5,Under,2,4.5,,3,,,,,,17,7802.657858,0.9709999950328951,0.999,2.8996,0.0971,0,0,0,0,5,1137.172483,9,1979.562483,13,3290.787858,17,7802.657858,[]
team_total_under_loss_ge2,60,2026-06-17,Argentina vs. Algeria,3-0,3,Argentina,Argentina vs. Algeria: Algeria O/U 1.5,Under,2,1.5,,,Algeria,0,,,,1,107.98,0.999,0.999,0.0971,0.0971,0,0,0,0,0,0,0,0,0,0,1,107.98,[]
team_total_under_loss_ge2,120,2026-06-17,Argentina vs. Algeria,3-0,3,Argentina,Argentina vs. Algeria: Algeria O/U 1.5,Under,2,1.5,,,Algeria,0,,,,1,107.98,0.999,0.999,0.0971,0.0971,0,0,0,0,0,0,0,0,0,0,1,107.98,[]
team_total_under_loss_ge2,180,2026-06-17,Argentina vs. Algeria,3-0,3,Argentina,Argentina vs. Algeria: Algeria O/U 1.5,Under,2,1.5,,,Algeria,0,,,,1,107.98,0.999,0.999,0.0971,0.0971,0,0,0,0,0,0,0,0,0,0,1,107.98,[]
team_total_under_loss_ge2,300,2026-06-17,Argentina vs. Algeria,3-0,3,Argentina,Argentina vs. Algeria: Algeria O/U 1.5,Under,2,1.5,,,Algeria,0,,,,1,107.98,0.999,0.999,0.0971,0.0971,0,0,0,0,0,0,0,0,0,0,1,107.98,[]
team_total_under_loss_ge2,480,2026-06-17,Argentina vs. Algeria,3-0,3,Argentina,Argentina vs. Algeria: Algeria O/U 1.5,Under,2,1.5,,,Algeria,0,,,,1,107.98,0.999,0.999,0.0971,0.0971,0,0,0,0,0,0,0,0,0,0,1,107.98,[]
loser_no,60,2026-06-17,Argentina vs. Algeria,3-0,3,Argentina,Will Algeria win on 2026-06-16?,No,4,,,,,,Algeria,,,0,0,,,,,0,0,0,0,0,0,0,0,0,0,0,0,[]
loser_no,120,2026-06-17,Argentina vs. Algeria,3-0,3,Argentina,Will Algeria win on 2026-06-16?,No,4,,,,,,Algeria,,,0,0,,,,,0,0,0,0,0,0,0,0,0,0,0,0,[]
loser_no,180,2026-06-17,Argentina vs. Algeria,3-0,3,Argentina,Will Algeria win on 2026-06-16?,No,4,,,,,,Algeria,,,1,208.9,0.999,0.999,0.0971,0.0971,0,0,0,0,0,0,0,0,0,0,1,208.9,[]
loser_no,300,2026-06-17,Argentina vs. Algeria,3-0,3,Argentina,Will Algeria win on 2026-06-16?,No,4,,,,,,Algeria,,,2,1143.41,0.999,0.999,0.0971,0.0971,0,0,0,0,0,0,0,0,0,0,2,1143.41,[]
loser_no,480,2026-06-17,Argentina vs. Algeria,3-0,3,Argentina,Will Algeria win on 2026-06-16?,No,4,,,,,,Algeria,,,4,12717.85,0.999,0.999,0.0971,0.0971,0,0,0,0,0,0,0,0,0,0,4,12717.85,[]
spread_tight_loss_ge2,60,2026-06-17,Argentina vs. Algeria,3-0,3,Argentina,Spread: Argentina (-1.5),Argentina,2,-1.5,2,,,,,favorite_cover,,0,0,,,,,0,0,0,0,0,0,0,0,0,0,0,0,[]
spread_tight_loss_ge2,120,2026-06-17,Argentina vs. Algeria,3-0,3,Argentina,Spread: Argentina (-1.5),Argentina,2,-1.5,2,,,,,favorite_cover,,8,863.25,0.999,0.999,0.0971,0.0971,0,0,0,0,0,0,0,0,0,0,8,863.25,[]
spread_tight_loss_ge2,180,2026-06-17,Argentina vs. Algeria,3-0,3,Argentina,Spread: Argentina (-1.5),Argentina,2,-1.5,2,,,,,favorite_cover,,31,1625.78,0.992,0.999,0.7825,0.0971,0,0,0,0,0,0,0,0,5,282.08,31,1625.78,[]
spread_tight_loss_ge2,300,2026-06-17,Argentina vs. Algeria,3-0,3,Argentina,Spread: Argentina (-1.5),Argentina,2,-1.5,2,,,,,favorite_cover,,34,1748.04,0.992,0.999,0.7825,0.0971,0,0,0,0,0,0,0,0,7,398.34,34,1748.04,[]
spread_tight_loss_ge2,480,2026-06-17,Argentina vs. Algeria,3-0,3,Argentina,Spread: Argentina (-1.5),Argentina,2,-1.5,2,,,,,favorite_cover,,50,7264.691076,0.99,0.999,0.9801,0.0971,0,0,0,0,0,0,1,1861.51,18,2733.91,50,7264.691076,[]
leader_yes_lead_ge2,60,2026-06-17,Argentina vs. Algeria,3-0,3,Argentina,Will Argentina win on 2026-06-16?,Yes,3,,,,,,,,,58,1114390.09,0.999,0.999,0.0971,0.0971,0,0,0,0,0,0,0,0,0,0,58,1114390.09,[]
leader_yes_lead_ge2,120,2026-06-17,Argentina vs. Algeria,3-0,3,Argentina,Will Argentina win on 2026-06-16?,Yes,3,,,,,,,,,84,1116611.01,0.999,0.999,0.0971,0.0971,0,0,0,0,0,0,0,0,0,0,84,1116611.01,[]
leader_yes_lead_ge2,180,2026-06-17,Argentina vs. Algeria,3-0,3,Argentina,Will Argentina win on 2026-06-16?,Yes,3,,,,,,,,,116,1121065.94,0.999,0.999,0.0971,0.0971,0,0,0,0,0,0,0,0,0,0,116,1121065.94,[]
leader_yes_lead_ge2,300,2026-06-17,Argentina vs. Algeria,3-0,3,Argentina,Will Argentina win on 2026-06-16?,Yes,3,,,,,,,,,181,1131007.61,0.999,0.999,0.0971,0.0971,0,0,0,0,0,0,0,0,0,0,181,1131007.61,[]
leader_yes_lead_ge2,480,2026-06-17,Argentina vs. Algeria,3-0,3,Argentina,Will Argentina win on 2026-06-16?,Yes,3,,,,,,,,,189,1134123.61,0.999,0.999,0.0971,0.0971,0,0,0,0,0,0,0,0,0,0,189,1134123.61,[]
spread_tight_loss_ge2,60,2026-06-17,Austria vs. Jordan,3-1,2,Austria,Spread: Austria (-3.5),Jordan,2,3.5,4,,,,,other_side,,0,0,,,,,0,0,0,0,0,0,0,0,0,0,0,0,[]
spread_tight_loss_ge2,120,2026-06-17,Austria vs. Jordan,3-1,2,Austria,Spread: Austria (-3.5),Jordan,2,3.5,4,,,,,other_side,,1,20.0,0.999,0.999,0.0971,0.0971,0,0,0,0,0,0,0,0,0,0,1,20.0,[]
spread_tight_loss_ge2,180,2026-06-17,Austria vs. Jordan,3-1,2,Austria,Spread: Austria (-3.5),Jordan,2,3.5,4,,,,,other_side,,1,20.0,0.999,0.999,0.0971,0.0971,0,0,0,0,0,0,0,0,0,0,1,20.0,[]
spread_tight_loss_ge2,300,2026-06-17,Austria vs. Jordan,3-1,2,Austria,Spread: Austria (-3.5),Jordan,2,3.5,4,,,,,other_side,,1,20.0,0.999,0.999,0.0971,0.0971,0,0,0,0,0,0,0,0,0,0,1,20.0,[]
spread_tight_loss_ge2,480,2026-06-17,Austria vs. Jordan,3-1,2,Austria,Spread: Austria (-3.5),Jordan,2,3.5,4,,,,,other_side,,3,66.19,0.999,0.999,0.0971,0.0971,0,0,0,0,0,0,0,0,0,0,3,66.19,[]
total_over_locked,60,2026-06-17,Argentina vs. Algeria,3-0,3,Argentina,Argentina vs. Algeria: O/U 2.5,Over,999,2.5,,3,,,,,True,7,1417.8,0.999,0.999,0.0971,0.0971,0,0,0,0,0,0,0,0,0,0,7,1417.8,[]
total_over_locked,120,2026-06-17,Argentina vs. Algeria,3-0,3,Argentina,Argentina vs. Algeria: O/U 2.5,Over,999,2.5,,3,,,,,True,12,1709.93,0.999,0.999,0.0971,0.0971,0,0,0,0,0,0,0,0,0,0,12,1709.93,[]
total_over_locked,180,2026-06-17,Argentina vs. Algeria,3-0,3,Argentina,Argentina vs. Algeria: O/U 2.5,Over,999,2.5,,3,,,,,True,14,1730.56,0.999,0.999,0.0971,0.0971,0,0,0,0,0,0,0,0,0,0,14,1730.56,[]
total_over_locked,300,2026-06-17,Argentina vs. Algeria,3-0,3,Argentina,Argentina vs. Algeria: O/U 2.5,Over,999,2.5,,3,,,,,True,21,2039.13,0.999,0.999,0.0971,0.0971,0,0,0,0,0,0,0,0,0,0,21,2039.13,[]
total_over_locked,480,2026-06-17,Argentina vs. Algeria,3-0,3,Argentina,Argentina vs. Algeria: O/U 2.5,Over,999,2.5,,3,,,,,True,37,3946.38,0.999,0.999,0.0971,0.0971,0,0,0,0,0,0,0,0,0,0,37,3946.38,[]
total_under_loss_ge2,60,2026-06-17,Austria vs. Jordan,3-1,2,Austria,Austria vs. Jordan: O/U 5.5,Under,2,5.5,,4,,,,,,0,0,,,,,0,0,0,0,0,0,0,0,0,0,0,0,[]
total_under_loss_ge2,120,2026-06-17,Austria vs. Jordan,3-1,2,Austria,Austria vs. Jordan: O/U 5.5,Under,2,5.5,,4,,,,,,1,24.2,0.999,0.999,0.0971,0.0971,0,0,0,0,0,0,0,0,0,0,1,24.2,[]
total_under_loss_ge2,180,2026-06-17,Austria vs. Jordan,3-1,2,Austria,Austria vs. Jordan: O/U 5.5,Under,2,5.5,,4,,,,,,1,24.2,0.999,0.999,0.0971,0.0971,0,0,0,0,0,0,0,0,0,0,1,24.2,[]
total_under_loss_ge2,300,2026-06-17,Austria vs. Jordan,3-1,2,Austria,Austria vs. Jordan: O/U 5.5,Under,2,5.5,,4,,,,,,2,328.41,0.999,0.999,0.0971,0.0971,0,0,0,0,0,0,0,0,0,0,2,328.41,[]
total_under_loss_ge2,480,2026-06-17,Austria vs. Jordan,3-1,2,Austria,Austria vs. Jordan: O/U 5.5,Under,2,5.5,,4,,,,,,6,538.16,0.999,0.999,0.0971,0.0971,0,0,0,0,0,0,0,0,0,0,6,538.16,[]
team_total_over_locked,60,2026-06-17,Argentina vs. Algeria,3-0,3,Argentina,Argentina vs. Algeria: Argentina O/U 2.5,Over,999,2.5,,,Argentina,3,,,True,0,0,,,,,0,0,0,0,0,0,0,0,0,0,0,0,[]
team_total_over_locked,120,2026-06-17,Argentina vs. Algeria,3-0,3,Argentina,Argentina vs. Algeria: Argentina O/U 2.5,Over,999,2.5,,,Argentina,3,,,True,2,60.54,0.999,0.999,0.0971,0.0971,0,0,0,0,0,0,0,0,0,0,2,60.54,[]
team_total_over_locked,180,2026-06-17,Argentina vs. Algeria,3-0,3,Argentina,Argentina vs. Algeria: Argentina O/U 2.5,Over,999,2.5,,,Argentina,3,,,True,4,340.82,0.999,0.999,0.0971,0.0971,0,0,0,0,0,0,0,0,0,0,4,340.82,[]
team_total_over_locked,300,2026-06-17,Argentina vs. Algeria,3-0,3,Argentina,Argentina vs. Algeria: Argentina O/U 2.5,Over,999,2.5,,,Argentina,3,,,True,5,413.02,0.999,0.999,0.0971,0.0971,0,0,0,0,0,0,0,0,0,0,5,413.02,[]
team_total_over_locked,480,2026-06-17,Argentina vs. Algeria,3-0,3,Argentina,Argentina vs. Algeria: Argentina O/U 2.5,Over,999,2.5,,,Argentina,3,,,True,9,579.38,0.999,0.999,0.0971,0.0971,0,0,0,0,0,0,0,0,0,0,9,579.38,[]
draw_no_lead_ge2,60,2026-06-17,Austria vs. Jordan,3-1,2,Austria,Will Austria vs. Jordan end in a draw?,No,2,,,,,,,,,4,15790.0,0.999,0.999,0.0971,0.0971,0,0,0,0,0,0,0,0,0,0,4,15790.0,[]
draw_no_lead_ge2,120,2026-06-17,Austria vs. Jordan,3-1,2,Austria,Will Austria vs. Jordan end in a draw?,No,2,,,,,,,,,25,50761.183129,0.989,0.999,1.0792,0.0971,0,0,0,0,0,0,2,909.090908,9,1874.653129,25,50761.183129,[]
draw_no_lead_ge2,180,2026-06-17,Austria vs. Jordan,3-1,2,Austria,Will Austria vs. Jordan end in a draw?,No,2,,,,,,,,,42,59129.176713,0.9870000007046698,0.999,1.2781,0.0971,0,0,0,0,0,0,10,6792.797827,25,10192.646713,42,59129.176713,[]
draw_no_lead_ge2,300,2026-06-17,Austria vs. Jordan,3-1,2,Austria,Will Austria vs. Jordan end in a draw?,No,2,,,,,,,,,72,83631.661703,0.97,0.999,3.0028,0.0971,0,0,3,425.29,13,1815.86999,35,31102.517817,51,34550.056703,72,83631.661703,[]
draw_no_lead_ge2,480,2026-06-17,Austria vs. Jordan,3-1,2,Austria,Will Austria vs. Jordan end in a draw?,No,2,,,,,,,,,168,97166.31898,0.94,0.999,6.203,0.0971,43,6565.005192,95,13557.41395,109,15350.527267,131,44637.175094,147,48084.71398,168,97166.31898,[]
team_total_under_loss_ge2,60,2026-06-17,Austria vs. Jordan,3-1,2,Austria,Austria vs. Jordan: Jordan O/U 2.5,Under,2,2.5,,,Jordan,1,,,,4,104.27,0.999,0.999,0.0971,0.0971,0,0,0,0,0,0,0,0,0,0,4,104.27,[]
team_total_under_loss_ge2,120,2026-06-17,Austria vs. Jordan,3-1,2,Austria,Austria vs. Jordan: Jordan O/U 2.5,Under,2,2.5,,,Jordan,1,,,,5,271.27,0.999,0.999,0.0971,0.0971,0,0,0,0,0,0,0,0,0,0,5,271.27,[]
team_total_under_loss_ge2,180,2026-06-17,Austria vs. Jordan,3-1,2,Austria,Austria vs. Jordan: Jordan O/U 2.5,Under,2,2.5,,,Jordan,1,,,,5,271.27,0.999,0.999,0.0971,0.0971,0,0,0,0,0,0,0,0,0,0,5,271.27,[]
team_total_under_loss_ge2,300,2026-06-17,Austria vs. Jordan,3-1,2,Austria,Austria vs. Jordan: Jordan O/U 2.5,Under,2,2.5,,,Jordan,1,,,,6,771.77,0.999,0.999,0.0971,0.0971,0,0,0,0,0,0,0,0,0,0,6,771.77,[]
team_total_under_loss_ge2,480,2026-06-17,Austria vs. Jordan,3-1,2,Austria,Austria vs. Jordan: Jordan O/U 2.5,Under,2,2.5,,,Jordan,1,,,,7,793.53,0.997,0.999,0.2919,0.0971,0,0,0,0,0,0,0,0,0,0,7,793.53,[]
loser_no,60,2026-06-17,Austria vs. Jordan,3-1,2,Austria,Will Jordan win on 2026-06-17?,No,3,,,,,,Jordan,,,4,1185.14,0.999,0.999,0.0971,0.0971,0,0,0,0,0,0,0,0,0,0,4,1185.14,[]
loser_no,120,2026-06-17,Austria vs. Jordan,3-1,2,Austria,Will Jordan win on 2026-06-17?,No,3,,,,,,Jordan,,,5,1567.14,0.999,0.999,0.0971,0.0971,0,0,0,0,0,0,0,0,0,0,5,1567.14,[]
loser_no,180,2026-06-17,Austria vs. Jordan,3-1,2,Austria,Will Jordan win on 2026-06-17?,No,3,,,,,,Jordan,,,8,1729.02,0.999,0.999,0.0971,0.0971,0,0,0,0,0,0,0,0,0,0,8,1729.02,[]
loser_no,300,2026-06-17,Austria vs. Jordan,3-1,2,Austria,Will Jordan win on 2026-06-17?,No,3,,,,,,Jordan,,,16,32264.57,0.999,0.999,0.0971,0.0971,0,0,0,0,0,0,0,0,0,0,16,32264.57,[]
loser_no,480,2026-06-17,Austria vs. Jordan,3-1,2,Austria,Will Jordan win on 2026-06-17?,No,3,,,,,,Jordan,,,49,71825.764746,0.996,0.999,0.3896,0.0971,0,0,0,0,0,0,0,0,0,0,49,71825.764746,[]
team_total_over_locked,60,2026-06-17,Austria vs. Jordan,3-1,2,Austria,Austria vs. Jordan: Austria O/U 2.5,Over,999,2.5,,,Austria,3,,,True,5,965.97,0.99,0.99,0.9801,0.9801,0,0,0,0,0,0,5,965.97,5,965.97,5,965.97,[]
team_total_over_locked,120,2026-06-17,Austria vs. Jordan,3-1,2,Austria,Austria vs. Jordan: Austria O/U 2.5,Over,999,2.5,,,Austria,3,,,True,13,3414.402,0.95,0.99,5.1132,0.9801,1,938.392,1,938.392,2,989.412,13,3414.402,13,3414.402,13,3414.402,[]
team_total_over_locked,180,2026-06-17,Austria vs. Jordan,3-1,2,Austria,Austria vs. Jordan: Austria O/U 2.5,Over,999,2.5,,,Austria,3,,,True,29,3774.629514,0.69,0.99,43.9975,0.9801,17,1298.619514,17,1298.619514,18,1349.639514,29,3774.629514,29,3774.629514,29,3774.629514,[]
team_total_over_locked,300,2026-06-17,Austria vs. Jordan,3-1,2,Austria,Austria vs. Jordan: Austria O/U 2.5,Over,999,2.5,,,Austria,3,,,True,53,4515.817404,0.04,0.99,2397.12,0.9801,41,2039.807404,41,2039.807404,42,2090.827404,53,4515.817404,53,4515.817404,53,4515.817404,[]
team_total_over_locked,480,2026-06-17,Austria vs. Jordan,3-1,2,Austria,Austria vs. Jordan: Austria O/U 2.5,Over,999,2.5,,,Austria,3,,,True,57,4690.746613,0.04,0.99,2397.12,0.9801,45,2214.736613,45,2214.736613,46,2265.756613,57,4690.746613,57,4690.746613,57,4690.746613,[]
leader_yes_lead_ge2,60,2026-06-17,Austria vs. Jordan,3-1,2,Austria,Will Austria win on 2026-06-17?,Yes,2,,,,,,,,,54,10654.34,0.999,0.999,0.0971,0.0971,0,0,0,0,0,0,0,0,0,0,54,10654.34,[]
leader_yes_lead_ge2,120,2026-06-17,Austria vs. Jordan,3-1,2,Austria,Will Austria win on 2026-06-17?,Yes,2,,,,,,,,,117,34650.72,0.999,0.999,0.0971,0.0971,0,0,0,0,0,0,0,0,0,0,117,34650.72,[]
leader_yes_lead_ge2,180,2026-06-17,Austria vs. Jordan,3-1,2,Austria,Will Austria win on 2026-06-17?,Yes,2,,,,,,,,,176,56265.965496,0.989,0.999,1.0792,0.0971,0,0,0,0,0,0,7,5275.91,29,17460.87,176,56265.965496,[]
leader_yes_lead_ge2,300,2026-06-17,Austria vs. Jordan,3-1,2,Austria,Will Austria win on 2026-06-17?,Yes,2,,,,,,,,,304,128626.828607,0.96,0.999,4.0467,0.0971,0,0,8,6869.842473,20,21628.398063,102,58911.547321,138,88096.492431,304,128626.828607,[]
leader_yes_lead_ge2,480,2026-06-17,Austria vs. Jordan,3-1,2,Austria,Will Austria win on 2026-06-17?,Yes,2,,,,,,,,,475,179160.880234,0.93,0.999,7.3169,0.0971,61,15977.195851,179,57403.8941,191,72162.44969,273,109445.598948,309,138630.544058,475,179160.880234,[]
team_total_under_loss_ge2,60,2026-06-17,Portugal vs. DR Congo,1-1,0,,Portugal vs. DR Congo: DR Congo O/U 2.5,Under,2,2.5,,,DR Congo,1,,,,0,0,,,,,0,0,0,0,0,0,0,0,0,0,0,0,[]
team_total_under_loss_ge2,120,2026-06-17,Portugal vs. DR Congo,1-1,0,,Portugal vs. DR Congo: DR Congo O/U 2.5,Under,2,2.5,,,DR Congo,1,,,,0,0,,,,,0,0,0,0,0,0,0,0,0,0,0,0,[]
team_total_under_loss_ge2,180,2026-06-17,Portugal vs. DR Congo,1-1,0,,Portugal vs. DR Congo: DR Congo O/U 2.5,Under,2,2.5,,,DR Congo,1,,,,0,0,,,,,0,0,0,0,0,0,0,0,0,0,0,0,[]
team_total_under_loss_ge2,300,2026-06-17,Portugal vs. DR Congo,1-1,0,,Portugal vs. DR Congo: DR Congo O/U 2.5,Under,2,2.5,,,DR Congo,1,,,,0,0,,,,,0,0,0,0,0,0,0,0,0,0,0,0,[]
team_total_under_loss_ge2,480,2026-06-17,Portugal vs. DR Congo,1-1,0,,Portugal vs. DR Congo: DR Congo O/U 2.5,Under,2,2.5,,,DR Congo,1,,,,0,0,,,,,0,0,0,0,0,0,0,0,0,0,0,0,[]
total_under_loss_ge2,60,2026-06-17,Portugal vs. DR Congo,1-1,0,,Portugal vs. DR Congo: O/U 3.5,Under,2,3.5,,2,,,,,,5,1485.19,0.99,0.999,0.9801,0.0971,0,0,0,0,0,0,2,348.19,2,348.19,5,1485.19,[]
total_under_loss_ge2,120,2026-06-17,Portugal vs. DR Congo,1-1,0,,Portugal vs. DR Congo: O/U 3.5,Under,2,3.5,,2,,,,,,6,1585.490666,0.99,0.999,0.9801,0.0971,0,0,0,0,0,0,2,348.19,2,348.19,6,1585.490666,[]
total_under_loss_ge2,180,2026-06-17,Portugal vs. DR Congo,1-1,0,,Portugal vs. DR Congo: O/U 3.5,Under,2,3.5,,2,,,,,,6,1585.490666,0.99,0.999,0.9801,0.0971,0,0,0,0,0,0,2,348.19,2,348.19,6,1585.490666,[]
total_under_loss_ge2,300,2026-06-17,Portugal vs. DR Congo,1-1,0,,Portugal vs. DR Congo: O/U 3.5,Under,2,3.5,,2,,,,,,11,1748.432854,0.9789999996083989,0.999,2.082,0.0971,0,0,0,0,1,10.214476,6,501.894476,6,501.894476,11,1748.432854,[]
total_under_loss_ge2,480,2026-06-17,Portugal vs. DR Congo,1-1,0,,Portugal vs. DR Congo: O/U 3.5,Under,2,3.5,,2,,,,,,38,11214.534496,0.94,0.999,6.203,0.0971,8,3446.0,19,6738.0939,27,8543.548518,33,9967.996118,33,9967.996118,38,11214.534496,[]
team_total_over_locked,60,2026-06-17,Portugal vs. DR Congo,1-1,0,,Portugal vs. DR Congo: Portugal O/U 0.5,Over,999,0.5,,,Portugal,1,,,True,0,0,,,,,0,0,0,0,0,0,0,0,0,0,0,0,[]
team_total_over_locked,120,2026-06-17,Portugal vs. DR Congo,1-1,0,,Portugal vs. DR Congo: Portugal O/U 0.5,Over,999,0.5,,,Portugal,1,,,True,0,0,,,,,0,0,0,0,0,0,0,0,0,0,0,0,[]
team_total_over_locked,180,2026-06-17,Portugal vs. DR Congo,1-1,0,,Portugal vs. DR Congo: Portugal O/U 0.5,Over,999,0.5,,,Portugal,1,,,True,0,0,,,,,0,0,0,0,0,0,0,0,0,0,0,0,[]
team_total_over_locked,300,2026-06-17,Portugal vs. DR Congo,1-1,0,,Portugal vs. DR Congo: Portugal O/U 0.5,Over,999,0.5,,,Portugal,1,,,True,0,0,,,,,0,0,0,0,0,0,0,0,0,0,0,0,[]
team_total_over_locked,480,2026-06-17,Portugal vs. DR Congo,1-1,0,,Portugal vs. DR Congo: Portugal O/U 0.5,Over,999,0.5,,,Portugal,1,,,True,0,0,,,,,0,0,0,0,0,0,0,0,0,0,0,0,[]
btts_yes_locked,60,2026-06-17,Austria vs. Jordan,3-1,2,Austria,Austria vs. Jordan: Both Teams to Score,Yes,999,,,,,,,,True,3,36.58,0.999,0.999,0.0971,0.0971,0,0,0,0,0,0,0,0,0,0,3,36.58,[]
btts_yes_locked,120,2026-06-17,Austria vs. Jordan,3-1,2,Austria,Austria vs. Jordan: Both Teams to Score,Yes,999,,,,,,,,True,6,84.36,0.999,0.999,0.0971,0.0971,0,0,0,0,0,0,0,0,0,0,6,84.36,[]
btts_yes_locked,180,2026-06-17,Austria vs. Jordan,3-1,2,Austria,Austria vs. Jordan: Both Teams to Score,Yes,999,,,,,,,,True,9,165.47,0.999,0.999,0.0971,0.0971,0,0,0,0,0,0,0,0,0,0,9,165.47,[]
btts_yes_locked,300,2026-06-17,Austria vs. Jordan,3-1,2,Austria,Austria vs. Jordan: Both Teams to Score,Yes,999,,,,,,,,True,12,519.96,0.999,0.999,0.0971,0.0971,0,0,0,0,0,0,0,0,0,0,12,519.96,[]
btts_yes_locked,480,2026-06-17,Austria vs. Jordan,3-1,2,Austria,Austria vs. Jordan: Both Teams to Score,Yes,999,,,,,,,,True,14,548.58,0.999,0.999,0.0971,0.0971,0,0,0,0,0,0,0,0,0,0,14,548.58,[]
total_over_locked,60,2026-06-17,Austria vs. Jordan,3-1,2,Austria,Austria vs. Jordan: O/U 3.5,Over,999,3.5,,4,,,,,True,17,1018.64,0.99,0.99,0.9801,0.9801,0,0,0,0,0,0,17,1018.64,17,1018.64,17,1018.64,[]
total_over_locked,120,2026-06-17,Austria vs. Jordan,3-1,2,Austria,Austria vs. Jordan: O/U 3.5,Over,999,3.5,,4,,,,,True,232,26499.717428,0.72,0.99,38.0489,0.9801,153,7241.899978,154,7341.899978,158,8286.575428,232,26499.717428,232,26499.717428,232,26499.717428,[]
total_over_locked,180,2026-06-17,Austria vs. Jordan,3-1,2,Austria,Austria vs. Jordan: O/U 3.5,Over,999,3.5,,4,,,,,True,395,37803.720848,0.65,0.99,52.7962,0.9801,316,18545.903398,317,18645.903398,321,19590.578848,395,37803.720848,395,37803.720848,395,37803.720848,[]
total_over_locked,300,2026-06-17,Austria vs. Jordan,3-1,2,Austria,Austria vs. Jordan: O/U 3.5,Over,999,3.5,,4,,,,,True,661,76238.223413,0.05,0.99,1897.15,0.9801,582,56980.405963,583,57080.405963,587,58025.081413,661,76238.223413,661,76238.223413,661,76238.223413,[]
total_over_locked,480,2026-06-17,Austria vs. Jordan,3-1,2,Austria,Austria vs. Jordan: O/U 3.5,Over,999,3.5,,4,,,,,True,788,109642.890222,0.05,0.99,1897.15,0.9801,709,90385.072772,710,90485.072772,714,91429.748222,788,109642.890222,788,109642.890222,788,109642.890222,[]
spread_tight_loss_ge2,60,2026-06-17,Portugal vs. DR Congo,1-1,0,,Spread: Portugal (-1.5),DR Congo,2,1.5,2,,,,,other_side,,1,10.0,0.992,0.992,0.7825,0.7825,0,0,0,0,0,0,0,0,1,10.0,1,10.0,[]
spread_tight_loss_ge2,120,2026-06-17,Portugal vs. DR Congo,1-1,0,,Spread: Portugal (-1.5),DR Congo,2,1.5,2,,,,,other_side,,3,916.25,0.99,0.992,0.9801,0.7825,0,0,0,0,0,0,1,281.25,3,916.25,3,916.25,[]
spread_tight_loss_ge2,180,2026-06-17,Portugal vs. DR Congo,1-1,0,,Spread: Portugal (-1.5),DR Congo,2,1.5,2,,,,,other_side,,4,931.24,0.99,0.992,0.9801,0.7825,0,0,0,0,0,0,2,296.24,4,931.24,4,931.24,[]
spread_tight_loss_ge2,300,2026-06-17,Portugal vs. DR Congo,1-1,0,,Spread: Portugal (-1.5),DR Congo,2,1.5,2,,,,,other_side,,15,2262.013331,0.99,0.992,0.9801,0.7825,0,0,0,0,0,0,10,1288.68,15,2262.013331,15,2262.013331,[]
spread_tight_loss_ge2,480,2026-06-17,Portugal vs. DR Congo,1-1,0,,Spread: Portugal (-1.5),DR Congo,2,1.5,2,,,,,other_side,,38,10436.292254,0.97,0.992,3.0028,0.7825,0,0,2,40.0,13,4233.145923,32,9449.645923,37,10422.979254,38,10436.292254,[]
total_over_locked,60,2026-06-17,Portugal vs. DR Congo,1-1,0,,Portugal vs. DR Congo: O/U 1.5,Over,999,1.5,,2,,,,,True,0,0,,,,,0,0,0,0,0,0,0,0,0,0,0,0,[]
total_over_locked,120,2026-06-17,Portugal vs. DR Congo,1-1,0,,Portugal vs. DR Congo: O/U 1.5,Over,999,1.5,,2,,,,,True,0,0,,,,,0,0,0,0,0,0,0,0,0,0,0,0,[]
total_over_locked,180,2026-06-17,Portugal vs. DR Congo,1-1,0,,Portugal vs. DR Congo: O/U 1.5,Over,999,1.5,,2,,,,,True,0,0,,,,,0,0,0,0,0,0,0,0,0,0,0,0,[]
total_over_locked,300,2026-06-17,Portugal vs. DR Congo,1-1,0,,Portugal vs. DR Congo: O/U 1.5,Over,999,1.5,,2,,,,,True,2,2.56,0.999,0.999,0.0971,0.0971,0,0,0,0,0,0,0,0,0,0,2,2.56,[]
total_over_locked,480,2026-06-17,Portugal vs. DR Congo,1-1,0,,Portugal vs. DR Congo: O/U 1.5,Over,999,1.5,,2,,,,,True,7,117.32,0.999,0.999,0.0971,0.0971,0,0,0,0,0,0,0,0,0,0,7,117.32,[]
spread_tight_loss_ge2,60,2026-06-17,England vs. Croatia,4-2,2,England,Spread: England (-3.5),Croatia,2,3.5,4,,,,,other_side,,1,15.51,0.999,0.999,0.0971,0.0971,0,0,0,0,0,0,0,0,0,0,1,15.51,[]
spread_tight_loss_ge2,120,2026-06-17,England vs. Croatia,4-2,2,England,Spread: England (-3.5),Croatia,2,3.5,4,,,,,other_side,,1,15.51,0.999,0.999,0.0971,0.0971,0,0,0,0,0,0,0,0,0,0,1,15.51,[]
spread_tight_loss_ge2,180,2026-06-17,England vs. Croatia,4-2,2,England,Spread: England (-3.5),Croatia,2,3.5,4,,,,,other_side,,2,82.577,0.999,0.999,0.0971,0.0971,0,0,0,0,0,0,0,0,0,0,2,82.577,[]
spread_tight_loss_ge2,300,2026-06-17,England vs. Croatia,4-2,2,England,Spread: England (-3.5),Croatia,2,3.5,4,,,,,other_side,,4,92.987408,0.9989998470761184,0.999,0.0971,0.0971,0,0,0,0,0,0,0,0,0,0,4,92.987408,[]
spread_tight_loss_ge2,480,2026-06-17,England vs. Croatia,4-2,2,England,Spread: England (-3.5),Croatia,2,3.5,4,,,,,other_side,,4,92.987408,0.9989998470761184,0.999,0.0971,0.0971,0,0,0,0,0,0,0,0,0,0,4,92.987408,[]
total_under_loss_ge2,60,2026-06-17,England vs. Croatia,4-2,2,England,England vs. Croatia: O/U 7.5,Under,2,7.5,,6,,,,,,6,342.18,0.995,0.999,0.4875,0.0971,0,0,0,0,0,0,0,0,1,5.26,6,342.18,[]
total_under_loss_ge2,120,2026-06-17,England vs. Croatia,4-2,2,England,England vs. Croatia: O/U 7.5,Under,2,7.5,,6,,,,,,7,1799.09,0.995,0.999,0.4875,0.0971,0,0,0,0,0,0,0,0,1,5.26,7,1799.09,[]
total_under_loss_ge2,180,2026-06-17,England vs. Croatia,4-2,2,England,England vs. Croatia: O/U 7.5,Under,2,7.5,,6,,,,,,10,2137.165,0.99,0.999,0.9801,0.0971,0,0,0,0,0,0,1,105.26,2,110.52,10,2137.165,[]
total_under_loss_ge2,300,2026-06-17,England vs. Croatia,4-2,2,England,England vs. Croatia: O/U 7.5,Under,2,7.5,,6,,,,,,22,7178.09608,0.987999996047755,0.999,1.1786,0.0971,0,0,0,0,0,0,6,1796.165415,10,4011.09208,22,7178.09608,[]
total_under_loss_ge2,480,2026-06-17,England vs. Croatia,4-2,2,England,England vs. Croatia: O/U 7.5,Under,2,7.5,,6,,,,,,38,8954.46271,0.974,0.999,2.5914,0.0971,0,0,0,0,4,90.277523,22,3572.532045,26,5787.45871,38,8954.46271,[]
team_total_over_locked,60,2026-06-17,England vs. Croatia,4-2,2,England,England vs. Croatia: Croatia O/U 1.5,Over,999,1.5,,,Croatia,2,,,True,0,0,,,,,0,0,0,0,0,0,0,0,0,0,0,0,[]
team_total_over_locked,120,2026-06-17,England vs. Croatia,4-2,2,England,England vs. Croatia: Croatia O/U 1.5,Over,999,1.5,,,Croatia,2,,,True,0,0,,,,,0,0,0,0,0,0,0,0,0,0,0,0,[]
team_total_over_locked,180,2026-06-17,England vs. Croatia,4-2,2,England,England vs. Croatia: Croatia O/U 1.5,Over,999,1.5,,,Croatia,2,,,True,0,0,,,,,0,0,0,0,0,0,0,0,0,0,0,0,[]
team_total_over_locked,300,2026-06-17,England vs. Croatia,4-2,2,England,England vs. Croatia: Croatia O/U 1.5,Over,999,1.5,,,Croatia,2,,,True,0,0,,,,,0,0,0,0,0,0,0,0,0,0,0,0,[]
team_total_over_locked,480,2026-06-17,England vs. Croatia,4-2,2,England,England vs. Croatia: Croatia O/U 1.5,Over,999,1.5,,,Croatia,2,,,True,0,0,,,,,0,0,0,0,0,0,0,0,0,0,0,0,[]
btts_yes_locked,60,2026-06-17,Portugal vs. DR Congo,1-1,0,,Portugal vs. DR Congo: Both Teams to Score,Yes,999,,,,,,,,True,5,130.64,0.999,0.999,0.0971,0.0971,0,0,0,0,0,0,0,0,0,0,5,130.64,[]
btts_yes_locked,120,2026-06-17,Portugal vs. DR Congo,1-1,0,,Portugal vs. DR Congo: Both Teams to Score,Yes,999,,,,,,,,True,6,133.07,0.999,0.999,0.0971,0.0971,0,0,0,0,0,0,0,0,0,0,6,133.07,[]
btts_yes_locked,180,2026-06-17,Portugal vs. DR Congo,1-1,0,,Portugal vs. DR Congo: Both Teams to Score,Yes,999,,,,,,,,True,8,150.13,0.999,0.999,0.0971,0.0971,0,0,0,0,0,0,0,0,0,0,8,150.13,[]
btts_yes_locked,300,2026-06-17,Portugal vs. DR Congo,1-1,0,,Portugal vs. DR Congo: Both Teams to Score,Yes,999,,,,,,,,True,13,1182.73,0.999,0.999,0.0971,0.0971,0,0,0,0,0,0,0,0,0,0,13,1182.73,[]
btts_yes_locked,480,2026-06-17,Portugal vs. DR Congo,1-1,0,,Portugal vs. DR Congo: Both Teams to Score,Yes,999,,,,,,,,True,17,1720.95,0.999,0.999,0.0971,0.0971,0,0,0,0,0,0,0,0,0,0,17,1720.95,[]
loser_no,60,2026-06-17,England vs. Croatia,4-2,2,England,Will Croatia win on 2026-06-17?,No,3,,,,,,Croatia,,,1,113.16,0.999,0.999,0.0971,0.0971,0,0,0,0,0,0,0,0,0,0,1,113.16,[]
loser_no,120,2026-06-17,England vs. Croatia,4-2,2,England,Will Croatia win on 2026-06-17?,No,3,,,,,,Croatia,,,4,1164.93,0.999,0.999,0.0971,0.0971,0,0,0,0,0,0,0,0,0,0,4,1164.93,[]
loser_no,180,2026-06-17,England vs. Croatia,4-2,2,England,Will Croatia win on 2026-06-17?,No,3,,,,,,Croatia,,,7,2342.01,0.999,0.999,0.0971,0.0971,0,0,0,0,0,0,0,0,0,0,7,2342.01,[]
loser_no,300,2026-06-17,England vs. Croatia,4-2,2,England,Will Croatia win on 2026-06-17?,No,3,,,,,,Croatia,,,13,5525.44,0.999,0.999,0.0971,0.0971,0,0,0,0,0,0,0,0,0,0,13,5525.44,[]
loser_no,480,2026-06-17,England vs. Croatia,4-2,2,England,Will Croatia win on 2026-06-17?,No,3,,,,,,Croatia,,,27,65831.14,0.999,0.999,0.0971,0.0971,0,0,0,0,0,0,0,0,0,0,27,65831.14,[]
leader_yes_lead_ge2,60,2026-06-17,England vs. Croatia,4-2,2,England,Will England win on 2026-06-17?,Yes,2,,,,,,,,,77,12253.16,0.999,0.999,0.0971,0.0971,0,0,0,0,0,0,0,0,0,0,77,12253.16,[]
leader_yes_lead_ge2,120,2026-06-17,England vs. Croatia,4-2,2,England,Will England win on 2026-06-17?,Yes,2,,,,,,,,,105,29719.53,0.999,0.999,0.0971,0.0971,0,0,0,0,0,0,0,0,0,0,105,29719.53,[]
leader_yes_lead_ge2,180,2026-06-17,England vs. Croatia,4-2,2,England,Will England win on 2026-06-17?,Yes,2,,,,,,,,,139,48875.41,0.998,0.999,0.1944,0.0971,0,0,0,0,0,0,0,0,0,0,139,48875.41,[]
leader_yes_lead_ge2,300,2026-06-17,England vs. Croatia,4-2,2,England,Will England win on 2026-06-17?,Yes,2,,,,,,,,,207,81218.066,0.991,0.999,0.8812,0.0971,0,0,0,0,0,0,0,0,1,29.43,207,81218.066,[]
leader_yes_lead_ge2,480,2026-06-17,England vs. Croatia,4-2,2,England,Will England win on 2026-06-17?,Yes,2,,,,,,,,,309,159383.769689,0.991,0.999,0.8812,0.0971,0,0,0,0,0,0,0,0,1,29.43,309,159383.769689,[]
draw_no_lead_ge2,60,2026-06-17,England vs. Croatia,4-2,2,England,Will England vs. Croatia end in a draw?,No,2,,,,,,,,,3,50024.08,0.999,0.999,0.0971,0.0971,0,0,0,0,0,0,0,0,0,0,3,50024.08,[]
draw_no_lead_ge2,120,2026-06-17,England vs. Croatia,4-2,2,England,Will England vs. Croatia end in a draw?,No,2,,,,,,,,,4,50070.05,0.999,0.999,0.0971,0.0971,0,0,0,0,0,0,0,0,0,0,4,50070.05,[]
draw_no_lead_ge2,180,2026-06-17,England vs. Croatia,4-2,2,England,Will England vs. Croatia end in a draw?,No,2,,,,,,,,,8,52043.33,0.999,0.999,0.0971,0.0971,0,0,0,0,0,0,0,0,0,0,8,52043.33,[]
draw_no_lead_ge2,300,2026-06-17,England vs. Croatia,4-2,2,England,Will England vs. Croatia end in a draw?,No,2,,,,,,,,,31,157509.71,0.995,0.999,0.4875,0.0971,0,0,0,0,0,0,0,0,1,1291.2,31,157509.71,[]
draw_no_lead_ge2,480,2026-06-17,England vs. Croatia,4-2,2,England,Will England vs. Croatia end in a draw?,No,2,,,,,,,,,66,168739.889362,0.9910000136938464,0.999,0.8812,0.0971,0,0,0,0,0,0,0,0,19,6465.089362,66,168739.889362,[]
total_over_locked,60,2026-06-17,England vs. Croatia,4-2,2,England,England vs. Croatia: O/U 5.5,Over,999,5.5,,6,,,,,True,9,2543.9,0.999,0.999,0.0971,0.0971,0,0,0,0,0,0,0,0,0,0,9,2543.9,[]
total_over_locked,120,2026-06-17,England vs. Croatia,4-2,2,England,England vs. Croatia: O/U 5.5,Over,999,5.5,,6,,,,,True,13,2789.17,0.999,0.999,0.0971,0.0971,0,0,0,0,0,0,0,0,0,0,13,2789.17,[]
total_over_locked,180,2026-06-17,England vs. Croatia,4-2,2,England,England vs. Croatia: O/U 5.5,Over,999,5.5,,6,,,,,True,17,3139.66,0.999,0.999,0.0971,0.0971,0,0,0,0,0,0,0,0,0,0,17,3139.66,[]
total_over_locked,300,2026-06-17,England vs. Croatia,4-2,2,England,England vs. Croatia: O/U 5.5,Over,999,5.5,,6,,,,,True,25,3825.72,0.999,0.999,0.0971,0.0971,0,0,0,0,0,0,0,0,0,0,25,3825.72,[]
total_over_locked,480,2026-06-17,England vs. Croatia,4-2,2,England,England vs. Croatia: O/U 5.5,Over,999,5.5,,6,,,,,True,73,21953.09,0.999,0.999,0.0971,0.0971,0,0,0,0,0,0,0,0,0,0,73,21953.09,[]
spread_tight_loss_ge2,60,2026-06-17,Ghana vs. Panama,1-0,1,Ghana,Spread: Ghana (-2.5),Panama,2,2.5,3,,,,,other_side,,0,0,,,,,0,0,0,0,0,0,0,0,0,0,0,0,[]
spread_tight_loss_ge2,120,2026-06-17,Ghana vs. Panama,1-0,1,Ghana,Spread: Ghana (-2.5),Panama,2,2.5,3,,,,,other_side,,0,0,,,,,0,0,0,0,0,0,0,0,0,0,0,0,[]
spread_tight_loss_ge2,180,2026-06-17,Ghana vs. Panama,1-0,1,Ghana,Spread: Ghana (-2.5),Panama,2,2.5,3,,,,,other_side,,0,0,,,,,0,0,0,0,0,0,0,0,0,0,0,0,[]
spread_tight_loss_ge2,300,2026-06-17,Ghana vs. Panama,1-0,1,Ghana,Spread: Ghana (-2.5),Panama,2,2.5,3,,,,,other_side,,2,62.07,0.999,0.999,0.0971,0.0971,0,0,0,0,0,0,0,0,0,0,2,62.07,[]
spread_tight_loss_ge2,480,2026-06-17,Ghana vs. Panama,1-0,1,Ghana,Spread: Ghana (-2.5),Panama,2,2.5,3,,,,,other_side,,2,62.07,0.999,0.999,0.0971,0.0971,0,0,0,0,0,0,0,0,0,0,2,62.07,[]
team_total_under_loss_ge2,60,2026-06-17,Ghana vs. Panama,1-0,1,Ghana,Ghana vs. Panama: Panama O/U 1.5,Under,2,1.5,,,Panama,0,,,,0,0,,,,,0,0,0,0,0,0,0,0,0,0,0,0,[]
team_total_under_loss_ge2,120,2026-06-17,Ghana vs. Panama,1-0,1,Ghana,Ghana vs. Panama: Panama O/U 1.5,Under,2,1.5,,,Panama,0,,,,0,0,,,,,0,0,0,0,0,0,0,0,0,0,0,0,[]
team_total_under_loss_ge2,180,2026-06-17,Ghana vs. Panama,1-0,1,Ghana,Ghana vs. Panama: Panama O/U 1.5,Under,2,1.5,,,Panama,0,,,,0,0,,,,,0,0,0,0,0,0,0,0,0,0,0,0,[]
team_total_under_loss_ge2,300,2026-06-17,Ghana vs. Panama,1-0,1,Ghana,Ghana vs. Panama: Panama O/U 1.5,Under,2,1.5,,,Panama,0,,,,2,80.73,0.999,0.999,0.0971,0.0971,0,0,0,0,0,0,0,0,0,0,2,80.73,[]
team_total_under_loss_ge2,480,2026-06-17,Ghana vs. Panama,1-0,1,Ghana,Ghana vs. Panama: Panama O/U 1.5,Under,2,1.5,,,Panama,0,,,,2,80.73,0.999,0.999,0.0971,0.0971,0,0,0,0,0,0,0,0,0,0,2,80.73,[]
team_total_over_locked,60,2026-06-17,Ghana vs. Panama,1-0,1,Ghana,Ghana vs. Panama: Ghana O/U 0.5,Over,999,0.5,,,Ghana,1,,,True,4,624.73,0.999,0.999,0.0971,0.0971,0,0,0,0,0,0,0,0,0,0,4,624.73,[]
team_total_over_locked,120,2026-06-17,Ghana vs. Panama,1-0,1,Ghana,Ghana vs. Panama: Ghana O/U 0.5,Over,999,0.5,,,Ghana,1,,,True,4,624.73,0.999,0.999,0.0971,0.0971,0,0,0,0,0,0,0,0,0,0,4,624.73,[]
team_total_over_locked,180,2026-06-17,Ghana vs. Panama,1-0,1,Ghana,Ghana vs. Panama: Ghana O/U 0.5,Over,999,0.5,,,Ghana,1,,,True,5,633.95,0.999,0.999,0.0971,0.0971,0,0,0,0,0,0,0,0,0,0,5,633.95,[]
team_total_over_locked,300,2026-06-17,Ghana vs. Panama,1-0,1,Ghana,Ghana vs. Panama: Ghana O/U 0.5,Over,999,0.5,,,Ghana,1,,,True,10,1490.72,0.999,0.999,0.0971,0.0971,0,0,0,0,0,0,0,0,0,0,10,1490.72,[]
team_total_over_locked,480,2026-06-17,Ghana vs. Panama,1-0,1,Ghana,Ghana vs. Panama: Ghana O/U 0.5,Over,999,0.5,,,Ghana,1,,,True,28,9360.99,0.94,0.999,6.203,0.0971,1,38.46,1,38.46,2,48.46,14,2642.8,14,2642.8,28,9360.99,[]
btts_yes_locked,60,2026-06-17,England vs. Croatia,4-2,2,England,England vs. Croatia: Both Teams to Score,Yes,999,,,,,,,,True,4,786.59,0.999,0.999,0.0971,0.0971,0,0,0,0,0,0,0,0,0,0,4,786.59,[]
btts_yes_locked,120,2026-06-17,England vs. Croatia,4-2,2,England,England vs. Croatia: Both Teams to Score,Yes,999,,,,,,,,True,5,792.47,0.999,0.999,0.0971,0.0971,0,0,0,0,0,0,0,0,0,0,5,792.47,[]
btts_yes_locked,180,2026-06-17,England vs. Croatia,4-2,2,England,England vs. Croatia: Both Teams to Score,Yes,999,,,,,,,,True,6,812.47,0.999,0.999,0.0971,0.0971,0,0,0,0,0,0,0,0,0,0,6,812.47,[]
btts_yes_locked,300,2026-06-17,England vs. Croatia,4-2,2,England,England vs. Croatia: Both Teams to Score,Yes,999,,,,,,,,True,13,2030.51,0.999,0.999,0.0971,0.0971,0,0,0,0,0,0,0,0,0,0,13,2030.51,[]
btts_yes_locked,480,2026-06-17,England vs. Croatia,4-2,2,England,England vs. Croatia: Both Teams to Score,Yes,999,,,,,,,,True,30,4952.024013,0.996,0.999,0.3896,0.0971,0,0,0,0,0,0,0,0,0,0,30,4952.024013,[]
total_under_loss_ge2,60,2026-06-17,Ghana vs. Panama,1-0,1,Ghana,Ghana vs. Panama: O/U 2.5,Under,2,2.5,,1,,,,,,5,1124.51,0.999,0.999,0.0971,0.0971,0,0,0,0,0,0,0,0,0,0,5,1124.51,[]
total_under_loss_ge2,120,2026-06-17,Ghana vs. Panama,1-0,1,Ghana,Ghana vs. Panama: O/U 2.5,Under,2,2.5,,1,,,,,,8,1304.58,0.999,0.999,0.0971,0.0971,0,0,0,0,0,0,0,0,0,0,8,1304.58,[]
total_under_loss_ge2,180,2026-06-17,Ghana vs. Panama,1-0,1,Ghana,Ghana vs. Panama: O/U 2.5,Under,2,2.5,,1,,,,,,9,1379.57,0.999,0.999,0.0971,0.0971,0,0,0,0,0,0,0,0,0,0,9,1379.57,[]
total_under_loss_ge2,300,2026-06-17,Ghana vs. Panama,1-0,1,Ghana,Ghana vs. Panama: O/U 2.5,Under,2,2.5,,1,,,,,,12,1446.83,0.999,0.999,0.0971,0.0971,0,0,0,0,0,0,0,0,0,0,12,1446.83,[]
total_under_loss_ge2,480,2026-06-17,Ghana vs. Panama,1-0,1,Ghana,Ghana vs. Panama: O/U 2.5,Under,2,2.5,,1,,,,,,20,3233.27,0.999,0.999,0.0971,0.0971,0,0,0,0,0,0,0,0,0,0,20,3233.27,[]
loser_no,60,2026-06-17,Ghana vs. Panama,1-0,1,Ghana,Will Panama win on 2026-06-17?,No,2,,,,,,Panama,,,3,142.84,0.999,0.999,0.0971,0.0971,0,0,0,0,0,0,0,0,0,0,3,142.84,[]
loser_no,120,2026-06-17,Ghana vs. Panama,1-0,1,Ghana,Will Panama win on 2026-06-17?,No,2,,,,,,Panama,,,4,149.88,0.999,0.999,0.0971,0.0971,0,0,0,0,0,0,0,0,0,0,4,149.88,[]
loser_no,180,2026-06-17,Ghana vs. Panama,1-0,1,Ghana,Will Panama win on 2026-06-17?,No,2,,,,,,Panama,,,9,5070.3,0.999,0.999,0.0971,0.0971,0,0,0,0,0,0,0,0,0,0,9,5070.3,[]
loser_no,300,2026-06-17,Ghana vs. Panama,1-0,1,Ghana,Will Panama win on 2026-06-17?,No,2,,,,,,Panama,,,20,26905.86,0.999,0.999,0.0971,0.0971,0,0,0,0,0,0,0,0,0,0,20,26905.86,[]
loser_no,480,2026-06-17,Ghana vs. Panama,1-0,1,Ghana,Will Panama win on 2026-06-17?,No,2,,,,,,Panama,,,50,59758.700664,0.989,0.999,1.0792,0.0971,0,0,0,0,0,0,4,2261.52,8,3588.190664,50,59758.700664,[]
spread_tight_loss_ge2,60,2026-06-18,Uzbekistan vs. Colombia,1-3,2,Colombia,Spread: Colombia (-3.5),Uzbekistan,2,3.5,4,,,,,other_side,,0,0,,,,,0,0,0,0,0,0,0,0,0,0,0,0,[]
spread_tight_loss_ge2,120,2026-06-18,Uzbekistan vs. Colombia,1-3,2,Colombia,Spread: Colombia (-3.5),Uzbekistan,2,3.5,4,,,,,other_side,,0,0,,,,,0,0,0,0,0,0,0,0,0,0,0,0,[]
spread_tight_loss_ge2,180,2026-06-18,Uzbekistan vs. Colombia,1-3,2,Colombia,Spread: Colombia (-3.5),Uzbekistan,2,3.5,4,,,,,other_side,,0,0,,,,,0,0,0,0,0,0,0,0,0,0,0,0,[]
spread_tight_loss_ge2,300,2026-06-18,Uzbekistan vs. Colombia,1-3,2,Colombia,Spread: Colombia (-3.5),Uzbekistan,2,3.5,4,,,,,other_side,,1,8.53,0.999,0.999,0.0971,0.0971,0,0,0,0,0,0,0,0,0,0,1,8.53,[]
spread_tight_loss_ge2,480,2026-06-18,Uzbekistan vs. Colombia,1-3,2,Colombia,Spread: Colombia (-3.5),Uzbekistan,2,3.5,4,,,,,other_side,,2,88.83,0.999,0.999,0.0971,0.0971,0,0,0,0,0,0,0,0,0,0,2,88.83,[]
total_over_locked,60,2026-06-17,Ghana vs. Panama,1-0,1,Ghana,Ghana vs. Panama: O/U 0.5,Over,999,0.5,,1,,,,,True,4,56.76,0.999,0.999,0.0971,0.0971,0,0,0,0,0,0,0,0,0,0,4,56.76,[]
total_over_locked,120,2026-06-17,Ghana vs. Panama,1-0,1,Ghana,Ghana vs. Panama: O/U 0.5,Over,999,0.5,,1,,,,,True,10,318.78,0.999,0.999,0.0971,0.0971,0,0,0,0,0,0,0,0,0,0,10,318.78,[]
total_over_locked,180,2026-06-17,Ghana vs. Panama,1-0,1,Ghana,Ghana vs. Panama: O/U 0.5,Over,999,0.5,,1,,,,,True,18,1064.52,0.999,0.999,0.0971,0.0971,0,0,0,0,0,0,0,0,0,0,18,1064.52,[]
total_over_locked,300,2026-06-17,Ghana vs. Panama,1-0,1,Ghana,Ghana vs. Panama: O/U 0.5,Over,999,0.5,,1,,,,,True,34,4497.53,0.999,0.999,0.0971,0.0971,0,0,0,0,0,0,0,0,0,0,34,4497.53,[]
total_over_locked,480,2026-06-17,Ghana vs. Panama,1-0,1,Ghana,Ghana vs. Panama: O/U 0.5,Over,999,0.5,,1,,,,,True,99,44728.18,0.99,0.999,0.9801,0.0971,0,0,0,0,0,0,59,33869.6,59,33869.6,99,44728.18,[]
draw_no_lead_ge2,60,2026-06-18,Uzbekistan vs. Colombia,1-3,2,Colombia,Will Uzbekistan vs. Colombia end in a draw?,No,2,,,,,,,,,3,74.95,0.999,0.999,0.0971,0.0971,0,0,0,0,0,0,0,0,0,0,3,74.95,[]
draw_no_lead_ge2,120,2026-06-18,Uzbekistan vs. Colombia,1-3,2,Colombia,Will Uzbekistan vs. Colombia end in a draw?,No,2,,,,,,,,,20,41787.63,0.99,0.999,0.9801,0.0971,0,0,0,0,0,0,12,29622.57,12,29622.57,20,41787.63,[]
draw_no_lead_ge2,180,2026-06-18,Uzbekistan vs. Colombia,1-3,2,Colombia,Will Uzbekistan vs. Colombia end in a draw?,No,2,,,,,,,,,39,45212.47,0.99,0.999,0.9801,0.0971,0,0,0,0,0,0,31,33047.41,31,33047.41,39,45212.47,[]
draw_no_lead_ge2,300,2026-06-18,Uzbekistan vs. Colombia,1-3,2,Colombia,Will Uzbekistan vs. Colombia end in a draw?,No,2,,,,,,,,,145,66486.038967,0.93,0.999,7.3169,0.0971,40,8126.097611,87,17801.045635,106,21273.568967,137,54320.978967,137,54320.978967,145,66486.038967,[]
draw_no_lead_ge2,480,2026-06-18,Uzbekistan vs. Colombia,1-3,2,Colombia,Will Uzbekistan vs. Colombia end in a draw?,No,2,,,,,,,,,265,88563.828976,0.91,0.999,9.6201,0.0971,146,21620.76222,207,39878.835644,226,43351.358976,257,76398.768976,257,76398.768976,265,88563.828976,[]
team_total_under_loss_ge2,60,2026-06-18,Uzbekistan vs. Colombia,1-3,2,Colombia,Uzbekistan vs. Colombia: Uzbekistan O/U 2.5,Under,2,2.5,,,Uzbekistan,1,,,,0,0,,,,,0,0,0,0,0,0,0,0,0,0,0,0,[]
team_total_under_loss_ge2,120,2026-06-18,Uzbekistan vs. Colombia,1-3,2,Colombia,Uzbekistan vs. Colombia: Uzbekistan O/U 2.5,Under,2,2.5,,,Uzbekistan,1,,,,0,0,,,,,0,0,0,0,0,0,0,0,0,0,0,0,[]
team_total_under_loss_ge2,180,2026-06-18,Uzbekistan vs. Colombia,1-3,2,Colombia,Uzbekistan vs. Colombia: Uzbekistan O/U 2.5,Under,2,2.5,,,Uzbekistan,1,,,,0,0,,,,,0,0,0,0,0,0,0,0,0,0,0,0,[]
team_total_under_loss_ge2,300,2026-06-18,Uzbekistan vs. Colombia,1-3,2,Colombia,Uzbekistan vs. Colombia: Uzbekistan O/U 2.5,Under,2,2.5,,,Uzbekistan,1,,,,2,1533.980399,0.9989999984990025,0.999,0.0971,0.0971,0,0,0,0,0,0,0,0,0,0,2,1533.980399,[]
team_total_under_loss_ge2,480,2026-06-18,Uzbekistan vs. Colombia,1-3,2,Colombia,Uzbekistan vs. Colombia: Uzbekistan O/U 2.5,Under,2,2.5,,,Uzbekistan,1,,,,2,1533.980399,0.9989999984990025,0.999,0.0971,0.0971,0,0,0,0,0,0,0,0,0,0,2,1533.980399,[]
loser_no,60,2026-06-18,Uzbekistan vs. Colombia,1-3,2,Colombia,Will Uzbekistan win on 2026-06-17?,No,3,,,,,,Uzbekistan,,,0,0,,,,,0,0,0,0,0,0,0,0,0,0,0,0,[]
loser_no,120,2026-06-18,Uzbekistan vs. Colombia,1-3,2,Colombia,Will Uzbekistan win on 2026-06-17?,No,3,,,,,,Uzbekistan,,,3,930.76,0.999,0.999,0.0971,0.0971,0,0,0,0,0,0,0,0,0,0,3,930.76,[]
loser_no,180,2026-06-18,Uzbekistan vs. Colombia,1-3,2,Colombia,Will Uzbekistan win on 2026-06-17?,No,3,,,,,,Uzbekistan,,,11,5594.71,0.999,0.999,0.0971,0.0971,0,0,0,0,0,0,0,0,0,0,11,5594.71,[]
loser_no,300,2026-06-18,Uzbekistan vs. Colombia,1-3,2,Colombia,Will Uzbekistan win on 2026-06-17?,No,3,,,,,,Uzbekistan,,,24,13060.42,0.999,0.999,0.0971,0.0971,0,0,0,0,0,0,0,0,0,0,24,13060.42,[]
loser_no,480,2026-06-18,Uzbekistan vs. Colombia,1-3,2,Colombia,Will Uzbekistan win on 2026-06-17?,No,3,,,,,,Uzbekistan,,,46,24735.886763,0.997,0.999,0.2919,0.0971,0,0,0,0,0,0,0,0,0,0,46,24735.886763,[]
total_under_loss_ge2,60,2026-06-18,Uzbekistan vs. Colombia,1-3,2,Colombia,Uzbekistan vs. Colombia: O/U 5.5,Under,2,5.5,,4,,,,,,2,5.26,0.999,0.999,0.0971,0.0971,0,0,0,0,0,0,0,0,0,0,2,5.26,[]
total_under_loss_ge2,120,2026-06-18,Uzbekistan vs. Colombia,1-3,2,Colombia,Uzbekistan vs. Colombia: O/U 5.5,Under,2,5.5,,4,,,,,,3,69.08,0.999,0.999,0.0971,0.0971,0,0,0,0,0,0,0,0,0,0,3,69.08,[]
total_under_loss_ge2,180,2026-06-18,Uzbekistan vs. Colombia,1-3,2,Colombia,Uzbekistan vs. Colombia: O/U 5.5,Under,2,5.5,,4,,,,,,3,69.08,0.999,0.999,0.0971,0.0971,0,0,0,0,0,0,0,0,0,0,3,69.08,[]
total_under_loss_ge2,300,2026-06-18,Uzbekistan vs. Colombia,1-3,2,Colombia,Uzbekistan vs. Colombia: O/U 5.5,Under,2,5.5,,4,,,,,,5,78.45,0.999,0.999,0.0971,0.0971,0,0,0,0,0,0,0,0,0,0,5,78.45,[]
total_under_loss_ge2,480,2026-06-18,Uzbekistan vs. Colombia,1-3,2,Colombia,Uzbekistan vs. Colombia: O/U 5.5,Under,2,5.5,,4,,,,,,7,97.9,0.999,0.999,0.0971,0.0971,0,0,0,0,0,0,0,0,0,0,7,97.9,[]
leader_yes_lead_ge2,60,2026-06-18,Uzbekistan vs. Colombia,1-3,2,Colombia,Will Colombia win on 2026-06-17?,Yes,2,,,,,,,,,37,12873.26,0.999,0.999,0.0971,0.0971,0,0,0,0,0,0,0,0,0,0,37,12873.26,[]
leader_yes_lead_ge2,120,2026-06-18,Uzbekistan vs. Colombia,1-3,2,Colombia,Will Colombia win on 2026-06-17?,Yes,2,,,,,,,,,77,30824.79,0.999,0.999,0.0971,0.0971,0,0,0,0,0,0,0,0,0,0,77,30824.79,[]
leader_yes_lead_ge2,180,2026-06-18,Uzbekistan vs. Colombia,1-3,2,Colombia,Will Colombia win on 2026-06-17?,Yes,2,,,,,,,,,140,54007.35,0.99,0.999,0.9801,0.0971,0,0,0,0,0,0,3,2331.4,7,2406.4,140,54007.35,[]
leader_yes_lead_ge2,300,2026-06-18,Uzbekistan vs. Colombia,1-3,2,Colombia,Will Colombia win on 2026-06-17?,Yes,2,,,,,,,,,315,112824.158564,0.92,0.999,8.4557,0.0971,90,22375.34345,144,54435.673137,153,56711.906786,178,61148.208564,182,61223.208564,315,112824.158564,[]
leader_yes_lead_ge2,480,2026-06-18,Uzbekistan vs. Colombia,1-3,2,Colombia,Will Colombia win on 2026-06-17?,Yes,2,,,,,,,,,432,144101.781593,0.92,0.999,8.4557,0.0971,143,29089.774374,261,85713.296166,270,87989.529815,295,92425.831593,299,92500.831593,432,144101.781593,[]
team_total_over_locked,60,2026-06-18,Uzbekistan vs. Colombia,1-3,2,Colombia,Uzbekistan vs. Colombia: Colombia O/U 2.5,Over,999,2.5,,,Colombia,3,,,True,8,420.05,0.99,0.99,0.9801,0.9801,0,0,0,0,0,0,8,420.05,8,420.05,8,420.05,[]
team_total_over_locked,120,2026-06-18,Uzbekistan vs. Colombia,1-3,2,Colombia,Uzbekistan vs. Colombia: Colombia O/U 2.5,Over,999,2.5,,,Colombia,3,,,True,16,934.59,0.96,0.99,4.0467,0.9801,0,0,1,22.5,1,22.5,16,934.59,16,934.59,16,934.59,[]
team_total_over_locked,180,2026-06-18,Uzbekistan vs. Colombia,1-3,2,Colombia,Uzbekistan vs. Colombia: Colombia O/U 2.5,Over,999,2.5,,,Colombia,3,,,True,29,1878.416664,0.0839454094292804,0.99,1088.5022,0.9801,6,529.696664,8,742.286664,12,906.326664,29,1878.416664,29,1878.416664,29,1878.416664,[]
team_total_over_locked,300,2026-06-18,Uzbekistan vs. Colombia,1-3,2,Colombia,Uzbekistan vs. Colombia: Colombia O/U 2.5,Over,999,2.5,,,Colombia,3,,,True,31,1903.926864,0.02,0.99,4897.06,0.9801,8,555.206864,10,767.796864,14,931.836864,31,1903.926864,31,1903.926864,31,1903.926864,[]
team_total_over_locked,480,2026-06-18,Uzbekistan vs. Colombia,1-3,2,Colombia,Uzbekistan vs. Colombia: Colombia O/U 2.5,Over,999,2.5,,,Colombia,3,,,True,47,7025.622185,0.02,0.99,4897.06,0.9801,24,5676.902185,26,5889.492185,30,6053.532185,47,7025.622185,47,7025.622185,47,7025.622185,[]
team_total_under_loss_ge2,60,2026-06-18,Czechia vs. South Africa,1-1,0,,Czechia vs. South Africa: Czechia O/U 2.5,Under,2,2.5,,,Czechia,1,,,,1,76.67,0.999,0.999,0.0971,0.0971,0,0,0,0,0,0,0,0,0,0,1,76.67,[]
team_total_under_loss_ge2,120,2026-06-18,Czechia vs. South Africa,1-1,0,,Czechia vs. South Africa: Czechia O/U 2.5,Under,2,2.5,,,Czechia,1,,,,2,93.12,0.99,0.999,0.9801,0.0971,0,0,0,0,0,0,1,16.45,1,16.45,2,93.12,[]
team_total_under_loss_ge2,180,2026-06-18,Czechia vs. South Africa,1-1,0,,Czechia vs. South Africa: Czechia O/U 2.5,Under,2,2.5,,,Czechia,1,,,,3,97.22,0.99,0.999,0.9801,0.0971,0,0,0,0,0,0,2,20.55,2,20.55,3,97.22,[]
team_total_under_loss_ge2,300,2026-06-18,Czechia vs. South Africa,1-1,0,,Czechia vs. South Africa: Czechia O/U 2.5,Under,2,2.5,,,Czechia,1,,,,3,97.22,0.99,0.999,0.9801,0.0971,0,0,0,0,0,0,2,20.55,2,20.55,3,97.22,[]
team_total_under_loss_ge2,480,2026-06-18,Czechia vs. South Africa,1-1,0,,Czechia vs. South Africa: Czechia O/U 2.5,Under,2,2.5,,,Czechia,1,,,,4,147.22,0.98,0.999,1.9808,0.0971,0,0,0,0,1,50.0,3,70.55,3,70.55,4,147.22,[]
total_over_locked,60,2026-06-18,Uzbekistan vs. Colombia,1-3,2,Colombia,Uzbekistan vs. Colombia: O/U 3.5,Over,999,3.5,,4,,,,,True,22,6041.85,0.999,0.999,0.0971,0.0971,0,0,0,0,0,0,0,0,0,0,22,6041.85,[]
total_over_locked,120,2026-06-18,Uzbekistan vs. Colombia,1-3,2,Colombia,Uzbekistan vs. Colombia: O/U 3.5,Over,999,3.5,,4,,,,,True,50,14818.8,0.99,0.999,0.9801,0.0971,0,0,0,0,0,0,15,4536.18,15,4536.18,50,14818.8,[]
total_over_locked,180,2026-06-18,Uzbekistan vs. Colombia,1-3,2,Colombia,Uzbekistan vs. Colombia: O/U 3.5,Over,999,3.5,,4,,,,,True,166,52045.023371,0.05183895139668645,0.999,1826.2069,0.0971,31,5597.517603,66,16127.537603,79,16815.581535,131,41762.403371,131,41762.403371,166,52045.023371,[]
total_over_locked,300,2026-06-18,Uzbekistan vs. Colombia,1-3,2,Colombia,Uzbekistan vs. Colombia: O/U 3.5,Over,999,3.5,,4,,,,,True,378,140538.297559,0.01,0.999,9897.03,0.0971,243,94090.791791,278,104620.811791,291,105308.855723,343,130255.677559,343,130255.677559,378,140538.297559,[]
total_over_locked,480,2026-06-18,Uzbekistan vs. Colombia,1-3,2,Colombia,Uzbekistan vs. Colombia: O/U 3.5,Over,999,3.5,,4,,,,,True,470,161192.182472,0.01,0.999,9897.03,0.0971,335,114744.676704,370,125274.696704,383,125962.740636,435,150909.562472,435,150909.562472,470,161192.182472,[]
spread_tight_loss_ge2,60,2026-06-18,Czechia vs. South Africa,1-1,0,,Spread: Czechia (-1.5),South Africa,2,1.5,2,,,,,other_side,,1,277.0,0.999,0.999,0.0971,0.0971,0,0,0,0,0,0,0,0,0,0,1,277.0,[]
spread_tight_loss_ge2,120,2026-06-18,Czechia vs. South Africa,1-1,0,,Spread: Czechia (-1.5),South Africa,2,1.5,2,,,,,other_side,,4,396.53111,0.991,0.999,0.8812,0.0971,0,0,0,0,0,0,0,0,3,119.53111,4,396.53111,[]
spread_tight_loss_ge2,180,2026-06-18,Czechia vs. South Africa,1-1,0,,Spread: Czechia (-1.5),South Africa,2,1.5,2,,,,,other_side,,8,3403.46711,0.991,0.999,0.8812,0.0971,0,0,0,0,0,0,0,0,4,162.60111,8,3403.46711,[]
spread_tight_loss_ge2,300,2026-06-18,Czechia vs. South Africa,1-1,0,,Spread: Czechia (-1.5),South Africa,2,1.5,2,,,,,other_side,,10,3772.95711,0.981,0.999,1.8798,0.0971,0,0,0,0,0,0,2,369.49,6,532.09111,10,3772.95711,[]
spread_tight_loss_ge2,480,2026-06-18,Czechia vs. South Africa,1-1,0,,Spread: Czechia (-1.5),South Africa,2,1.5,2,,,,,other_side,,12,3920.24711,0.96,0.999,4.0467,0.0971,0,0,1,12.16,1,12.16,4,516.78,8,679.38111,12,3920.24711,[]
team_total_over_locked,60,2026-06-18,Czechia vs. South Africa,1-1,0,,Czechia vs. South Africa: Czechia O/U 0.5,Over,999,0.5,,,Czechia,1,,,True,0,0,,,,,0,0,0,0,0,0,0,0,0,0,0,0,[]
team_total_over_locked,120,2026-06-18,Czechia vs. South Africa,1-1,0,,Czechia vs. South Africa: Czechia O/U 0.5,Over,999,0.5,,,Czechia,1,,,True,0,0,,,,,0,0,0,0,0,0,0,0,0,0,0,0,[]
team_total_over_locked,180,2026-06-18,Czechia vs. South Africa,1-1,0,,Czechia vs. South Africa: Czechia O/U 0.5,Over,999,0.5,,,Czechia,1,,,True,0,0,,,,,0,0,0,0,0,0,0,0,0,0,0,0,[]
team_total_over_locked,300,2026-06-18,Czechia vs. South Africa,1-1,0,,Czechia vs. South Africa: Czechia O/U 0.5,Over,999,0.5,,,Czechia,1,,,True,1,6.25,0.999,0.999,0.0971,0.0971,0,0,0,0,0,0,0,0,0,0,1,6.25,[]
team_total_over_locked,480,2026-06-18,Czechia vs. South Africa,1-1,0,,Czechia vs. South Africa: Czechia O/U 0.5,Over,999,0.5,,,Czechia,1,,,True,2,12.42,0.999,0.999,0.0971,0.0971,0,0,0,0,0,0,0,0,0,0,2,12.42,[]
btts_yes_locked,60,2026-06-18,Uzbekistan vs. Colombia,1-3,2,Colombia,Uzbekistan vs. Colombia: Both Teams to Score,Yes,999,,,,,,,,True,3,967.15,0.999,0.999,0.0971,0.0971,0,0,0,0,0,0,0,0,0,0,3,967.15,[]
btts_yes_locked,120,2026-06-18,Uzbekistan vs. Colombia,1-3,2,Colombia,Uzbekistan vs. Colombia: Both Teams to Score,Yes,999,,,,,,,,True,6,1038.53,0.999,0.999,0.0971,0.0971,0,0,0,0,0,0,0,0,0,0,6,1038.53,[]
btts_yes_locked,180,2026-06-18,Uzbekistan vs. Colombia,1-3,2,Colombia,Uzbekistan vs. Colombia: Both Teams to Score,Yes,999,,,,,,,,True,6,1038.53,0.999,0.999,0.0971,0.0971,0,0,0,0,0,0,0,0,0,0,6,1038.53,[]
btts_yes_locked,300,2026-06-18,Uzbekistan vs. Colombia,1-3,2,Colombia,Uzbekistan vs. Colombia: Both Teams to Score,Yes,999,,,,,,,,True,8,1092.92,0.999,0.999,0.0971,0.0971,0,0,0,0,0,0,0,0,0,0,8,1092.92,[]
btts_yes_locked,480,2026-06-18,Uzbekistan vs. Colombia,1-3,2,Colombia,Uzbekistan vs. Colombia: Both Teams to Score,Yes,999,,,,,,,,True,19,1353.3,0.999,0.999,0.0971,0.0971,0,0,0,0,0,0,0,0,0,0,19,1353.3,[]
total_under_loss_ge2,60,2026-06-18,Czechia vs. South Africa,1-1,0,,Czechia vs. South Africa: O/U 3.5,Under,2,3.5,,2,,,,,,4,1162.68,0.992,0.999,0.7825,0.0971,0,0,0,0,0,0,0,0,1,2.59,4,1162.68,[]
total_under_loss_ge2,120,2026-06-18,Czechia vs. South Africa,1-1,0,,Czechia vs. South Africa: O/U 3.5,Under,2,3.5,,2,,,,,,9,4636.744711,0.99,0.999,0.9801,0.0971,0,0,0,0,0,0,1,110.57,3,145.59,9,4636.744711,[]
total_under_loss_ge2,180,2026-06-18,Czechia vs. South Africa,1-1,0,,Czechia vs. South Africa: O/U 3.5,Under,2,3.5,,2,,,,,,18,10402.856156,0.99,0.999,0.9801,0.0971,0,0,0,0,0,0,1,110.57,12,5911.701445,18,10402.856156,[]
total_under_loss_ge2,300,2026-06-18,Czechia vs. South Africa,1-1,0,,Czechia vs. South Africa: O/U 3.5,Under,2,3.5,,2,,,,,,39,44220.677992,0.98,0.999,1.9808,0.0971,0,0,0,0,2,20006.55,16,27960.936651,33,39729.523281,39,44220.677992,[]
total_under_loss_ge2,480,2026-06-18,Czechia vs. South Africa,1-1,0,,Czechia vs. South Africa: O/U 3.5,Under,2,3.5,,2,,,,,,50,47446.917338,0.96,0.999,4.0467,0.0971,0,0,2,1273.12,13,23232.789346,27,31187.175997,44,42955.762627,50,47446.917338,[]
spread_tight_loss_ge2,60,2026-06-18,Switzerland vs. Bosnia-Herzegovina,4-1,3,Switzerland,Spread: Switzerland (-4.5),Bosnia-Herzegovina,2,4.5,5,,,,,other_side,,2,2111.11111,0.991000000891,0.999,0.8812,0.0971,0,0,0,0,0,0,0,0,1,1111.11111,2,2111.11111,[]
spread_tight_loss_ge2,120,2026-06-18,Switzerland vs. Bosnia-Herzegovina,4-1,3,Switzerland,Spread: Switzerland (-4.5),Bosnia-Herzegovina,2,4.5,5,,,,,other_side,,6,8024.22711,0.991000000891,0.999,0.8812,0.0971,0,0,0,0,0,0,0,0,2,2133.22711,6,8024.22711,[]
spread_tight_loss_ge2,180,2026-06-18,Switzerland vs. Bosnia-Herzegovina,4-1,3,Switzerland,Spread: Switzerland (-4.5),Bosnia-Herzegovina,2,4.5,5,,,,,other_side,,6,8024.22711,0.991000000891,0.999,0.8812,0.0971,0,0,0,0,0,0,0,0,2,2133.22711,6,8024.22711,[]
spread_tight_loss_ge2,300,2026-06-18,Switzerland vs. Bosnia-Herzegovina,4-1,3,Switzerland,Spread: Switzerland (-4.5),Bosnia-Herzegovina,2,4.5,5,,,,,other_side,,6,8024.22711,0.991000000891,0.999,0.8812,0.0971,0,0,0,0,0,0,0,0,2,2133.22711,6,8024.22711,[]
spread_tight_loss_ge2,480,2026-06-18,Switzerland vs. Bosnia-Herzegovina,4-1,3,Switzerland,Spread: Switzerland (-4.5),Bosnia-Herzegovina,2,4.5,5,,,,,other_side,,6,8024.22711,0.991000000891,0.999,0.8812,0.0971,0,0,0,0,0,0,0,0,2,2133.22711,6,8024.22711,[]
total_under_loss_ge2,60,2026-06-18,Switzerland vs. Bosnia-Herzegovina,4-1,3,Switzerland,Switzerland vs. Bosnia-Herzegovina: O/U 6.5,Under,2,6.5,,5,,,,,,0,0,,,,,0,0,0,0,0,0,0,0,0,0,0,0,[]
total_under_loss_ge2,120,2026-06-18,Switzerland vs. Bosnia-Herzegovina,4-1,3,Switzerland,Switzerland vs. Bosnia-Herzegovina: O/U 6.5,Under,2,6.5,,5,,,,,,0,0,,,,,0,0,0,0,0,0,0,0,0,0,0,0,[]
total_under_loss_ge2,180,2026-06-18,Switzerland vs. Bosnia-Herzegovina,4-1,3,Switzerland,Switzerland vs. Bosnia-Herzegovina: O/U 6.5,Under,2,6.5,,5,,,,,,0,0,,,,,0,0,0,0,0,0,0,0,0,0,0,0,[]
total_under_loss_ge2,300,2026-06-18,Switzerland vs. Bosnia-Herzegovina,4-1,3,Switzerland,Switzerland vs. Bosnia-Herzegovina: O/U 6.5,Under,2,6.5,,5,,,,,,0,0,,,,,0,0,0,0,0,0,0,0,0,0,0,0,[]
total_under_loss_ge2,480,2026-06-18,Switzerland vs. Bosnia-Herzegovina,4-1,3,Switzerland,Switzerland vs. Bosnia-Herzegovina: O/U 6.5,Under,2,6.5,,5,,,,,,0,0,,,,,0,0,0,0,0,0,0,0,0,0,0,0,[]
total_over_locked,60,2026-06-18,Czechia vs. South Africa,1-1,0,,Czechia vs. South Africa: O/U 1.5,Over,999,1.5,,2,,,,,True,2,867.14,0.999,0.999,0.0971,0.0971,0,0,0,0,0,0,0,0,0,0,2,867.14,[]
total_over_locked,120,2026-06-18,Czechia vs. South Africa,1-1,0,,Czechia vs. South Africa: O/U 1.5,Over,999,1.5,,2,,,,,True,6,1433.52,0.999,0.999,0.0971,0.0971,0,0,0,0,0,0,0,0,0,0,6,1433.52,[]
total_over_locked,180,2026-06-18,Czechia vs. South Africa,1-1,0,,Czechia vs. South Africa: O/U 1.5,Over,999,1.5,,2,,,,,True,7,1444.5,0.999,0.999,0.0971,0.0971,0,0,0,0,0,0,0,0,0,0,7,1444.5,[]
total_over_locked,300,2026-06-18,Czechia vs. South Africa,1-1,0,,Czechia vs. South Africa: O/U 1.5,Over,999,1.5,,2,,,,,True,14,2939.35,0.999,0.999,0.0971,0.0971,0,0,0,0,0,0,0,0,0,0,14,2939.35,[]
total_over_locked,480,2026-06-18,Czechia vs. South Africa,1-1,0,,Czechia vs. South Africa: O/U 1.5,Over,999,1.5,,2,,,,,True,33,8570.68,0.999,0.999,0.0971,0.0971,0,0,0,0,0,0,0,0,0,0,33,8570.68,[]
team_total_under_loss_ge2,60,2026-06-18,Switzerland vs. Bosnia-Herzegovina,4-1,3,Switzerland,Switzerland vs. Bosnia-Herzegovina: Bosnia-Herzegovina O/U 2.5,Under,2,2.5,,,Bosnia-Herzegovina,1,,,,0,0,,,,,0,0,0,0,0,0,0,0,0,0,0,0,[]
team_total_under_loss_ge2,120,2026-06-18,Switzerland vs. Bosnia-Herzegovina,4-1,3,Switzerland,Switzerland vs. Bosnia-Herzegovina: Bosnia-Herzegovina O/U 2.5,Under,2,2.5,,,Bosnia-Herzegovina,1,,,,0,0,,,,,0,0,0,0,0,0,0,0,0,0,0,0,[]
team_total_under_loss_ge2,180,2026-06-18,Switzerland vs. Bosnia-Herzegovina,4-1,3,Switzerland,Switzerland vs. Bosnia-Herzegovina: Bosnia-Herzegovina O/U 2.5,Under,2,2.5,,,Bosnia-Herzegovina,1,,,,0,0,,,,,0,0,0,0,0,0,0,0,0,0,0,0,[]
team_total_under_loss_ge2,300,2026-06-18,Switzerland vs. Bosnia-Herzegovina,4-1,3,Switzerland,Switzerland vs. Bosnia-Herzegovina: Bosnia-Herzegovina O/U 2.5,Under,2,2.5,,,Bosnia-Herzegovina,1,,,,0,0,,,,,0,0,0,0,0,0,0,0,0,0,0,0,[]
team_total_under_loss_ge2,480,2026-06-18,Switzerland vs. Bosnia-Herzegovina,4-1,3,Switzerland,Switzerland vs. Bosnia-Herzegovina: Bosnia-Herzegovina O/U 2.5,Under,2,2.5,,,Bosnia-Herzegovina,1,,,,2,309.018717,0.9989999675410958,0.999,0.0971,0.0971,0,0,0,0,0,0,0,0,0,0,2,309.018717,[]
btts_yes_locked,60,2026-06-18,Czechia vs. South Africa,1-1,0,,Czechia vs. South Africa: Both Teams to Score,Yes,999,,,,,,,,True,7,312.35,0.999,0.999,0.0971,0.0971,0,0,0,0,0,0,0,0,0,0,7,312.35,[]
btts_yes_locked,120,2026-06-18,Czechia vs. South Africa,1-1,0,,Czechia vs. South Africa: Both Teams to Score,Yes,999,,,,,,,,True,12,551.13,0.999,0.999,0.0971,0.0971,0,0,0,0,0,0,0,0,0,0,12,551.13,[]
btts_yes_locked,180,2026-06-18,Czechia vs. South Africa,1-1,0,,Czechia vs. South Africa: Both Teams to Score,Yes,999,,,,,,,,True,21,2106.42,0.999,0.999,0.0971,0.0971,0,0,0,0,0,0,0,0,0,0,21,2106.42,[]
btts_yes_locked,300,2026-06-18,Czechia vs. South Africa,1-1,0,,Czechia vs. South Africa: Both Teams to Score,Yes,999,,,,,,,,True,30,2732.08,0.999,0.999,0.0971,0.0971,0,0,0,0,0,0,0,0,0,0,30,2732.08,[]
btts_yes_locked,480,2026-06-18,Czechia vs. South Africa,1-1,0,,Czechia vs. South Africa: Both Teams to Score,Yes,999,,,,,,,,True,51,27439.12,0.999,0.999,0.0971,0.0971,0,0,0,0,0,0,0,0,0,0,51,27439.12,[]
draw_no_lead_ge2,60,2026-06-18,Switzerland vs. Bosnia-Herzegovina,4-1,3,Switzerland,Will Switzerland vs. Bosnia and Herzegovina end in a draw?,No,3,,,,,,,,,1,1000.0,0.999,0.999,0.0971,0.0971,0,0,0,0,0,0,0,0,0,0,1,1000.0,[]
draw_no_lead_ge2,120,2026-06-18,Switzerland vs. Bosnia-Herzegovina,4-1,3,Switzerland,Will Switzerland vs. Bosnia and Herzegovina end in a draw?,No,3,,,,,,,,,3,2002.63,0.999,0.999,0.0971,0.0971,0,0,0,0,0,0,0,0,0,0,3,2002.63,[]
draw_no_lead_ge2,180,2026-06-18,Switzerland vs. Bosnia-Herzegovina,4-1,3,Switzerland,Will Switzerland vs. Bosnia and Herzegovina end in a draw?,No,3,,,,,,,,,4,2318.77,0.999,0.999,0.0971,0.0971,0,0,0,0,0,0,0,0,0,0,4,2318.77,[]
draw_no_lead_ge2,300,2026-06-18,Switzerland vs. Bosnia-Herzegovina,4-1,3,Switzerland,Will Switzerland vs. Bosnia and Herzegovina end in a draw?,No,3,,,,,,,,,8,6318.77,0.999,0.999,0.0971,0.0971,0,0,0,0,0,0,0,0,0,0,8,6318.77,[]
draw_no_lead_ge2,480,2026-06-18,Switzerland vs. Bosnia-Herzegovina,4-1,3,Switzerland,Will Switzerland vs. Bosnia and Herzegovina end in a draw?,No,3,,,,,,,,,19,33551.48,0.999,0.999,0.0971,0.0971,0,0,0,0,0,0,0,0,0,0,19,33551.48,[]
total_over_locked,60,2026-06-18,Switzerland vs. Bosnia-Herzegovina,4-1,3,Switzerland,Switzerland vs. Bosnia and Herzegovina: O/U 4.5,Over,999,4.5,,5,,,,,True,24,6032.85,0.999,0.999,0.0971,0.0971,0,0,0,0,0,0,0,0,0,0,24,6032.85,[]
total_over_locked,120,2026-06-18,Switzerland vs. Bosnia-Herzegovina,4-1,3,Switzerland,Switzerland vs. Bosnia and Herzegovina: O/U 4.5,Over,999,4.5,,5,,,,,True,260,59486.026622,0.75,0.999,32.5833,0.0971,196,19572.517306,197,19705.847306,198,19833.077306,216,26181.656122,217,26835.656122,260,59486.026622,[]
total_over_locked,180,2026-06-18,Switzerland vs. Bosnia-Herzegovina,4-1,3,Switzerland,Switzerland vs. Bosnia and Herzegovina: O/U 4.5,Over,999,4.5,,5,,,,,True,707,116762.188783,0.07,0.999,1325.7814,0.0971,643,76848.679467,644,76982.009467,645,77109.239467,663,83457.818283,664,84111.818283,707,116762.188783,[]
total_over_locked,300,2026-06-18,Switzerland vs. Bosnia-Herzegovina,4-1,3,Switzerland,Switzerland vs. Bosnia and Herzegovina: O/U 4.5,Over,999,4.5,,5,,,,,True,910,171654.810744,0.062,0.999,1510.0892,0.0971,846,131741.301428,847,131874.631428,848,132001.861428,866,138350.440244,867,139004.440244,910,171654.810744,[]
total_over_locked,480,2026-06-18,Switzerland vs. Bosnia-Herzegovina,4-1,3,Switzerland,Switzerland vs. Bosnia and Herzegovina: O/U 4.5,Over,999,4.5,,5,,,,,True,968,203062.121619,0.006000000002334676,0.999,16563.6847,0.0971,904,163148.612303,905,163281.942303,906,163409.172303,924,169757.751119,925,170411.751119,968,203062.121619,[]
team_total_over_locked,60,2026-06-18,Switzerland vs. Bosnia-Herzegovina,4-1,3,Switzerland,Switzerland vs. Bosnia-Herzegovina: Bosnia-Herzegovina O/U 0.5,Over,999,0.5,,,Bosnia-Herzegovina,1,,,True,4,1067.49,0.999,0.999,0.0971,0.0971,0,0,0,0,0,0,0,0,0,0,4,1067.49,[]
team_total_over_locked,120,2026-06-18,Switzerland vs. Bosnia-Herzegovina,4-1,3,Switzerland,Switzerland vs. Bosnia-Herzegovina: Bosnia-Herzegovina O/U 0.5,Over,999,0.5,,,Bosnia-Herzegovina,1,,,True,12,41800.26,0.999,0.999,0.0971,0.0971,0,0,0,0,0,0,0,0,0,0,12,41800.26,[]
team_total_over_locked,180,2026-06-18,Switzerland vs. Bosnia-Herzegovina,4-1,3,Switzerland,Switzerland vs. Bosnia-Herzegovina: Bosnia-Herzegovina O/U 0.5,Over,999,0.5,,,Bosnia-Herzegovina,1,,,True,18,42005.89,0.999,0.999,0.0971,0.0971,0,0,0,0,0,0,0,0,0,0,18,42005.89,[]
team_total_over_locked,300,2026-06-18,Switzerland vs. Bosnia-Herzegovina,4-1,3,Switzerland,Switzerland vs. Bosnia-Herzegovina: Bosnia-Herzegovina O/U 0.5,Over,999,0.5,,,Bosnia-Herzegovina,1,,,True,29,43185.28,0.98,0.999,1.9808,0.0971,0,0,0,0,1,35.75,5,809.69,7,886.31,29,43185.28,[]
team_total_over_locked,480,2026-06-18,Switzerland vs. Bosnia-Herzegovina,4-1,3,Switzerland,Switzerland vs. Bosnia-Herzegovina: Bosnia-Herzegovina O/U 0.5,Over,999,0.5,,,Bosnia-Herzegovina,1,,,True,69,51685.950281,0.01,0.999,9897.03,0.0971,22,2788.224281,23,2968.224281,26,3028.274281,35,4587.354281,38,4763.974281,69,51685.950281,[]
leader_yes_lead_ge2,60,2026-06-18,Switzerland vs. Bosnia-Herzegovina,4-1,3,Switzerland,Will Switzerland win on 2026-06-18?,Yes,3,,,,,,,,,34,10457.11,0.999,0.999,0.0971,0.0971,0,0,0,0,0,0,0,0,0,0,34,10457.11,[]
leader_yes_lead_ge2,120,2026-06-18,Switzerland vs. Bosnia-Herzegovina,4-1,3,Switzerland,Will Switzerland win on 2026-06-18?,Yes,3,,,,,,,,,49,11602.05,0.999,0.999,0.0971,0.0971,0,0,0,0,0,0,0,0,0,0,49,11602.05,[]
leader_yes_lead_ge2,180,2026-06-18,Switzerland vs. Bosnia-Herzegovina,4-1,3,Switzerland,Will Switzerland win on 2026-06-18?,Yes,3,,,,,,,,,74,15779.93,0.999,0.999,0.0971,0.0971,0,0,0,0,0,0,0,0,0,0,74,15779.93,[]
leader_yes_lead_ge2,300,2026-06-18,Switzerland vs. Bosnia-Herzegovina,4-1,3,Switzerland,Will Switzerland win on 2026-06-18?,Yes,3,,,,,,,,,130,27435.63,0.999,0.999,0.0971,0.0971,0,0,0,0,0,0,0,0,0,0,130,27435.63,[]
leader_yes_lead_ge2,480,2026-06-18,Switzerland vs. Bosnia-Herzegovina,4-1,3,Switzerland,Will Switzerland win on 2026-06-18?,Yes,3,,,,,,,,,259,50469.49,0.999,0.999,0.0971,0.0971,0,0,0,0,0,0,0,0,0,0,259,50469.49,[]
spread_tight_loss_ge2,60,2026-06-18,Canada vs. Qatar,6-0,6,Canada,Spread: Canada (-4.5),Canada,2,-4.5,5,,,,,favorite_cover,,0,0,,,,,0,0,0,0,0,0,0,0,0,0,0,0,[]
spread_tight_loss_ge2,120,2026-06-18,Canada vs. Qatar,6-0,6,Canada,Spread: Canada (-4.5),Canada,2,-4.5,5,,,,,favorite_cover,,2,27.66,0.999,0.999,0.0971,0.0971,0,0,0,0,0,0,0,0,0,0,2,27.66,[]
spread_tight_loss_ge2,180,2026-06-18,Canada vs. Qatar,6-0,6,Canada,Spread: Canada (-4.5),Canada,2,-4.5,5,,,,,favorite_cover,,2,27.66,0.999,0.999,0.0971,0.0971,0,0,0,0,0,0,0,0,0,0,2,27.66,[]
spread_tight_loss_ge2,300,2026-06-18,Canada vs. Qatar,6-0,6,Canada,Spread: Canada (-4.5),Canada,2,-4.5,5,,,,,favorite_cover,,5,1811.9,0.999,0.999,0.0971,0.0971,0,0,0,0,0,0,0,0,0,0,5,1811.9,[]
spread_tight_loss_ge2,480,2026-06-18,Canada vs. Qatar,6-0,6,Canada,Spread: Canada (-4.5),Canada,2,-4.5,5,,,,,favorite_cover,,8,2000.46,0.993,0.999,0.6839,0.0971,0,0,0,0,0,0,0,0,1,182.19,8,2000.46,[]
btts_yes_locked,60,2026-06-18,Switzerland vs. Bosnia-Herzegovina,4-1,3,Switzerland,Switzerland vs. Bosnia and Herzegovina: Both Teams to Score,Yes,999,,,,,,,,True,27,3563.15,0.999,0.999,0.0971,0.0971,0,0,0,0,0,0,0,0,0,0,27,3563.15,[]
btts_yes_locked,120,2026-06-18,Switzerland vs. Bosnia-Herzegovina,4-1,3,Switzerland,Switzerland vs. Bosnia and Herzegovina: Both Teams to Score,Yes,999,,,,,,,,True,56,5846.29,0.999,0.999,0.0971,0.0971,0,0,0,0,0,0,0,0,0,0,56,5846.29,[]
btts_yes_locked,180,2026-06-18,Switzerland vs. Bosnia-Herzegovina,4-1,3,Switzerland,Switzerland vs. Bosnia and Herzegovina: Both Teams to Score,Yes,999,,,,,,,,True,90,11990.5,0.999,0.999,0.0971,0.0971,0,0,0,0,0,0,0,0,0,0,90,11990.5,[]
btts_yes_locked,300,2026-06-18,Switzerland vs. Bosnia-Herzegovina,4-1,3,Switzerland,Switzerland vs. Bosnia and Herzegovina: Both Teams to Score,Yes,999,,,,,,,,True,198,181327.27,0.99,0.999,0.9801,0.0971,0,0,0,0,0,0,64,10918.98,64,10918.98,198,181327.27,[]
btts_yes_locked,480,2026-06-18,Switzerland vs. Bosnia-Herzegovina,4-1,3,Switzerland,Switzerland vs. Bosnia and Herzegovina: Both Teams to Score,Yes,999,,,,,,,,True,330,285475.006409,0.02,0.999,4897.06,0.0971,73,33030.102795,88,33768.238561,97,50070.871168,196,115066.716409,196,115066.716409,330,285475.006409,[]
total_under_loss_ge2,60,2026-06-18,Canada vs. Qatar,6-0,6,Canada,Canada vs. Qatar: O/U 7.5,Under,2,7.5,,6,,,,,,5,413.81,0.999,0.999,0.0971,0.0971,0,0,0,0,0,0,0,0,0,0,5,413.81,[]
total_under_loss_ge2,120,2026-06-18,Canada vs. Qatar,6-0,6,Canada,Canada vs. Qatar: O/U 7.5,Under,2,7.5,,6,,,,,,15,4173.44,0.991,0.999,0.8812,0.0971,0,0,0,0,0,0,0,0,3,41.1,15,4173.44,[]
total_under_loss_ge2,180,2026-06-18,Canada vs. Qatar,6-0,6,Canada,Canada vs. Qatar: O/U 7.5,Under,2,7.5,,6,,,,,,25,6725.071555,0.99,0.999,0.9801,0.0971,0,0,0,0,0,0,5,1325.54,13,2592.731555,25,6725.071555,[]
total_under_loss_ge2,300,2026-06-18,Canada vs. Qatar,6-0,6,Canada,Canada vs. Qatar: O/U 7.5,Under,2,7.5,,6,,,,,,47,12371.497081,0.939,0.999,6.3133,0.0971,7,754.765218,17,2344.346242,20,3336.390163,27,6971.965526,35,8239.157081,47,12371.497081,[]
total_under_loss_ge2,480,2026-06-18,Canada vs. Qatar,6-0,6,Canada,Canada vs. Qatar: O/U 7.5,Under,2,7.5,,6,,,,,,108,23166.930556,0.8,0.999,24.4,0.0971,66,11428.022551,78,13139.779717,81,14131.823638,88,17767.399001,96,19034.590556,108,23166.930556,[]
draw_no_lead_ge2,60,2026-06-18,Canada vs. Qatar,6-0,6,Canada,Will Canada vs. Qatar end in a draw?,No,6,,,,,,,,,0,0,,,,,0,0,0,0,0,0,0,0,0,0,0,0,[]
draw_no_lead_ge2,120,2026-06-18,Canada vs. Qatar,6-0,6,Canada,Will Canada vs. Qatar end in a draw?,No,6,,,,,,,,,0,0,,,,,0,0,0,0,0,0,0,0,0,0,0,0,[]
draw_no_lead_ge2,180,2026-06-18,Canada vs. Qatar,6-0,6,Canada,Will Canada vs. Qatar end in a draw?,No,6,,,,,,,,,0,0,,,,,0,0,0,0,0,0,0,0,0,0,0,0,[]
draw_no_lead_ge2,300,2026-06-18,Canada vs. Qatar,6-0,6,Canada,Will Canada vs. Qatar end in a draw?,No,6,,,,,,,,,0,0,,,,,0,0,0,0,0,0,0,0,0,0,0,0,[]
draw_no_lead_ge2,480,2026-06-18,Canada vs. Qatar,6-0,6,Canada,Will Canada vs. Qatar end in a draw?,No,6,,,,,,,,,2,21236.25,0.999,0.999,0.0971,0.0971,0,0,0,0,0,0,0,0,0,0,2,21236.25,[]
team_total_under_loss_ge2,60,2026-06-18,Canada vs. Qatar,6-0,6,Canada,Canada vs. Qatar: Qatar O/U 1.5,Under,2,1.5,,,Qatar,0,,,,0,0,,,,,0,0,0,0,0,0,0,0,0,0,0,0,[]
team_total_under_loss_ge2,120,2026-06-18,Canada vs. Qatar,6-0,6,Canada,Canada vs. Qatar: Qatar O/U 1.5,Under,2,1.5,,,Qatar,0,,,,0,0,,,,,0,0,0,0,0,0,0,0,0,0,0,0,[]
team_total_under_loss_ge2,180,2026-06-18,Canada vs. Qatar,6-0,6,Canada,Canada vs. Qatar: Qatar O/U 1.5,Under,2,1.5,,,Qatar,0,,,,0,0,,,,,0,0,0,0,0,0,0,0,0,0,0,0,[]
team_total_under_loss_ge2,300,2026-06-18,Canada vs. Qatar,6-0,6,Canada,Canada vs. Qatar: Qatar O/U 1.5,Under,2,1.5,,,Qatar,0,,,,1,6.99,0.999,0.999,0.0971,0.0971,0,0,0,0,0,0,0,0,0,0,1,6.99,[]
team_total_under_loss_ge2,480,2026-06-18,Canada vs. Qatar,6-0,6,Canada,Canada vs. Qatar: Qatar O/U 1.5,Under,2,1.5,,,Qatar,0,,,,3,49.54,0.997,0.999,0.2919,0.0971,0,0,0,0,0,0,0,0,0,0,3,49.54,[]
spread_tight_loss_ge2,60,2026-06-19,Mexico vs. Korea Republic,1-0,1,Mexico,Spread: Mexico (-2.5),Korea Republic,2,2.5,3,,,,,other_side,,0,0,,,,,0,0,0,0,0,0,0,0,0,0,0,0,[]
spread_tight_loss_ge2,120,2026-06-19,Mexico vs. Korea Republic,1-0,1,Mexico,Spread: Mexico (-2.5),Korea Republic,2,2.5,3,,,,,other_side,,0,0,,,,,0,0,0,0,0,0,0,0,0,0,0,0,[]
spread_tight_loss_ge2,180,2026-06-19,Mexico vs. Korea Republic,1-0,1,Mexico,Spread: Mexico (-2.5),Korea Republic,2,2.5,3,,,,,other_side,,1,59.2,0.999,0.999,0.0971,0.0971,0,0,0,0,0,0,0,0,0,0,1,59.2,[]
spread_tight_loss_ge2,300,2026-06-19,Mexico vs. Korea Republic,1-0,1,Mexico,Spread: Mexico (-2.5),Korea Republic,2,2.5,3,,,,,other_side,,1,59.2,0.999,0.999,0.0971,0.0971,0,0,0,0,0,0,0,0,0,0,1,59.2,[]
spread_tight_loss_ge2,480,2026-06-19,Mexico vs. Korea Republic,1-0,1,Mexico,Spread: Mexico (-2.5),Korea Republic,2,2.5,3,,,,,other_side,,1,59.2,0.999,0.999,0.0971,0.0971,0,0,0,0,0,0,0,0,0,0,1,59.2,[]
team_total_over_locked,60,2026-06-18,Canada vs. Qatar,6-0,6,Canada,Canada vs. Qatar: Canada O/U 2.5,Over,999,2.5,,,Canada,6,,,True,1,11.36,0.999,0.999,0.0971,0.0971,0,0,0,0,0,0,0,0,0,0,1,11.36,[]
team_total_over_locked,120,2026-06-18,Canada vs. Qatar,6-0,6,Canada,Canada vs. Qatar: Canada O/U 2.5,Over,999,2.5,,,Canada,6,,,True,1,11.36,0.999,0.999,0.0971,0.0971,0,0,0,0,0,0,0,0,0,0,1,11.36,[]
team_total_over_locked,180,2026-06-18,Canada vs. Qatar,6-0,6,Canada,Canada vs. Qatar: Canada O/U 2.5,Over,999,2.5,,,Canada,6,,,True,1,11.36,0.999,0.999,0.0971,0.0971,0,0,0,0,0,0,0,0,0,0,1,11.36,[]
team_total_over_locked,300,2026-06-18,Canada vs. Qatar,6-0,6,Canada,Canada vs. Qatar: Canada O/U 2.5,Over,999,2.5,,,Canada,6,,,True,2,16.36,0.999,0.999,0.0971,0.0971,0,0,0,0,0,0,0,0,0,0,2,16.36,[]
team_total_over_locked,480,2026-06-18,Canada vs. Qatar,6-0,6,Canada,Canada vs. Qatar: Canada O/U 2.5,Over,999,2.5,,,Canada,6,,,True,2,16.36,0.999,0.999,0.0971,0.0971,0,0,0,0,0,0,0,0,0,0,2,16.36,[]
loser_no,60,2026-06-18,Canada vs. Qatar,6-0,6,Canada,Will Qatar win on 2026-06-18?,No,7,,,,,,Qatar,,,1,34.78,0.999,0.999,0.0971,0.0971,0,0,0,0,0,0,0,0,0,0,1,34.78,[]
loser_no,120,2026-06-18,Canada vs. Qatar,6-0,6,Canada,Will Qatar win on 2026-06-18?,No,7,,,,,,Qatar,,,2,42.3,0.999,0.999,0.0971,0.0971,0,0,0,0,0,0,0,0,0,0,2,42.3,[]
loser_no,180,2026-06-18,Canada vs. Qatar,6-0,6,Canada,Will Qatar win on 2026-06-18?,No,7,,,,,,Qatar,,,2,42.3,0.999,0.999,0.0971,0.0971,0,0,0,0,0,0,0,0,0,0,2,42.3,[]
loser_no,300,2026-06-18,Canada vs. Qatar,6-0,6,Canada,Will Qatar win on 2026-06-18?,No,7,,,,,,Qatar,,,2,42.3,0.999,0.999,0.0971,0.0971,0,0,0,0,0,0,0,0,0,0,2,42.3,[]
loser_no,480,2026-06-18,Canada vs. Qatar,6-0,6,Canada,Will Qatar win on 2026-06-18?,No,7,,,,,,Qatar,,,3,96.64,0.999,0.999,0.0971,0.0971,0,0,0,0,0,0,0,0,0,0,3,96.64,[]
leader_yes_lead_ge2,60,2026-06-18,Canada vs. Qatar,6-0,6,Canada,Will Canada win on 2026-06-18?,Yes,6,,,,,,,,,4,200.25,0.999,0.999,0.0971,0.0971,0,0,0,0,0,0,0,0,0,0,4,200.25,[]
leader_yes_lead_ge2,120,2026-06-18,Canada vs. Qatar,6-0,6,Canada,Will Canada win on 2026-06-18?,Yes,6,,,,,,,,,5,201.56,0.999,0.999,0.0971,0.0971,0,0,0,0,0,0,0,0,0,0,5,201.56,[]
leader_yes_lead_ge2,180,2026-06-18,Canada vs. Qatar,6-0,6,Canada,Will Canada win on 2026-06-18?,Yes,6,,,,,,,,,6,206.81,0.999,0.999,0.0971,0.0971,0,0,0,0,0,0,0,0,0,0,6,206.81,[]
leader_yes_lead_ge2,300,2026-06-18,Canada vs. Qatar,6-0,6,Canada,Will Canada win on 2026-06-18?,Yes,6,,,,,,,,,10,279.01,0.999,0.999,0.0971,0.0971,0,0,0,0,0,0,0,0,0,0,10,279.01,[]
leader_yes_lead_ge2,480,2026-06-18,Canada vs. Qatar,6-0,6,Canada,Will Canada win on 2026-06-18?,Yes,6,,,,,,,,,14,1787.16,0.999,0.999,0.0971,0.0971,0,0,0,0,0,0,0,0,0,0,14,1787.16,[]
total_over_locked,60,2026-06-18,Canada vs. Qatar,6-0,6,Canada,Canada vs. Qatar: O/U 5.5,Over,999,5.5,,6,,,,,True,3,1282.12,0.999,0.999,0.0971,0.0971,0,0,0,0,0,0,0,0,0,0,3,1282.12,[]
total_over_locked,120,2026-06-18,Canada vs. Qatar,6-0,6,Canada,Canada vs. Qatar: O/U 5.5,Over,999,5.5,,6,,,,,True,6,2092.38,0.999,0.999,0.0971,0.0971,0,0,0,0,0,0,0,0,0,0,6,2092.38,[]
total_over_locked,180,2026-06-18,Canada vs. Qatar,6-0,6,Canada,Canada vs. Qatar: O/U 5.5,Over,999,5.5,,6,,,,,True,10,2760.38,0.999,0.999,0.0971,0.0971,0,0,0,0,0,0,0,0,0,0,10,2760.38,[]
total_over_locked,300,2026-06-18,Canada vs. Qatar,6-0,6,Canada,Canada vs. Qatar: O/U 5.5,Over,999,5.5,,6,,,,,True,23,3682.14,0.999,0.999,0.0971,0.0971,0,0,0,0,0,0,0,0,0,0,23,3682.14,[]
total_over_locked,480,2026-06-18,Canada vs. Qatar,6-0,6,Canada,Canada vs. Qatar: O/U 5.5,Over,999,5.5,,6,,,,,True,104,98135.08,0.999,0.999,0.0971,0.0971,0,0,0,0,0,0,0,0,0,0,104,98135.08,[]
team_total_under_loss_ge2,60,2026-06-19,Mexico vs. Korea Republic,1-0,1,Mexico,Mexico vs. Korea Republic: Korea Republic O/U 1.5,Under,2,1.5,,,Korea Republic,0,,,,1,97.99,0.999,0.999,0.0971,0.0971,0,0,0,0,0,0,0,0,0,0,1,97.99,[]
team_total_under_loss_ge2,120,2026-06-19,Mexico vs. Korea Republic,1-0,1,Mexico,Mexico vs. Korea Republic: Korea Republic O/U 1.5,Under,2,1.5,,,Korea Republic,0,,,,1,97.99,0.999,0.999,0.0971,0.0971,0,0,0,0,0,0,0,0,0,0,1,97.99,[]
team_total_under_loss_ge2,180,2026-06-19,Mexico vs. Korea Republic,1-0,1,Mexico,Mexico vs. Korea Republic: Korea Republic O/U 1.5,Under,2,1.5,,,Korea Republic,0,,,,1,97.99,0.999,0.999,0.0971,0.0971,0,0,0,0,0,0,0,0,0,0,1,97.99,[]
team_total_under_loss_ge2,300,2026-06-19,Mexico vs. Korea Republic,1-0,1,Mexico,Mexico vs. Korea Republic: Korea Republic O/U 1.5,Under,2,1.5,,,Korea Republic,0,,,,1,97.99,0.999,0.999,0.0971,0.0971,0,0,0,0,0,0,0,0,0,0,1,97.99,[]
team_total_under_loss_ge2,480,2026-06-19,Mexico vs. Korea Republic,1-0,1,Mexico,Mexico vs. Korea Republic: Korea Republic O/U 1.5,Under,2,1.5,,,Korea Republic,0,,,,2,124.3,0.991,0.999,0.8812,0.0971,0,0,0,0,0,0,0,0,1,26.31,2,124.3,[]
team_total_over_locked,60,2026-06-19,Mexico vs. Korea Republic,1-0,1,Mexico,Mexico vs. Korea Republic: Mexico O/U 0.5,Over,999,0.5,,,Mexico,1,,,True,0,0,,,,,0,0,0,0,0,0,0,0,0,0,0,0,[]
team_total_over_locked,120,2026-06-19,Mexico vs. Korea Republic,1-0,1,Mexico,Mexico vs. Korea Republic: Mexico O/U 0.5,Over,999,0.5,,,Mexico,1,,,True,0,0,,,,,0,0,0,0,0,0,0,0,0,0,0,0,[]
team_total_over_locked,180,2026-06-19,Mexico vs. Korea Republic,1-0,1,Mexico,Mexico vs. Korea Republic: Mexico O/U 0.5,Over,999,0.5,,,Mexico,1,,,True,0,0,,,,,0,0,0,0,0,0,0,0,0,0,0,0,[]
team_total_over_locked,300,2026-06-19,Mexico vs. Korea Republic,1-0,1,Mexico,Mexico vs. Korea Republic: Mexico O/U 0.5,Over,999,0.5,,,Mexico,1,,,True,0,0,,,,,0,0,0,0,0,0,0,0,0,0,0,0,[]
team_total_over_locked,480,2026-06-19,Mexico vs. Korea Republic,1-0,1,Mexico,Mexico vs. Korea Republic: Mexico O/U 0.5,Over,999,0.5,,,Mexico,1,,,True,0,0,,,,,0,0,0,0,0,0,0,0,0,0,0,0,[]
loser_no,60,2026-06-19,Mexico vs. Korea Republic,1-0,1,Mexico,Will Korea Republic win on 2026-06-18?,No,2,,,,,,Korea Republic,,,2,3000.0,0.999,0.999,0.0971,0.0971,0,0,0,0,0,0,0,0,0,0,2,3000.0,[]
loser_no,120,2026-06-19,Mexico vs. Korea Republic,1-0,1,Mexico,Will Korea Republic win on 2026-06-18?,No,2,,,,,,Korea Republic,,,4,3057.28,0.999,0.999,0.0971,0.0971,0,0,0,0,0,0,0,0,0,0,4,3057.28,[]
loser_no,180,2026-06-19,Mexico vs. Korea Republic,1-0,1,Mexico,Will Korea Republic win on 2026-06-18?,No,2,,,,,,Korea Republic,,,35,529421.417,0.998,0.999,0.1944,0.0971,0,0,0,0,0,0,0,0,0,0,35,529421.417,[]
loser_no,300,2026-06-19,Mexico vs. Korea Republic,1-0,1,Mexico,Will Korea Republic win on 2026-06-18?,No,2,,,,,,Korea Republic,,,67,555012.835996,0.991,0.999,0.8812,0.0971,0,0,0,0,0,0,0,0,3,1209.0,67,555012.835996,[]
loser_no,480,2026-06-19,Mexico vs. Korea Republic,1-0,1,Mexico,Will Korea Republic win on 2026-06-18?,No,2,,,,,,Korea Republic,,,107,602301.822687,0.991,0.999,0.8812,0.0971,0,0,0,0,0,0,0,0,20,8082.996108,107,602301.822687,[]
total_under_loss_ge2,60,2026-06-19,Mexico vs. Korea Republic,1-0,1,Mexico,Mexico vs. Korea Republic: O/U 2.5,Under,2,2.5,,1,,,,,,3,210.84,0.999,0.999,0.0971,0.0971,0,0,0,0,0,0,0,0,0,0,3,210.84,[]
total_under_loss_ge2,120,2026-06-19,Mexico vs. Korea Republic,1-0,1,Mexico,Mexico vs. Korea Republic: O/U 2.5,Under,2,2.5,,1,,,,,,5,543.460249,0.998999996999004,0.999,0.0971,0.0971,0,0,0,0,0,0,0,0,0,0,5,543.460249,[]
total_under_loss_ge2,180,2026-06-19,Mexico vs. Korea Republic,1-0,1,Mexico,Mexico vs. Korea Republic: O/U 2.5,Under,2,2.5,,1,,,,,,5,543.460249,0.998999996999004,0.999,0.0971,0.0971,0,0,0,0,0,0,0,0,0,0,5,543.460249,[]
total_under_loss_ge2,300,2026-06-19,Mexico vs. Korea Republic,1-0,1,Mexico,Mexico vs. Korea Republic: O/U 2.5,Under,2,2.5,,1,,,,,,10,691.870249,0.99,0.999,0.9801,0.0971,0,0,0,0,0,0,1,2.24,2,18.96,10,691.870249,[]
total_under_loss_ge2,480,2026-06-19,Mexico vs. Korea Republic,1-0,1,Mexico,Mexico vs. Korea Republic: O/U 2.5,Under,2,2.5,,1,,,,,,39,13250.007868,0.972,0.999,2.7967,0.0971,0,0,0,0,10,6453.132454,28,12126.794119,30,12476.094619,39,13250.007868,[]
spread_tight_loss_ge2,60,2026-06-19,United States vs. Australia,2-0,2,United States,Spread: United States (-3.5),Australia,2,3.5,4,,,,,other_side,,0,0,,,,,0,0,0,0,0,0,0,0,0,0,0,0,[]
spread_tight_loss_ge2,120,2026-06-19,United States vs. Australia,2-0,2,United States,Spread: United States (-3.5),Australia,2,3.5,4,,,,,other_side,,0,0,,,,,0,0,0,0,0,0,0,0,0,0,0,0,[]
spread_tight_loss_ge2,180,2026-06-19,United States vs. Australia,2-0,2,United States,Spread: United States (-3.5),Australia,2,3.5,4,,,,,other_side,,1,13.0,0.999,0.999,0.0971,0.0971,0,0,0,0,0,0,0,0,0,0,1,13.0,[]
spread_tight_loss_ge2,300,2026-06-19,United States vs. Australia,2-0,2,United States,Spread: United States (-3.5),Australia,2,3.5,4,,,,,other_side,,4,85.49,0.995,0.999,0.4875,0.0971,0,0,0,0,0,0,0,0,1,62.49,4,85.49,[]
spread_tight_loss_ge2,480,2026-06-19,United States vs. Australia,2-0,2,United States,Spread: United States (-3.5),Australia,2,3.5,4,,,,,other_side,,5,85.67,0.99,0.999,0.9801,0.0971,0,0,0,0,0,0,1,0.18,2,62.67,5,85.67,[]
total_over_locked,60,2026-06-19,Mexico vs. Korea Republic,1-0,1,Mexico,Mexico vs. Korea Republic: O/U 0.5,Over,999,0.5,,1,,,,,True,0,0,,,,,0,0,0,0,0,0,0,0,0,0,0,0,[]
total_over_locked,120,2026-06-19,Mexico vs. Korea Republic,1-0,1,Mexico,Mexico vs. Korea Republic: O/U 0.5,Over,999,0.5,,1,,,,,True,1,100.0,0.999,0.999,0.0971,0.0971,0,0,0,0,0,0,0,0,0,0,1,100.0,[]
total_over_locked,180,2026-06-19,Mexico vs. Korea Republic,1-0,1,Mexico,Mexico vs. Korea Republic: O/U 0.5,Over,999,0.5,,1,,,,,True,3,281.71,0.999,0.999,0.0971,0.0971,0,0,0,0,0,0,0,0,0,0,3,281.71,[]
total_over_locked,300,2026-06-19,Mexico vs. Korea Republic,1-0,1,Mexico,Mexico vs. Korea Republic: O/U 0.5,Over,999,0.5,,1,,,,,True,4,481.7,0.999,0.999,0.0971,0.0971,0,0,0,0,0,0,0,0,0,0,4,481.7,[]
total_over_locked,480,2026-06-19,Mexico vs. Korea Republic,1-0,1,Mexico,Mexico vs. Korea Republic: O/U 0.5,Over,999,0.5,,1,,,,,True,5,7131.69,0.999,0.999,0.0971,0.0971,0,0,0,0,0,0,0,0,0,0,5,7131.69,[]
draw_no_lead_ge2,60,2026-06-19,United States vs. Australia,2-0,2,United States,Will United States vs. Australia end in a draw?,No,2,,,,,,,,,1,1000.0,0.999,0.999,0.0971,0.0971,0,0,0,0,0,0,0,0,0,0,1,1000.0,[]
draw_no_lead_ge2,120,2026-06-19,United States vs. Australia,2-0,2,United States,Will United States vs. Australia end in a draw?,No,2,,,,,,,,,3,2000.0,0.999,0.999,0.0971,0.0971,0,0,0,0,0,0,0,0,0,0,3,2000.0,[]
draw_no_lead_ge2,180,2026-06-19,United States vs. Australia,2-0,2,United States,Will United States vs. Australia end in a draw?,No,2,,,,,,,,,3,2000.0,0.999,0.999,0.0971,0.0971,0,0,0,0,0,0,0,0,0,0,3,2000.0,[]
draw_no_lead_ge2,300,2026-06-19,United States vs. Australia,2-0,2,United States,Will United States vs. Australia end in a draw?,No,2,,,,,,,,,10,24014.74,0.998,0.999,0.1944,0.0971,0,0,0,0,0,0,0,0,0,0,10,24014.74,[]
draw_no_lead_ge2,480,2026-06-19,United States vs. Australia,2-0,2,United States,Will United States vs. Australia end in a draw?,No,2,,,,,,,,,46,41952.321427,0.993,0.999,0.6839,0.0971,0,0,0,0,0,0,0,0,6,1562.571427,46,41952.321427,[]
loser_no,60,2026-06-19,United States vs. Australia,2-0,2,United States,Will Australia win on 2026-06-19?,No,3,,,,,,Australia,,,1,2084.21,0.999,0.999,0.0971,0.0971,0,0,0,0,0,0,0,0,0,0,1,2084.21,[]
loser_no,120,2026-06-19,United States vs. Australia,2-0,2,United States,Will Australia win on 2026-06-19?,No,3,,,,,,Australia,,,2,4409.79,0.999,0.999,0.0971,0.0971,0,0,0,0,0,0,0,0,0,0,2,4409.79,[]
loser_no,180,2026-06-19,United States vs. Australia,2-0,2,United States,Will Australia win on 2026-06-19?,No,3,,,,,,Australia,,,4,4427.79,0.999,0.999,0.0971,0.0971,0,0,0,0,0,0,0,0,0,0,4,4427.79,[]
loser_no,300,2026-06-19,United States vs. Australia,2-0,2,United States,Will Australia win on 2026-06-19?,No,3,,,,,,Australia,,,8,6494.11,0.999,0.999,0.0971,0.0971,0,0,0,0,0,0,0,0,0,0,8,6494.11,[]
loser_no,480,2026-06-19,United States vs. Australia,2-0,2,United States,Will Australia win on 2026-06-19?,No,3,,,,,,Australia,,,13,15966.92,0.999,0.999,0.0971,0.0971,0,0,0,0,0,0,0,0,0,0,13,15966.92,[]
team_total_under_loss_ge2,60,2026-06-19,United States vs. Australia,2-0,2,United States,United States vs. Australia: Australia O/U 1.5,Under,2,1.5,,,Australia,0,,,,0,0,,,,,0,0,0,0,0,0,0,0,0,0,0,0,[]
team_total_under_loss_ge2,120,2026-06-19,United States vs. Australia,2-0,2,United States,United States vs. Australia: Australia O/U 1.5,Under,2,1.5,,,Australia,0,,,,0,0,,,,,0,0,0,0,0,0,0,0,0,0,0,0,[]
team_total_under_loss_ge2,180,2026-06-19,United States vs. Australia,2-0,2,United States,United States vs. Australia: Australia O/U 1.5,Under,2,1.5,,,Australia,0,,,,1,82.082,0.999,0.999,0.0971,0.0971,0,0,0,0,0,0,0,0,0,0,1,82.082,[]
team_total_under_loss_ge2,300,2026-06-19,United States vs. Australia,2-0,2,United States,United States vs. Australia: Australia O/U 1.5,Under,2,1.5,,,Australia,0,,,,1,82.082,0.999,0.999,0.0971,0.0971,0,0,0,0,0,0,0,0,0,0,1,82.082,[]
team_total_under_loss_ge2,480,2026-06-19,United States vs. Australia,2-0,2,United States,United States vs. Australia: Australia O/U 1.5,Under,2,1.5,,,Australia,0,,,,2,97.097,0.999,0.999,0.0971,0.0971,0,0,0,0,0,0,0,0,0,0,2,97.097,[]
leader_yes_lead_ge2,60,2026-06-19,United States vs. Australia,2-0,2,United States,Will United States win on 2026-06-19?,Yes,2,,,,,,,,,37,9384.84,0.999,0.999,0.0971,0.0971,0,0,0,0,0,0,0,0,0,0,37,9384.84,[]
leader_yes_lead_ge2,120,2026-06-19,United States vs. Australia,2-0,2,United States,Will United States win on 2026-06-19?,Yes,2,,,,,,,,,72,73625.67,0.999,0.999,0.0971,0.0971,0,0,0,0,0,0,0,0,0,0,72,73625.67,[]
leader_yes_lead_ge2,180,2026-06-19,United States vs. Australia,2-0,2,United States,Will United States win on 2026-06-19?,Yes,2,,,,,,,,,98,75340.25,0.999,0.999,0.0971,0.0971,0,0,0,0,0,0,0,0,0,0,98,75340.25,[]
leader_yes_lead_ge2,300,2026-06-19,United States vs. Australia,2-0,2,United States,Will United States win on 2026-06-19?,Yes,2,,,,,,,,,150,99082.08101,0.998,0.999,0.1944,0.0971,0,0,0,0,0,0,0,0,0,0,150,99082.08101,[]
leader_yes_lead_ge2,480,2026-06-19,United States vs. Australia,2-0,2,United States,Will United States win on 2026-06-19?,Yes,2,,,,,,,,,297,230739.448317,0.995,0.999,0.4875,0.0971,0,0,0,0,0,0,0,0,8,2310.94,297,230739.448317,[]
total_under_loss_ge2,60,2026-06-19,United States vs. Australia,2-0,2,United States,United States vs. Australia: O/U 3.5,Under,2,3.5,,2,,,,,,1,23.08,0.999,0.999,0.0971,0.0971,0,0,0,0,0,0,0,0,0,0,1,23.08,[]
total_under_loss_ge2,120,2026-06-19,United States vs. Australia,2-0,2,United States,United States vs. Australia: O/U 3.5,Under,2,3.5,,2,,,,,,1,23.08,0.999,0.999,0.0971,0.0971,0,0,0,0,0,0,0,0,0,0,1,23.08,[]
total_under_loss_ge2,180,2026-06-19,United States vs. Australia,2-0,2,United States,United States vs. Australia: O/U 3.5,Under,2,3.5,,2,,,,,,6,9006.55,0.999,0.999,0.0971,0.0971,0,0,0,0,0,0,0,0,0,0,6,9006.55,[]
total_under_loss_ge2,300,2026-06-19,United States vs. Australia,2-0,2,United States,United States vs. Australia: O/U 3.5,Under,2,3.5,,2,,,,,,12,10240.4,0.99,0.999,0.9801,0.0971,0,0,0,0,0,0,1,5.0,5,706.56,12,10240.4,[]
total_under_loss_ge2,480,2026-06-19,United States vs. Australia,2-0,2,United States,United States vs. Australia: O/U 3.5,Under,2,3.5,,2,,,,,,24,19343.54355,0.98,0.999,1.9808,0.0971,0,0,0,0,6,5576.29855,13,9108.14355,17,9809.70355,24,19343.54355,[]
spread_tight_loss_ge2,60,2026-06-19,Scotland vs. Morocco,0-1,1,Morocco,Spread: Morocco (-2.5),Scotland,2,2.5,3,,,,,other_side,,2,18.55,0.999,0.999,0.0971,0.0971,0,0,0,0,0,0,0,0,0,0,2,18.55,[]
spread_tight_loss_ge2,120,2026-06-19,Scotland vs. Morocco,0-1,1,Morocco,Spread: Morocco (-2.5),Scotland,2,2.5,3,,,,,other_side,,3,19.62,0.999,0.999,0.0971,0.0971,0,0,0,0,0,0,0,0,0,0,3,19.62,[]
spread_tight_loss_ge2,180,2026-06-19,Scotland vs. Morocco,0-1,1,Morocco,Spread: Morocco (-2.5),Scotland,2,2.5,3,,,,,other_side,,3,19.62,0.999,0.999,0.0971,0.0971,0,0,0,0,0,0,0,0,0,0,3,19.62,[]
spread_tight_loss_ge2,300,2026-06-19,Scotland vs. Morocco,0-1,1,Morocco,Spread: Morocco (-2.5),Scotland,2,2.5,3,,,,,other_side,,3,19.62,0.999,0.999,0.0971,0.0971,0,0,0,0,0,0,0,0,0,0,3,19.62,[]
spread_tight_loss_ge2,480,2026-06-19,Scotland vs. Morocco,0-1,1,Morocco,Spread: Morocco (-2.5),Scotland,2,2.5,3,,,,,other_side,,3,19.62,0.999,0.999,0.0971,0.0971,0,0,0,0,0,0,0,0,0,0,3,19.62,[]
team_total_over_locked,60,2026-06-19,United States vs. Australia,2-0,2,United States,United States vs. Australia: United States O/U 1.5,Over,999,1.5,,,United States,2,,,True,0,0,,,,,0,0,0,0,0,0,0,0,0,0,0,0,[]
team_total_over_locked,120,2026-06-19,United States vs. Australia,2-0,2,United States,United States vs. Australia: United States O/U 1.5,Over,999,1.5,,,United States,2,,,True,0,0,,,,,0,0,0,0,0,0,0,0,0,0,0,0,[]
team_total_over_locked,180,2026-06-19,United States vs. Australia,2-0,2,United States,United States vs. Australia: United States O/U 1.5,Over,999,1.5,,,United States,2,,,True,1,150.6,0.999,0.999,0.0971,0.0971,0,0,0,0,0,0,0,0,0,0,1,150.6,[]
team_total_over_locked,300,2026-06-19,United States vs. Australia,2-0,2,United States,United States vs. Australia: United States O/U 1.5,Over,999,1.5,,,United States,2,,,True,2,168.45,0.999,0.999,0.0971,0.0971,0,0,0,0,0,0,0,0,0,0,2,168.45,[]
team_total_over_locked,480,2026-06-19,United States vs. Australia,2-0,2,United States,United States vs. Australia: United States O/U 1.5,Over,999,1.5,,,United States,2,,,True,3,568.45,0.999,0.999,0.0971,0.0971,0,0,0,0,0,0,0,0,0,0,3,568.45,[]
team_total_under_loss_ge2,60,2026-06-19,Scotland vs. Morocco,0-1,1,Morocco,Scotland vs. Morocco: Scotland O/U 1.5,Under,2,1.5,,,Scotland,0,,,,2,119.04,0.991,0.999,0.8812,0.0971,0,0,0,0,0,0,0,0,1,114.04,2,119.04,[]
team_total_under_loss_ge2,120,2026-06-19,Scotland vs. Morocco,0-1,1,Morocco,Scotland vs. Morocco: Scotland O/U 1.5,Under,2,1.5,,,Scotland,0,,,,2,119.04,0.991,0.999,0.8812,0.0971,0,0,0,0,0,0,0,0,1,114.04,2,119.04,[]
team_total_under_loss_ge2,180,2026-06-19,Scotland vs. Morocco,0-1,1,Morocco,Scotland vs. Morocco: Scotland O/U 1.5,Under,2,1.5,,,Scotland,0,,,,2,119.04,0.991,0.999,0.8812,0.0971,0,0,0,0,0,0,0,0,1,114.04,2,119.04,[]
team_total_under_loss_ge2,300,2026-06-19,Scotland vs. Morocco,0-1,1,Morocco,Scotland vs. Morocco: Scotland O/U 1.5,Under,2,1.5,,,Scotland,0,,,,3,217.04,0.991,0.999,0.8812,0.0971,0,0,0,0,0,0,0,0,1,114.04,3,217.04,[]
team_total_under_loss_ge2,480,2026-06-19,Scotland vs. Morocco,0-1,1,Morocco,Scotland vs. Morocco: Scotland O/U 1.5,Under,2,1.5,,,Scotland,0,,,,3,217.04,0.991,0.999,0.8812,0.0971,0,0,0,0,0,0,0,0,1,114.04,3,217.04,[]
total_over_locked,60,2026-06-19,Scotland vs. Morocco,0-1,1,Morocco,Scotland vs. Morocco: O/U 0.5,Over,999,0.5,,1,,,,,True,0,0,,,,,0,0,0,0,0,0,0,0,0,0,0,0,[]
total_over_locked,120,2026-06-19,Scotland vs. Morocco,0-1,1,Morocco,Scotland vs. Morocco: O/U 0.5,Over,999,0.5,,1,,,,,True,0,0,,,,,0,0,0,0,0,0,0,0,0,0,0,0,[]
total_over_locked,180,2026-06-19,Scotland vs. Morocco,0-1,1,Morocco,Scotland vs. Morocco: O/U 0.5,Over,999,0.5,,1,,,,,True,0,0,,,,,0,0,0,0,0,0,0,0,0,0,0,0,[]
total_over_locked,300,2026-06-19,Scotland vs. Morocco,0-1,1,Morocco,Scotland vs. Morocco: O/U 0.5,Over,999,0.5,,1,,,,,True,0,0,,,,,0,0,0,0,0,0,0,0,0,0,0,0,[]
total_over_locked,480,2026-06-19,Scotland vs. Morocco,0-1,1,Morocco,Scotland vs. Morocco: O/U 0.5,Over,999,0.5,,1,,,,,True,1,1940.0,0.999,0.999,0.0971,0.0971,0,0,0,0,0,0,0,0,0,0,1,1940.0,[]
team_total_over_locked,60,2026-06-19,Scotland vs. Morocco,0-1,1,Morocco,Scotland vs. Morocco: Morocco O/U 0.5,Over,999,0.5,,,Morocco,1,,,True,0,0,,,,,0,0,0,0,0,0,0,0,0,0,0,0,[]
team_total_over_locked,120,2026-06-19,Scotland vs. Morocco,0-1,1,Morocco,Scotland vs. Morocco: Morocco O/U 0.5,Over,999,0.5,,,Morocco,1,,,True,0,0,,,,,0,0,0,0,0,0,0,0,0,0,0,0,[]
team_total_over_locked,180,2026-06-19,Scotland vs. Morocco,0-1,1,Morocco,Scotland vs. Morocco: Morocco O/U 0.5,Over,999,0.5,,,Morocco,1,,,True,0,0,,,,,0,0,0,0,0,0,0,0,0,0,0,0,[]
team_total_over_locked,300,2026-06-19,Scotland vs. Morocco,0-1,1,Morocco,Scotland vs. Morocco: Morocco O/U 0.5,Over,999,0.5,,,Morocco,1,,,True,0,0,,,,,0,0,0,0,0,0,0,0,0,0,0,0,[]
team_total_over_locked,480,2026-06-19,Scotland vs. Morocco,0-1,1,Morocco,Scotland vs. Morocco: Morocco O/U 0.5,Over,999,0.5,,,Morocco,1,,,True,0,0,,,,,0,0,0,0,0,0,0,0,0,0,0,0,[]
total_over_locked,60,2026-06-19,United States vs. Australia,2-0,2,United States,United States vs. Australia: O/U 1.5,Over,999,1.5,,2,,,,,True,1,20.0,0.999,0.999,0.0971,0.0971,0,0,0,0,0,0,0,0,0,0,1,20.0,[]
total_over_locked,120,2026-06-19,United States vs. Australia,2-0,2,United States,United States vs. Australia: O/U 1.5,Over,999,1.5,,2,,,,,True,1,20.0,0.999,0.999,0.0971,0.0971,0,0,0,0,0,0,0,0,0,0,1,20.0,[]
total_over_locked,180,2026-06-19,United States vs. Australia,2-0,2,United States,United States vs. Australia: O/U 1.5,Over,999,1.5,,2,,,,,True,1,20.0,0.999,0.999,0.0971,0.0971,0,0,0,0,0,0,0,0,0,0,1,20.0,[]
total_over_locked,300,2026-06-19,United States vs. Australia,2-0,2,United States,United States vs. Australia: O/U 1.5,Over,999,1.5,,2,,,,,True,1,20.0,0.999,0.999,0.0971,0.0971,0,0,0,0,0,0,0,0,0,0,1,20.0,[]
total_over_locked,480,2026-06-19,United States vs. Australia,2-0,2,United States,United States vs. Australia: O/U 1.5,Over,999,1.5,,2,,,,,True,6,2032.46,0.999,0.999,0.0971,0.0971,0,0,0,0,0,0,0,0,0,0,6,2032.46,[]
loser_no,60,2026-06-19,Scotland vs. Morocco,0-1,1,Morocco,Will Scotland win on 2026-06-19?,No,2,,,,,,Scotland,,,8,105684.41,0.999,0.999,0.0971,0.0971,0,0,0,0,0,0,0,0,0,0,8,105684.41,[]
loser_no,120,2026-06-19,Scotland vs. Morocco,0-1,1,Morocco,Will Scotland win on 2026-06-19?,No,2,,,,,,Scotland,,,26,164564.19,0.999,0.999,0.0971,0.0971,0,0,0,0,0,0,0,0,0,0,26,164564.19,[]
loser_no,180,2026-06-19,Scotland vs. Morocco,0-1,1,Morocco,Will Scotland win on 2026-06-19?,No,2,,,,,,Scotland,,,31,187598.19,0.999,0.999,0.0971,0.0971,0,0,0,0,0,0,0,0,0,0,31,187598.19,[]
loser_no,300,2026-06-19,Scotland vs. Morocco,0-1,1,Morocco,Will Scotland win on 2026-06-19?,No,2,,,,,,Scotland,,,56,271930.255,0.999,0.999,0.0971,0.0971,0,0,0,0,0,0,0,0,0,0,56,271930.255,[]
loser_no,480,2026-06-19,Scotland vs. Morocco,0-1,1,Morocco,Will Scotland win on 2026-06-19?,No,2,,,,,,Scotland,,,127,388116.400019,0.992,0.999,0.7825,0.0971,0,0,0,0,0,0,0,0,23,20445.921916,127,388116.400019,[]
total_under_loss_ge2,60,2026-06-19,Scotland vs. Morocco,0-1,1,Morocco,Scotland vs. Morocco: O/U 2.5,Under,2,2.5,,1,,,,,,4,302.09,0.999,0.999,0.0971,0.0971,0,0,0,0,0,0,0,0,0,0,4,302.09,[]
total_under_loss_ge2,120,2026-06-19,Scotland vs. Morocco,0-1,1,Morocco,Scotland vs. Morocco: O/U 2.5,Under,2,2.5,,1,,,,,,5,307.0,0.999,0.999,0.0971,0.0971,0,0,0,0,0,0,0,0,0,0,5,307.0,[]
total_under_loss_ge2,180,2026-06-19,Scotland vs. Morocco,0-1,1,Morocco,Scotland vs. Morocco: O/U 2.5,Under,2,2.5,,1,,,,,,10,1481.49,0.999,0.999,0.0971,0.0971,0,0,0,0,0,0,0,0,0,0,10,1481.49,[]
total_under_loss_ge2,300,2026-06-19,Scotland vs. Morocco,0-1,1,Morocco,Scotland vs. Morocco: O/U 2.5,Under,2,2.5,,1,,,,,,21,3416.157162,0.98,0.999,1.9808,0.0971,0,0,0,0,3,402.59,4,457.33,7,711.558162,21,3416.157162,[]
total_under_loss_ge2,480,2026-06-19,Scotland vs. Morocco,0-1,1,Morocco,Scotland vs. Morocco: O/U 2.5,Under,2,2.5,,1,,,,,,36,56086.414662,0.97,0.999,3.0028,0.0971,0,0,2,6.29,10,868.562,17,53087.2535,22,53381.815662,36,56086.414662,[]
draw_no_lead_ge2,60,2026-06-20,Brazil vs. Haiti,3-0,3,Brazil,Will Brazil vs. Haiti end in a draw?,No,3,,,,,,,,,0,0,,,,,0,0,0,0,0,0,0,0,0,0,0,0,[]
draw_no_lead_ge2,120,2026-06-20,Brazil vs. Haiti,3-0,3,Brazil,Will Brazil vs. Haiti end in a draw?,No,3,,,,,,,,,0,0,,,,,0,0,0,0,0,0,0,0,0,0,0,0,[]
draw_no_lead_ge2,180,2026-06-20,Brazil vs. Haiti,3-0,3,Brazil,Will Brazil vs. Haiti end in a draw?,No,3,,,,,,,,,0,0,,,,,0,0,0,0,0,0,0,0,0,0,0,0,[]
draw_no_lead_ge2,300,2026-06-20,Brazil vs. Haiti,3-0,3,Brazil,Will Brazil vs. Haiti end in a draw?,No,3,,,,,,,,,0,0,,,,,0,0,0,0,0,0,0,0,0,0,0,0,[]
draw_no_lead_ge2,480,2026-06-20,Brazil vs. Haiti,3-0,3,Brazil,Will Brazil vs. Haiti end in a draw?,No,3,,,,,,,,,0,0,,,,,0,0,0,0,0,0,0,0,0,0,0,0,[]
leader_yes_lead_ge2,60,2026-06-20,Brazil vs. Haiti,3-0,3,Brazil,Will Brazil win on 2026-06-19?,Yes,3,,,,,,,,,2,164.53,0.999,0.999,0.0971,0.0971,0,0,0,0,0,0,0,0,0,0,2,164.53,[]
leader_yes_lead_ge2,120,2026-06-20,Brazil vs. Haiti,3-0,3,Brazil,Will Brazil win on 2026-06-19?,Yes,3,,,,,,,,,9,3785.84,0.999,0.999,0.0971,0.0971,0,0,0,0,0,0,0,0,0,0,9,3785.84,[]
leader_yes_lead_ge2,180,2026-06-20,Brazil vs. Haiti,3-0,3,Brazil,Will Brazil win on 2026-06-19?,Yes,3,,,,,,,,,17,16873.87,0.999,0.999,0.0971,0.0971,0,0,0,0,0,0,0,0,0,0,17,16873.87,[]
leader_yes_lead_ge2,300,2026-06-20,Brazil vs. Haiti,3-0,3,Brazil,Will Brazil win on 2026-06-19?,Yes,3,,,,,,,,,25,17659.19,0.999,0.999,0.0971,0.0971,0,0,0,0,0,0,0,0,0,0,25,17659.19,[]
leader_yes_lead_ge2,480,2026-06-20,Brazil vs. Haiti,3-0,3,Brazil,Will Brazil win on 2026-06-19?,Yes,3,,,,,,,,,30,18279.79,0.999,0.999,0.0971,0.0971,0,0,0,0,0,0,0,0,0,0,30,18279.79,[]
spread_tight_loss_ge2,60,2026-06-20,Brazil vs. Haiti,3-0,3,Brazil,Spread: Brazil (-4.5),Haiti,2,4.5,5,,,,,other_side,,2,130.67,0.999,0.999,0.0971,0.0971,0,0,0,0,0,0,0,0,0,0,2,130.67,[]
spread_tight_loss_ge2,120,2026-06-20,Brazil vs. Haiti,3-0,3,Brazil,Spread: Brazil (-4.5),Haiti,2,4.5,5,,,,,other_side,,8,615.0,0.981,0.999,1.8798,0.0971,0,0,0,0,0,0,4,279.33,5,284.33,8,615.0,[]
spread_tight_loss_ge2,180,2026-06-20,Brazil vs. Haiti,3-0,3,Brazil,Spread: Brazil (-4.5),Haiti,2,4.5,5,,,,,other_side,,10,658.0,0.981,0.999,1.8798,0.0971,0,0,0,0,0,0,4,279.33,5,284.33,10,658.0,[]
spread_tight_loss_ge2,300,2026-06-20,Brazil vs. Haiti,3-0,3,Brazil,Spread: Brazil (-4.5),Haiti,2,4.5,5,,,,,other_side,,20,1367.7101,0.98,0.999,1.9808,0.0971,0,0,0,0,4,508.36,14,989.0401,15,994.0401,20,1367.7101,[]
spread_tight_loss_ge2,480,2026-06-20,Brazil vs. Haiti,3-0,3,Brazil,Spread: Brazil (-4.5),Haiti,2,4.5,5,,,,,other_side,,25,1671.064607,0.9710000276370013,0.999,2.8996,0.0971,0,0,0,0,9,811.714507,19,1292.394607,20,1297.394607,25,1671.064607,[]
team_total_under_loss_ge2,60,2026-06-20,Brazil vs. Haiti,3-0,3,Brazil,Brazil vs. Haiti: Haiti O/U 1.5,Under,2,1.5,,,Haiti,0,,,,0,0,,,,,0,0,0,0,0,0,0,0,0,0,0,0,[]
team_total_under_loss_ge2,120,2026-06-20,Brazil vs. Haiti,3-0,3,Brazil,Brazil vs. Haiti: Haiti O/U 1.5,Under,2,1.5,,,Haiti,0,,,,0,0,,,,,0,0,0,0,0,0,0,0,0,0,0,0,[]
team_total_under_loss_ge2,180,2026-06-20,Brazil vs. Haiti,3-0,3,Brazil,Brazil vs. Haiti: Haiti O/U 1.5,Under,2,1.5,,,Haiti,0,,,,0,0,,,,,0,0,0,0,0,0,0,0,0,0,0,0,[]
team_total_under_loss_ge2,300,2026-06-20,Brazil vs. Haiti,3-0,3,Brazil,Brazil vs. Haiti: Haiti O/U 1.5,Under,2,1.5,,,Haiti,0,,,,0,0,,,,,0,0,0,0,0,0,0,0,0,0,0,0,[]
team_total_under_loss_ge2,480,2026-06-20,Brazil vs. Haiti,3-0,3,Brazil,Brazil vs. Haiti: Haiti O/U 1.5,Under,2,1.5,,,Haiti,0,,,,2,1098.0,0.999,0.999,0.0971,0.0971,0,0,0,0,0,0,0,0,0,0,2,1098.0,[]
loser_no,60,2026-06-20,Brazil vs. Haiti,3-0,3,Brazil,Will Haiti win on 2026-06-19?,No,4,,,,,,Haiti,,,0,0,,,,,0,0,0,0,0,0,0,0,0,0,0,0,[]
loser_no,120,2026-06-20,Brazil vs. Haiti,3-0,3,Brazil,Will Haiti win on 2026-06-19?,No,4,,,,,,Haiti,,,0,0,,,,,0,0,0,0,0,0,0,0,0,0,0,0,[]
loser_no,180,2026-06-20,Brazil vs. Haiti,3-0,3,Brazil,Will Haiti win on 2026-06-19?,No,4,,,,,,Haiti,,,0,0,,,,,0,0,0,0,0,0,0,0,0,0,0,0,[]
loser_no,300,2026-06-20,Brazil vs. Haiti,3-0,3,Brazil,Will Haiti win on 2026-06-19?,No,4,,,,,,Haiti,,,0,0,,,,,0,0,0,0,0,0,0,0,0,0,0,0,[]
loser_no,480,2026-06-20,Brazil vs. Haiti,3-0,3,Brazil,Will Haiti win on 2026-06-19?,No,4,,,,,,Haiti,,,0,0,,,,,0,0,0,0,0,0,0,0,0,0,0,0,[]
total_over_locked,60,2026-06-20,Brazil vs. Haiti,3-0,3,Brazil,Brazil vs. Haiti: O/U 2.5,Over,999,2.5,,3,,,,,True,1,140.0,0.999,0.999,0.0971,0.0971,0,0,0,0,0,0,0,0,0,0,1,140.0,[]
total_over_locked,120,2026-06-20,Brazil vs. Haiti,3-0,3,Brazil,Brazil vs. Haiti: O/U 2.5,Over,999,2.5,,3,,,,,True,3,316.27,0.999,0.999,0.0971,0.0971,0,0,0,0,0,0,0,0,0,0,3,316.27,[]
total_over_locked,180,2026-06-20,Brazil vs. Haiti,3-0,3,Brazil,Brazil vs. Haiti: O/U 2.5,Over,999,2.5,,3,,,,,True,3,316.27,0.999,0.999,0.0971,0.0971,0,0,0,0,0,0,0,0,0,0,3,316.27,[]
total_over_locked,300,2026-06-20,Brazil vs. Haiti,3-0,3,Brazil,Brazil vs. Haiti: O/U 2.5,Over,999,2.5,,3,,,,,True,5,683.71,0.999,0.999,0.0971,0.0971,0,0,0,0,0,0,0,0,0,0,5,683.71,[]
total_over_locked,480,2026-06-20,Brazil vs. Haiti,3-0,3,Brazil,Brazil vs. Haiti: O/U 2.5,Over,999,2.5,,3,,,,,True,6,697.22,0.999,0.999,0.0971,0.0971,0,0,0,0,0,0,0,0,0,0,6,697.22,[]
team_total_over_locked,60,2026-06-20,Brazil vs. Haiti,3-0,3,Brazil,Brazil vs. Haiti: Brazil O/U 2.5,Over,999,2.5,,,Brazil,3,,,True,2,423.22,0.999,0.999,0.0971,0.0971,0,0,0,0,0,0,0,0,0,0,2,423.22,[]
team_total_over_locked,120,2026-06-20,Brazil vs. Haiti,3-0,3,Brazil,Brazil vs. Haiti: Brazil O/U 2.5,Over,999,2.5,,,Brazil,3,,,True,3,1383.22,0.999,0.999,0.0971,0.0971,0,0,0,0,0,0,0,0,0,0,3,1383.22,[]
team_total_over_locked,180,2026-06-20,Brazil vs. Haiti,3-0,3,Brazil,Brazil vs. Haiti: Brazil O/U 2.5,Over,999,2.5,,,Brazil,3,,,True,3,1383.22,0.999,0.999,0.0971,0.0971,0,0,0,0,0,0,0,0,0,0,3,1383.22,[]
team_total_over_locked,300,2026-06-20,Brazil vs. Haiti,3-0,3,Brazil,Brazil vs. Haiti: Brazil O/U 2.5,Over,999,2.5,,,Brazil,3,,,True,3,1383.22,0.999,0.999,0.0971,0.0971,0,0,0,0,0,0,0,0,0,0,3,1383.22,[]
team_total_over_locked,480,2026-06-20,Brazil vs. Haiti,3-0,3,Brazil,Brazil vs. Haiti: Brazil O/U 2.5,Over,999,2.5,,,Brazil,3,,,True,5,1638.36,0.999,0.999,0.0971,0.0971,0,0,0,0,0,0,0,0,0,0,5,1638.36,[]
spread_tight_loss_ge2,60,2026-06-20,Türkiye vs. Paraguay,0-1,1,Paraguay,Spread: Paraguay (-2.5),Türkiye,2,2.5,3,,,,,other_side,,1,400.0,0.999,0.999,0.0971,0.0971,0,0,0,0,0,0,0,0,0,0,1,400.0,[]
spread_tight_loss_ge2,120,2026-06-20,Türkiye vs. Paraguay,0-1,1,Paraguay,Spread: Paraguay (-2.5),Türkiye,2,2.5,3,,,,,other_side,,1,400.0,0.999,0.999,0.0971,0.0971,0,0,0,0,0,0,0,0,0,0,1,400.0,[]
spread_tight_loss_ge2,180,2026-06-20,Türkiye vs. Paraguay,0-1,1,Paraguay,Spread: Paraguay (-2.5),Türkiye,2,2.5,3,,,,,other_side,,1,400.0,0.999,0.999,0.0971,0.0971,0,0,0,0,0,0,0,0,0,0,1,400.0,[]
spread_tight_loss_ge2,300,2026-06-20,Türkiye vs. Paraguay,0-1,1,Paraguay,Spread: Paraguay (-2.5),Türkiye,2,2.5,3,,,,,other_side,,1,400.0,0.999,0.999,0.0971,0.0971,0,0,0,0,0,0,0,0,0,0,1,400.0,[]
spread_tight_loss_ge2,480,2026-06-20,Türkiye vs. Paraguay,0-1,1,Paraguay,Spread: Paraguay (-2.5),Türkiye,2,2.5,3,,,,,other_side,,2,405.0,0.987,0.999,1.2781,0.0971,0,0,0,0,0,0,1,5.0,1,5.0,2,405.0,[]
total_over_locked,60,2026-06-20,Türkiye vs. Paraguay,0-1,1,Paraguay,Türkiye vs. Paraguay: O/U 0.5,Over,999,0.5,,1,,,,,True,0,0,,,,,0,0,0,0,0,0,0,0,0,0,0,0,[]
total_over_locked,120,2026-06-20,Türkiye vs. Paraguay,0-1,1,Paraguay,Türkiye vs. Paraguay: O/U 0.5,Over,999,0.5,,1,,,,,True,0,0,,,,,0,0,0,0,0,0,0,0,0,0,0,0,[]
total_over_locked,180,2026-06-20,Türkiye vs. Paraguay,0-1,1,Paraguay,Türkiye vs. Paraguay: O/U 0.5,Over,999,0.5,,1,,,,,True,0,0,,,,,0,0,0,0,0,0,0,0,0,0,0,0,[]
total_over_locked,300,2026-06-20,Türkiye vs. Paraguay,0-1,1,Paraguay,Türkiye vs. Paraguay: O/U 0.5,Over,999,0.5,,1,,,,,True,0,0,,,,,0,0,0,0,0,0,0,0,0,0,0,0,[]
total_over_locked,480,2026-06-20,Türkiye vs. Paraguay,0-1,1,Paraguay,Türkiye vs. Paraguay: O/U 0.5,Over,999,0.5,,1,,,,,True,0,0,,,,,0,0,0,0,0,0,0,0,0,0,0,0,[]
total_under_loss_ge2,60,2026-06-20,Brazil vs. Haiti,3-0,3,Brazil,Brazil vs. Haiti: O/U 4.5,Under,2,4.5,,3,,,,,,1,4.0,0.999,0.999,0.0971,0.0971,0,0,0,0,0,0,0,0,0,0,1,4.0,[]
total_under_loss_ge2,120,2026-06-20,Brazil vs. Haiti,3-0,3,Brazil,Brazil vs. Haiti: O/U 4.5,Under,2,4.5,,3,,,,,,10,2320.79,0.991,0.999,0.8812,0.0971,0,0,0,0,0,0,0,0,3,960.55,10,2320.79,[]
total_under_loss_ge2,180,2026-06-20,Brazil vs. Haiti,3-0,3,Brazil,Brazil vs. Haiti: O/U 4.5,Under,2,4.5,,3,,,,,,12,2328.79,0.99,0.999,0.9801,0.0971,0,0,0,0,0,0,2,8.0,5,968.55,12,2328.79,[]
total_under_loss_ge2,300,2026-06-20,Brazil vs. Haiti,3-0,3,Brazil,Brazil vs. Haiti: O/U 4.5,Under,2,4.5,,3,,,,,,30,8901.095,0.98,0.999,1.9808,0.0971,0,0,0,0,7,221.8,19,6568.315,22,7528.865,30,8901.095,[]
total_under_loss_ge2,480,2026-06-20,Brazil vs. Haiti,3-0,3,Brazil,Brazil vs. Haiti: O/U 4.5,Under,2,4.5,,3,,,,,,65,24208.583526,0.93,0.999,7.3169,0.0971,9,443.19,28,12469.711126,41,15528.278426,54,21875.803526,57,22836.353526,65,24208.583526,[]
team_total_over_locked,60,2026-06-20,Türkiye vs. Paraguay,0-1,1,Paraguay,Türkiye vs. Paraguay: Paraguay O/U 0.5,Over,999,0.5,,,Paraguay,1,,,True,0,0,,,,,0,0,0,0,0,0,0,0,0,0,0,0,[]
team_total_over_locked,120,2026-06-20,Türkiye vs. Paraguay,0-1,1,Paraguay,Türkiye vs. Paraguay: Paraguay O/U 0.5,Over,999,0.5,,,Paraguay,1,,,True,0,0,,,,,0,0,0,0,0,0,0,0,0,0,0,0,[]
team_total_over_locked,180,2026-06-20,Türkiye vs. Paraguay,0-1,1,Paraguay,Türkiye vs. Paraguay: Paraguay O/U 0.5,Over,999,0.5,,,Paraguay,1,,,True,0,0,,,,,0,0,0,0,0,0,0,0,0,0,0,0,[]
team_total_over_locked,300,2026-06-20,Türkiye vs. Paraguay,0-1,1,Paraguay,Türkiye vs. Paraguay: Paraguay O/U 0.5,Over,999,0.5,,,Paraguay,1,,,True,1,5.04,0.999,0.999,0.0971,0.0971,0,0,0,0,0,0,0,0,0,0,1,5.04,[]
team_total_over_locked,480,2026-06-20,Türkiye vs. Paraguay,0-1,1,Paraguay,Türkiye vs. Paraguay: Paraguay O/U 0.5,Over,999,0.5,,,Paraguay,1,,,True,1,5.04,0.999,0.999,0.0971,0.0971,0,0,0,0,0,0,0,0,0,0,1,5.04,[]
team_total_under_loss_ge2,60,2026-06-20,Türkiye vs. Paraguay,0-1,1,Paraguay,Türkiye vs. Paraguay: Türkiye O/U 1.5,Under,2,1.5,,,Türkiye,0,,,,0,0,,,,,0,0,0,0,0,0,0,0,0,0,0,0,[]
team_total_under_loss_ge2,120,2026-06-20,Türkiye vs. Paraguay,0-1,1,Paraguay,Türkiye vs. Paraguay: Türkiye O/U 1.5,Under,2,1.5,,,Türkiye,0,,,,0,0,,,,,0,0,0,0,0,0,0,0,0,0,0,0,[]
team_total_under_loss_ge2,180,2026-06-20,Türkiye vs. Paraguay,0-1,1,Paraguay,Türkiye vs. Paraguay: Türkiye O/U 1.5,Under,2,1.5,,,Türkiye,0,,,,2,58.33,0.96,0.96,4.0467,4.0467,0,0,1,8.33,1,8.33,1,8.33,1,8.33,2,58.33,[]
team_total_under_loss_ge2,300,2026-06-20,Türkiye vs. Paraguay,0-1,1,Paraguay,Türkiye vs. Paraguay: Türkiye O/U 1.5,Under,2,1.5,,,Türkiye,0,,,,2,58.33,0.96,0.96,4.0467,4.0467,0,0,1,8.33,1,8.33,1,8.33,1,8.33,2,58.33,[]
team_total_under_loss_ge2,480,2026-06-20,Türkiye vs. Paraguay,0-1,1,Paraguay,Türkiye vs. Paraguay: Türkiye O/U 1.5,Under,2,1.5,,,Türkiye,0,,,,2,58.33,0.96,0.96,4.0467,4.0467,0,0,1,8.33,1,8.33,1,8.33,1,8.33,2,58.33,[]
loser_no,60,2026-06-20,Türkiye vs. Paraguay,0-1,1,Paraguay,Will Türkiye win on 2026-06-19?,No,2,,,,,,Türkiye,,,12,5198.88,0.999,0.999,0.0971,0.0971,0,0,0,0,0,0,0,0,0,0,12,5198.88,[]
loser_no,120,2026-06-20,Türkiye vs. Paraguay,0-1,1,Paraguay,Will Türkiye win on 2026-06-19?,No,2,,,,,,Türkiye,,,29,28840.02,0.999,0.999,0.0971,0.0971,0,0,0,0,0,0,0,0,0,0,29,28840.02,[]
loser_no,180,2026-06-20,Türkiye vs. Paraguay,0-1,1,Paraguay,Will Türkiye win on 2026-06-19?,No,2,,,,,,Türkiye,,,39,62729.37,0.999,0.999,0.0971,0.0971,0,0,0,0,0,0,0,0,0,0,39,62729.37,[]
loser_no,300,2026-06-20,Türkiye vs. Paraguay,0-1,1,Paraguay,Will Türkiye win on 2026-06-19?,No,2,,,,,,Türkiye,,,79,164390.896724,0.9979999995436748,0.999,0.1944,0.0971,0,0,0,0,0,0,0,0,0,0,79,164390.896724,[]
loser_no,480,2026-06-20,Türkiye vs. Paraguay,0-1,1,Paraguay,Will Türkiye win on 2026-06-19?,No,2,,,,,,Türkiye,,,183,253157.087431,0.9880000011808,0.999,1.1786,0.0971,0,0,0,0,0,0,33,23461.854057,61,34872.983593,183,253157.087431,[]
total_under_loss_ge2,60,2026-06-20,Türkiye vs. Paraguay,0-1,1,Paraguay,Türkiye vs. Paraguay: O/U 2.5,Under,2,2.5,,1,,,,,,3,423.4,0.999,0.999,0.0971,0.0971,0,0,0,0,0,0,0,0,0,0,3,423.4,[]
total_under_loss_ge2,120,2026-06-20,Türkiye vs. Paraguay,0-1,1,Paraguay,Türkiye vs. Paraguay: O/U 2.5,Under,2,2.5,,1,,,,,,7,936.3,0.999,0.999,0.0971,0.0971,0,0,0,0,0,0,0,0,0,0,7,936.3,[]
total_under_loss_ge2,180,2026-06-20,Türkiye vs. Paraguay,0-1,1,Paraguay,Türkiye vs. Paraguay: O/U 2.5,Under,2,2.5,,1,,,,,,12,3431.39,0.999,0.999,0.0971,0.0971,0,0,0,0,0,0,0,0,0,0,12,3431.39,[]
total_under_loss_ge2,300,2026-06-20,Türkiye vs. Paraguay,0-1,1,Paraguay,Türkiye vs. Paraguay: O/U 2.5,Under,2,2.5,,1,,,,,,27,5230.737831,0.98,0.999,1.9808,0.0971,0,0,0,0,1,42.39,9,61.391,12,1149.047333,27,5230.737831,[]
total_under_loss_ge2,480,2026-06-20,Türkiye vs. Paraguay,0-1,1,Paraguay,Türkiye vs. Paraguay: O/U 2.5,Under,2,2.5,,1,,,,,,80,30331.014411,0.94,0.999,6.203,0.0971,6,1024.71,31,17287.16,50,24179.274671,62,25161.66758,65,26249.323913,80,30331.014411,[]
total_under_loss_ge2,60,2026-06-20,Netherlands vs. Sweden,5-1,4,Netherlands,Netherlands vs. Sweden: O/U 7.5,Under,2,7.5,,6,,,,,,1,434.3,0.999,0.999,0.0971,0.0971,0,0,0,0,0,0,0,0,0,0,1,434.3,[]
total_under_loss_ge2,120,2026-06-20,Netherlands vs. Sweden,5-1,4,Netherlands,Netherlands vs. Sweden: O/U 7.5,Under,2,7.5,,6,,,,,,1,434.3,0.999,0.999,0.0971,0.0971,0,0,0,0,0,0,0,0,0,0,1,434.3,[]
total_under_loss_ge2,180,2026-06-20,Netherlands vs. Sweden,5-1,4,Netherlands,Netherlands vs. Sweden: O/U 7.5,Under,2,7.5,,6,,,,,,3,21467.96,0.999,0.999,0.0971,0.0971,0,0,0,0,0,0,0,0,0,0,3,21467.96,[]
total_under_loss_ge2,300,2026-06-20,Netherlands vs. Sweden,5-1,4,Netherlands,Netherlands vs. Sweden: O/U 7.5,Under,2,7.5,,6,,,,,,9,25830.122666,0.99,0.999,0.9801,0.0971,0,0,0,0,0,0,4,1093.0,4,1093.0,9,25830.122666,[]
total_under_loss_ge2,480,2026-06-20,Netherlands vs. Sweden,5-1,4,Netherlands,Netherlands vs. Sweden: O/U 7.5,Under,2,7.5,,6,,,,,,15,28689.908029,0.971,0.999,2.8996,0.0971,0,0,0,0,3,166.66,9,1750.882363,9,1750.882363,15,28689.908029,[]
spread_tight_loss_ge2,60,2026-06-20,Netherlands vs. Sweden,5-1,4,Netherlands,Spread: Netherlands (-5.5),Sweden,2,5.5,6,,,,,other_side,,0,0,,,,,0,0,0,0,0,0,0,0,0,0,0,0,[]
spread_tight_loss_ge2,120,2026-06-20,Netherlands vs. Sweden,5-1,4,Netherlands,Spread: Netherlands (-5.5),Sweden,2,5.5,6,,,,,other_side,,1,12.89,0.999,0.999,0.0971,0.0971,0,0,0,0,0,0,0,0,0,0,1,12.89,[]
spread_tight_loss_ge2,180,2026-06-20,Netherlands vs. Sweden,5-1,4,Netherlands,Spread: Netherlands (-5.5),Sweden,2,5.5,6,,,,,other_side,,1,12.89,0.999,0.999,0.0971,0.0971,0,0,0,0,0,0,0,0,0,0,1,12.89,[]
spread_tight_loss_ge2,300,2026-06-20,Netherlands vs. Sweden,5-1,4,Netherlands,Spread: Netherlands (-5.5),Sweden,2,5.5,6,,,,,other_side,,1,12.89,0.999,0.999,0.0971,0.0971,0,0,0,0,0,0,0,0,0,0,1,12.89,[]
spread_tight_loss_ge2,480,2026-06-20,Netherlands vs. Sweden,5-1,4,Netherlands,Spread: Netherlands (-5.5),Sweden,2,5.5,6,,,,,other_side,,4,124.556665,0.991,0.999,0.8812,0.0971,0,0,0,0,0,0,0,0,3,111.666665,4,124.556665,[]
team_total_under_loss_ge2,60,2026-06-20,Netherlands vs. Sweden,5-1,4,Netherlands,Netherlands vs. Sweden: Sweden O/U 2.5,Under,2,2.5,,,Sweden,1,,,,2,103.58,0.999,0.999,0.0971,0.0971,0,0,0,0,0,0,0,0,0,0,2,103.58,[]
team_total_under_loss_ge2,120,2026-06-20,Netherlands vs. Sweden,5-1,4,Netherlands,Netherlands vs. Sweden: Sweden O/U 2.5,Under,2,2.5,,,Sweden,1,,,,2,103.58,0.999,0.999,0.0971,0.0971,0,0,0,0,0,0,0,0,0,0,2,103.58,[]
team_total_under_loss_ge2,180,2026-06-20,Netherlands vs. Sweden,5-1,4,Netherlands,Netherlands vs. Sweden: Sweden O/U 2.5,Under,2,2.5,,,Sweden,1,,,,2,103.58,0.999,0.999,0.0971,0.0971,0,0,0,0,0,0,0,0,0,0,2,103.58,[]
team_total_under_loss_ge2,300,2026-06-20,Netherlands vs. Sweden,5-1,4,Netherlands,Netherlands vs. Sweden: Sweden O/U 2.5,Under,2,2.5,,,Sweden,1,,,,5,118.58,0.98,0.999,1.9808,0.0971,0,0,0,0,1,5.0,3,15.0,3,15.0,5,118.58,[]
team_total_under_loss_ge2,480,2026-06-20,Netherlands vs. Sweden,5-1,4,Netherlands,Netherlands vs. Sweden: Sweden O/U 2.5,Under,2,2.5,,,Sweden,1,,,,16,851.58,0.978,0.999,2.1835,0.0971,0,0,0,0,4,23.0,14,748.0,14,748.0,16,851.58,[]
loser_no,60,2026-06-20,Netherlands vs. Sweden,5-1,4,Netherlands,Will Sweden win on 2026-06-20?,No,5,,,,,,Sweden,,,1,196.81,0.999,0.999,0.0971,0.0971,0,0,0,0,0,0,0,0,0,0,1,196.81,[]
loser_no,120,2026-06-20,Netherlands vs. Sweden,5-1,4,Netherlands,Will Sweden win on 2026-06-20?,No,5,,,,,,Sweden,,,1,196.81,0.999,0.999,0.0971,0.0971,0,0,0,0,0,0,0,0,0,0,1,196.81,[]
loser_no,180,2026-06-20,Netherlands vs. Sweden,5-1,4,Netherlands,Will Sweden win on 2026-06-20?,No,5,,,,,,Sweden,,,2,201.81,0.999,0.999,0.0971,0.0971,0,0,0,0,0,0,0,0,0,0,2,201.81,[]
loser_no,300,2026-06-20,Netherlands vs. Sweden,5-1,4,Netherlands,Will Sweden win on 2026-06-20?,No,5,,,,,,Sweden,,,4,1445.11,0.999,0.999,0.0971,0.0971,0,0,0,0,0,0,0,0,0,0,4,1445.11,[]
loser_no,480,2026-06-20,Netherlands vs. Sweden,5-1,4,Netherlands,Will Sweden win on 2026-06-20?,No,5,,,,,,Sweden,,,9,3363.97,0.999,0.999,0.0971,0.0971,0,0,0,0,0,0,0,0,0,0,9,3363.97,[]
draw_no_lead_ge2,60,2026-06-20,Netherlands vs. Sweden,5-1,4,Netherlands,Will Netherlands vs. Sweden end in a draw?,No,4,,,,,,,,,0,0,,,,,0,0,0,0,0,0,0,0,0,0,0,0,[]
draw_no_lead_ge2,120,2026-06-20,Netherlands vs. Sweden,5-1,4,Netherlands,Will Netherlands vs. Sweden end in a draw?,No,4,,,,,,,,,0,0,,,,,0,0,0,0,0,0,0,0,0,0,0,0,[]
draw_no_lead_ge2,180,2026-06-20,Netherlands vs. Sweden,5-1,4,Netherlands,Will Netherlands vs. Sweden end in a draw?,No,4,,,,,,,,,0,0,,,,,0,0,0,0,0,0,0,0,0,0,0,0,[]
draw_no_lead_ge2,300,2026-06-20,Netherlands vs. Sweden,5-1,4,Netherlands,Will Netherlands vs. Sweden end in a draw?,No,4,,,,,,,,,0,0,,,,,0,0,0,0,0,0,0,0,0,0,0,0,[]
draw_no_lead_ge2,480,2026-06-20,Netherlands vs. Sweden,5-1,4,Netherlands,Will Netherlands vs. Sweden end in a draw?,No,4,,,,,,,,,0,0,,,,,0,0,0,0,0,0,0,0,0,0,0,0,[]
leader_yes_lead_ge2,60,2026-06-20,Netherlands vs. Sweden,5-1,4,Netherlands,Will Netherlands win on 2026-06-20?,Yes,4,,,,,,,,,0,0,,,,,0,0,0,0,0,0,0,0,0,0,0,0,[]
leader_yes_lead_ge2,120,2026-06-20,Netherlands vs. Sweden,5-1,4,Netherlands,Will Netherlands win on 2026-06-20?,Yes,4,,,,,,,,,0,0,,,,,0,0,0,0,0,0,0,0,0,0,0,0,[]
leader_yes_lead_ge2,180,2026-06-20,Netherlands vs. Sweden,5-1,4,Netherlands,Will Netherlands win on 2026-06-20?,Yes,4,,,,,,,,,0,0,,,,,0,0,0,0,0,0,0,0,0,0,0,0,[]
leader_yes_lead_ge2,300,2026-06-20,Netherlands vs. Sweden,5-1,4,Netherlands,Will Netherlands win on 2026-06-20?,Yes,4,,,,,,,,,0,0,,,,,0,0,0,0,0,0,0,0,0,0,0,0,[]
leader_yes_lead_ge2,480,2026-06-20,Netherlands vs. Sweden,5-1,4,Netherlands,Will Netherlands win on 2026-06-20?,Yes,4,,,,,,,,,0,0,,,,,0,0,0,0,0,0,0,0,0,0,0,0,[]
team_total_over_locked,60,2026-06-20,Netherlands vs. Sweden,5-1,4,Netherlands,Netherlands vs. Sweden: Sweden O/U 0.5,Over,999,0.5,,,Sweden,1,,,True,1,1.44,0.999,0.999,0.0971,0.0971,0,0,0,0,0,0,0,0,0,0,1,1.44,[]
team_total_over_locked,120,2026-06-20,Netherlands vs. Sweden,5-1,4,Netherlands,Netherlands vs. Sweden: Sweden O/U 0.5,Over,999,0.5,,,Sweden,1,,,True,1,1.44,0.999,0.999,0.0971,0.0971,0,0,0,0,0,0,0,0,0,0,1,1.44,[]
team_total_over_locked,180,2026-06-20,Netherlands vs. Sweden,5-1,4,Netherlands,Netherlands vs. Sweden: Sweden O/U 0.5,Over,999,0.5,,,Sweden,1,,,True,1,1.44,0.999,0.999,0.0971,0.0971,0,0,0,0,0,0,0,0,0,0,1,1.44,[]
team_total_over_locked,300,2026-06-20,Netherlands vs. Sweden,5-1,4,Netherlands,Netherlands vs. Sweden: Sweden O/U 0.5,Over,999,0.5,,,Sweden,1,,,True,2,165.98,0.999,0.999,0.0971,0.0971,0,0,0,0,0,0,0,0,0,0,2,165.98,[]
team_total_over_locked,480,2026-06-20,Netherlands vs. Sweden,5-1,4,Netherlands,Netherlands vs. Sweden: Sweden O/U 0.5,Over,999,0.5,,,Sweden,1,,,True,4,244.65,0.999,0.999,0.0971,0.0971,0,0,0,0,0,0,0,0,0,0,4,244.65,[]
total_over_locked,60,2026-06-20,Netherlands vs. Sweden,5-1,4,Netherlands,Netherlands vs. Sweden: O/U 5.5,Over,999,5.5,,6,,,,,True,12,2073.94,0.999,0.999,0.0971,0.0971,0,0,0,0,0,0,0,0,0,0,12,2073.94,[]
total_over_locked,120,2026-06-20,Netherlands vs. Sweden,5-1,4,Netherlands,Netherlands vs. Sweden: O/U 5.5,Over,999,5.5,,6,,,,,True,20,17144.86,0.999,0.999,0.0971,0.0971,0,0,0,0,0,0,0,0,0,0,20,17144.86,[]
total_over_locked,180,2026-06-20,Netherlands vs. Sweden,5-1,4,Netherlands,Netherlands vs. Sweden: O/U 5.5,Over,999,5.5,,6,,,,,True,36,23010.6,0.999,0.999,0.0971,0.0971,0,0,0,0,0,0,0,0,0,0,36,23010.6,[]
total_over_locked,300,2026-06-20,Netherlands vs. Sweden,5-1,4,Netherlands,Netherlands vs. Sweden: O/U 5.5,Over,999,5.5,,6,,,,,True,60,33587.61,0.999,0.999,0.0971,0.0971,0,0,0,0,0,0,0,0,0,0,60,33587.61,[]
total_over_locked,480,2026-06-20,Netherlands vs. Sweden,5-1,4,Netherlands,Netherlands vs. Sweden: O/U 5.5,Over,999,5.5,,6,,,,,True,391,258621.240718,0.2810000222890025,0.999,253.7149,0.0971,46,5204.039011,54,6905.571777,79,22637.005671,144,106041.77858,219,187020.318718,391,258621.240718,[]
total_under_loss_ge2,60,2026-06-20,Germany vs. Côte d'Ivoire,2-1,1,Germany,Germany vs. Côte d'Ivoire: O/U 4.5,Under,2,4.5,,3,,,,,,3,165.86,0.999,0.999,0.0971,0.0971,0,0,0,0,0,0,0,0,0,0,3,165.86,[]
total_under_loss_ge2,120,2026-06-20,Germany vs. Côte d'Ivoire,2-1,1,Germany,Germany vs. Côte d'Ivoire: O/U 4.5,Under,2,4.5,,3,,,,,,5,389.49,0.999,0.999,0.0971,0.0971,0,0,0,0,0,0,0,0,0,0,5,389.49,[]
total_under_loss_ge2,180,2026-06-20,Germany vs. Côte d'Ivoire,2-1,1,Germany,Germany vs. Côte d'Ivoire: O/U 4.5,Under,2,4.5,,3,,,,,,5,389.49,0.999,0.999,0.0971,0.0971,0,0,0,0,0,0,0,0,0,0,5,389.49,[]
total_under_loss_ge2,300,2026-06-20,Germany vs. Côte d'Ivoire,2-1,1,Germany,Germany vs. Côte d'Ivoire: O/U 4.5,Under,2,4.5,,3,,,,,,17,44299.49,0.999,0.999,0.0971,0.0971,0,0,0,0,0,0,0,0,0,0,17,44299.49,[]
total_under_loss_ge2,480,2026-06-20,Germany vs. Côte d'Ivoire,2-1,1,Germany,Germany vs. Côte d'Ivoire: O/U 4.5,Under,2,4.5,,3,,,,,,27,64920.022481,0.993,0.999,0.6839,0.0971,0,0,0,0,0,0,0,0,2,408.09,27,64920.022481,[]
btts_yes_locked,60,2026-06-20,Netherlands vs. Sweden,5-1,4,Netherlands,Netherlands vs. Sweden: Both Teams to Score,Yes,999,,,,,,,,True,2,1968.25,0.999,0.999,0.0971,0.0971,0,0,0,0,0,0,0,0,0,0,2,1968.25,[]
btts_yes_locked,120,2026-06-20,Netherlands vs. Sweden,5-1,4,Netherlands,Netherlands vs. Sweden: Both Teams to Score,Yes,999,,,,,,,,True,4,2094.6,0.999,0.999,0.0971,0.0971,0,0,0,0,0,0,0,0,0,0,4,2094.6,[]
btts_yes_locked,180,2026-06-20,Netherlands vs. Sweden,5-1,4,Netherlands,Netherlands vs. Sweden: Both Teams to Score,Yes,999,,,,,,,,True,10,46496.41,0.999,0.999,0.0971,0.0971,0,0,0,0,0,0,0,0,0,0,10,46496.41,[]
btts_yes_locked,300,2026-06-20,Netherlands vs. Sweden,5-1,4,Netherlands,Netherlands vs. Sweden: Both Teams to Score,Yes,999,,,,,,,,True,22,47115.81,0.999,0.999,0.0971,0.0971,0,0,0,0,0,0,0,0,0,0,22,47115.81,[]
btts_yes_locked,480,2026-06-20,Netherlands vs. Sweden,5-1,4,Netherlands,Netherlands vs. Sweden: Both Teams to Score,Yes,999,,,,,,,,True,38,50558.16,0.999,0.999,0.0971,0.0971,0,0,0,0,0,0,0,0,0,0,38,50558.16,[]
spread_tight_loss_ge2,60,2026-06-20,Germany vs. Côte d'Ivoire,2-1,1,Germany,Spread: Germany (-2.5),Côte d'Ivoire,2,2.5,3,,,,,other_side,,0,0,,,,,0,0,0,0,0,0,0,0,0,0,0,0,[]
spread_tight_loss_ge2,120,2026-06-20,Germany vs. Côte d'Ivoire,2-1,1,Germany,Spread: Germany (-2.5),Côte d'Ivoire,2,2.5,3,,,,,other_side,,0,0,,,,,0,0,0,0,0,0,0,0,0,0,0,0,[]
spread_tight_loss_ge2,180,2026-06-20,Germany vs. Côte d'Ivoire,2-1,1,Germany,Spread: Germany (-2.5),Côte d'Ivoire,2,2.5,3,,,,,other_side,,0,0,,,,,0,0,0,0,0,0,0,0,0,0,0,0,[]
spread_tight_loss_ge2,300,2026-06-20,Germany vs. Côte d'Ivoire,2-1,1,Germany,Spread: Germany (-2.5),Côte d'Ivoire,2,2.5,3,,,,,other_side,,0,0,,,,,0,0,0,0,0,0,0,0,0,0,0,0,[]
spread_tight_loss_ge2,480,2026-06-20,Germany vs. Côte d'Ivoire,2-1,1,Germany,Spread: Germany (-2.5),Côte d'Ivoire,2,2.5,3,,,,,other_side,,0,0,,,,,0,0,0,0,0,0,0,0,0,0,0,0,[]
team_total_under_loss_ge2,60,2026-06-20,Germany vs. Côte d'Ivoire,2-1,1,Germany,Germany vs. Côte d'Ivoire: Côte d'Ivoire O/U 2.5,Under,2,2.5,,,Côte d'Ivoire,1,,,,0,0,,,,,0,0,0,0,0,0,0,0,0,0,0,0,[]
team_total_under_loss_ge2,120,2026-06-20,Germany vs. Côte d'Ivoire,2-1,1,Germany,Germany vs. Côte d'Ivoire: Côte d'Ivoire O/U 2.5,Under,2,2.5,,,Côte d'Ivoire,1,,,,0,0,,,,,0,0,0,0,0,0,0,0,0,0,0,0,[]
team_total_under_loss_ge2,180,2026-06-20,Germany vs. Côte d'Ivoire,2-1,1,Germany,Germany vs. Côte d'Ivoire: Côte d'Ivoire O/U 2.5,Under,2,2.5,,,Côte d'Ivoire,1,,,,0,0,,,,,0,0,0,0,0,0,0,0,0,0,0,0,[]
team_total_under_loss_ge2,300,2026-06-20,Germany vs. Côte d'Ivoire,2-1,1,Germany,Germany vs. Côte d'Ivoire: Côte d'Ivoire O/U 2.5,Under,2,2.5,,,Côte d'Ivoire,1,,,,0,0,,,,,0,0,0,0,0,0,0,0,0,0,0,0,[]
team_total_under_loss_ge2,480,2026-06-20,Germany vs. Côte d'Ivoire,2-1,1,Germany,Germany vs. Côte d'Ivoire: Côte d'Ivoire O/U 2.5,Under,2,2.5,,,Côte d'Ivoire,1,,,,1,245.83,0.999,0.999,0.0971,0.0971,0,0,0,0,0,0,0,0,0,0,1,245.83,[]
loser_no,60,2026-06-20,Germany vs. Côte d'Ivoire,2-1,1,Germany,Will Côte d'Ivoire win on 2026-06-20?,No,2,,,,,,Côte d'Ivoire,,,14,3992.83,0.999,0.999,0.0971,0.0971,0,0,0,0,0,0,0,0,0,0,14,3992.83,[]
loser_no,120,2026-06-20,Germany vs. Côte d'Ivoire,2-1,1,Germany,Will Côte d'Ivoire win on 2026-06-20?,No,2,,,,,,Côte d'Ivoire,,,37,37709.36,0.999,0.999,0.0971,0.0971,0,0,0,0,0,0,0,0,0,0,37,37709.36,[]
loser_no,180,2026-06-20,Germany vs. Côte d'Ivoire,2-1,1,Germany,Will Côte d'Ivoire win on 2026-06-20?,No,2,,,,,,Côte d'Ivoire,,,47,40237.12,0.99,0.999,0.9801,0.0971,0,0,0,0,0,0,10,2527.76,10,2527.76,47,40237.12,[]
loser_no,300,2026-06-20,Germany vs. Côte d'Ivoire,2-1,1,Germany,Will Côte d'Ivoire win on 2026-06-20?,No,2,,,,,,Côte d'Ivoire,,,348,154240.566682,0.93,0.999,7.3169,0.0971,154,28330.274532,206,41898.826682,231,48357.319482,311,116531.206682,311,116531.206682,348,154240.566682,[]
loser_no,480,2026-06-20,Germany vs. Côte d'Ivoire,2-1,1,Germany,Will Côte d'Ivoire win on 2026-06-20?,No,2,,,,,,Côte d'Ivoire,,,607,238365.164863,0.9,0.999,10.8111,0.0971,413,112454.872713,465,126023.424863,490,132481.917663,570,200655.804863,570,200655.804863,607,238365.164863,[]
total_over_locked,60,2026-06-20,Germany vs. Côte d'Ivoire,2-1,1,Germany,Germany vs. Côte d'Ivoire: O/U 2.5,Over,999,2.5,,3,,,,,True,32,74282.88,0.999,0.999,0.0971,0.0971,0,0,0,0,0,0,0,0,0,0,32,74282.88,[]
total_over_locked,120,2026-06-20,Germany vs. Côte d'Ivoire,2-1,1,Germany,Germany vs. Côte d'Ivoire: O/U 2.5,Over,999,2.5,,3,,,,,True,69,85128.77,0.999,0.999,0.0971,0.0971,0,0,0,0,0,0,0,0,0,0,69,85128.77,[]
total_over_locked,180,2026-06-20,Germany vs. Côte d'Ivoire,2-1,1,Germany,Germany vs. Côte d'Ivoire: O/U 2.5,Over,999,2.5,,3,,,,,True,103,90202.45,0.99,0.999,0.9801,0.0971,0,0,0,0,0,0,23,2617.9,23,2617.9,103,90202.45,[]
total_over_locked,300,2026-06-20,Germany vs. Côte d'Ivoire,2-1,1,Germany,Germany vs. Côte d'Ivoire: O/U 2.5,Over,999,2.5,,3,,,,,True,453,208547.689619,0.16,0.999,522.48,0.0971,248,57323.303078,282,67220.992569,303,72741.819619,373,120963.139619,373,120963.139619,453,208547.689619,[]
total_over_locked,480,2026-06-20,Germany vs. Côte d'Ivoire,2-1,1,Germany,Germany vs. Côte d'Ivoire: O/U 2.5,Over,999,2.5,,3,,,,,True,713,311323.33032,0.16,0.999,522.48,0.0971,508,160098.943779,542,169996.63327,563,175517.46032,633,223738.78032,633,223738.78032,713,311323.33032,[]
team_total_over_locked,60,2026-06-20,Germany vs. Côte d'Ivoire,2-1,1,Germany,Germany vs. Côte d'Ivoire: Germany O/U 1.5,Over,999,1.5,,,Germany,2,,,True,2,9.2,0.999,0.999,0.0971,0.0971,0,0,0,0,0,0,0,0,0,0,2,9.2,[]
team_total_over_locked,120,2026-06-20,Germany vs. Côte d'Ivoire,2-1,1,Germany,Germany vs. Côte d'Ivoire: Germany O/U 1.5,Over,999,1.5,,,Germany,2,,,True,17,4499.64,0.999,0.999,0.0971,0.0971,0,0,0,0,0,0,0,0,0,0,17,4499.64,[]
team_total_over_locked,180,2026-06-20,Germany vs. Côte d'Ivoire,2-1,1,Germany,Germany vs. Côte d'Ivoire: Germany O/U 1.5,Over,999,1.5,,,Germany,2,,,True,35,7313.79,0.99,0.999,0.9801,0.0971,0,0,0,0,0,0,15,1568.13,15,1568.13,35,7313.79,[]
team_total_over_locked,300,2026-06-20,Germany vs. Côte d'Ivoire,2-1,1,Germany,Germany vs. Côte d'Ivoire: Germany O/U 1.5,Over,999,1.5,,,Germany,2,,,True,114,17045.100751,0.11,0.999,806.4209,0.0971,69,7283.66966,72,8428.220751,72,8428.220751,94,11299.440751,94,11299.440751,114,17045.100751,[]
team_total_over_locked,480,2026-06-20,Germany vs. Côte d'Ivoire,2-1,1,Germany,Germany vs. Côte d'Ivoire: Germany O/U 1.5,Over,999,1.5,,,Germany,2,,,True,143,30773.857109,0.11,0.999,806.4209,0.0971,98,21012.426018,101,22156.977109,101,22156.977109,123,25028.197109,123,25028.197109,143,30773.857109,[]
team_total_under_loss_ge2,60,2026-06-21,Ecuador vs. Curaçao,0-0,0,,Ecuador vs. Curaçao: Ecuador O/U 1.5,Under,2,1.5,,,Ecuador,0,,,,3,66.06,0.99,0.999,0.9801,0.0971,0,0,0,0,0,0,1,10.0,1,10.0,3,66.06,[]
team_total_under_loss_ge2,120,2026-06-21,Ecuador vs. Curaçao,0-0,0,,Ecuador vs. Curaçao: Ecuador O/U 1.5,Under,2,1.5,,,Ecuador,0,,,,3,66.06,0.99,0.999,0.9801,0.0971,0,0,0,0,0,0,1,10.0,1,10.0,3,66.06,[]
team_total_under_loss_ge2,180,2026-06-21,Ecuador vs. Curaçao,0-0,0,,Ecuador vs. Curaçao: Ecuador O/U 1.5,Under,2,1.5,,,Ecuador,0,,,,3,66.06,0.99,0.999,0.9801,0.0971,0,0,0,0,0,0,1,10.0,1,10.0,3,66.06,[]
team_total_under_loss_ge2,300,2026-06-21,Ecuador vs. Curaçao,0-0,0,,Ecuador vs. Curaçao: Ecuador O/U 1.5,Under,2,1.5,,,Ecuador,0,,,,10,5238.51,0.96,0.999,4.0467,0.0971,0,0,1,5.0,1,5.0,8,5182.45,8,5182.45,10,5238.51,[]
team_total_under_loss_ge2,480,2026-06-21,Ecuador vs. Curaçao,0-0,0,,Ecuador vs. Curaçao: Ecuador O/U 1.5,Under,2,1.5,,,Ecuador,0,,,,22,9321.61,0.89,0.999,12.0296,0.0971,10,2062.1,12,2088.1,13,4088.1,20,9265.55,20,9265.55,22,9321.61,[]
spread_tight_loss_ge2,60,2026-06-21,Ecuador vs. Curaçao,0-0,0,,Spread: Ecuador (-1.5),Curaçao,2,1.5,2,,,,,other_side,,3,105.990029,0.9989999676656989,0.999,0.0971,0.0971,0,0,0,0,0,0,0,0,0,0,3,105.990029,[]
spread_tight_loss_ge2,120,2026-06-21,Ecuador vs. Curaçao,0-0,0,,Spread: Ecuador (-1.5),Curaçao,2,1.5,2,,,,,other_side,,12,10933.232029,0.85,0.999,17.1971,0.0971,6,727.192,6,727.192,7,777.192,7,777.192,7,777.192,12,10933.232029,[]
spread_tight_loss_ge2,180,2026-06-21,Ecuador vs. Curaçao,0-0,0,,Spread: Ecuador (-1.5),Curaçao,2,1.5,2,,,,,other_side,,12,10933.232029,0.85,0.999,17.1971,0.0971,6,727.192,6,727.192,7,777.192,7,777.192,7,777.192,12,10933.232029,[]
spread_tight_loss_ge2,300,2026-06-21,Ecuador vs. Curaçao,0-0,0,,Spread: Ecuador (-1.5),Curaçao,2,1.5,2,,,,,other_side,,17,11115.652533,0.85,0.999,17.1971,0.0971,6,727.192,7,739.382,8,789.382,10,891.432504,11,921.732504,17,11115.652533,[]
spread_tight_loss_ge2,480,2026-06-21,Ecuador vs. Curaçao,0-0,0,,Spread: Ecuador (-1.5),Curaçao,2,1.5,2,,,,,other_side,,28,12993.134183,0.85,0.999,17.1971,0.0971,11,976.872,18,2616.86365,19,2666.86365,21,2768.914154,22,2799.214154,28,12993.134183,[]
btts_yes_locked,60,2026-06-20,Germany vs. Côte d'Ivoire,2-1,1,Germany,Germany vs. Côte d'Ivoire: Both Teams to Score,Yes,999,,,,,,,,True,9,665.87,0.999,0.999,0.0971,0.0971,0,0,0,0,0,0,0,0,0,0,9,665.87,[]
btts_yes_locked,120,2026-06-20,Germany vs. Côte d'Ivoire,2-1,1,Germany,Germany vs. Côte d'Ivoire: Both Teams to Score,Yes,999,,,,,,,,True,13,1021.84,0.999,0.999,0.0971,0.0971,0,0,0,0,0,0,0,0,0,0,13,1021.84,[]
btts_yes_locked,180,2026-06-20,Germany vs. Côte d'Ivoire,2-1,1,Germany,Germany vs. Côte d'Ivoire: Both Teams to Score,Yes,999,,,,,,,,True,17,1097.74,0.999,0.999,0.0971,0.0971,0,0,0,0,0,0,0,0,0,0,17,1097.74,[]
btts_yes_locked,300,2026-06-20,Germany vs. Côte d'Ivoire,2-1,1,Germany,Germany vs. Côte d'Ivoire: Both Teams to Score,Yes,999,,,,,,,,True,21,1176.66,0.999,0.999,0.0971,0.0971,0,0,0,0,0,0,0,0,0,0,21,1176.66,[]
btts_yes_locked,480,2026-06-20,Germany vs. Côte d'Ivoire,2-1,1,Germany,Germany vs. Côte d'Ivoire: Both Teams to Score,Yes,999,,,,,,,,True,26,1609.86,0.999,0.999,0.0971,0.0971,0,0,0,0,0,0,0,0,0,0,26,1609.86,[]
total_under_loss_ge2,60,2026-06-21,Ecuador vs. Curaçao,0-0,0,,Ecuador vs. Curaçao: O/U 1.5,Under,2,1.5,,0,,,,,,1,50.0,0.999,0.999,0.0971,0.0971,0,0,0,0,0,0,0,0,0,0,1,50.0,[]
total_under_loss_ge2,120,2026-06-21,Ecuador vs. Curaçao,0-0,0,,Ecuador vs. Curaçao: O/U 1.5,Under,2,1.5,,0,,,,,,8,1814.04,0.95,0.999,5.1132,0.0971,1,864.8,2,908.8,3,958.8,6,1744.04,6,1744.04,8,1814.04,[]
total_under_loss_ge2,180,2026-06-21,Ecuador vs. Curaçao,0-0,0,,Ecuador vs. Curaçao: O/U 1.5,Under,2,1.5,,0,,,,,,11,2197.31,0.95,0.999,5.1132,0.0971,1,864.8,2,908.8,3,958.8,9,2127.31,9,2127.31,11,2197.31,[]
total_under_loss_ge2,300,2026-06-21,Ecuador vs. Curaçao,0-0,0,,Ecuador vs. Curaçao: O/U 1.5,Under,2,1.5,,0,,,,,,29,8563.1303,0.95,0.999,5.1132,0.0971,1,864.8,3,910.99,13,6042.99,27,8493.1303,27,8493.1303,29,8563.1303,[]
total_under_loss_ge2,480,2026-06-21,Ecuador vs. Curaçao,0-0,0,,Ecuador vs. Curaçao: O/U 1.5,Under,2,1.5,,0,,,,,,50,11956.73745,0.92,0.999,8.4557,0.0971,15,3825.2,22,4243.57675,34,9436.59715,48,11886.73745,48,11886.73745,50,11956.73745,[]
spread_tight_loss_ge2,60,2026-06-21,Tunisia vs. Japan,0-4,4,Japan,Spread: Japan (-5.5),Tunisia,2,5.5,6,,,,,other_side,,0,0,,,,,0,0,0,0,0,0,0,0,0,0,0,0,[]
spread_tight_loss_ge2,120,2026-06-21,Tunisia vs. Japan,0-4,4,Japan,Spread: Japan (-5.5),Tunisia,2,5.5,6,,,,,other_side,,0,0,,,,,0,0,0,0,0,0,0,0,0,0,0,0,[]
spread_tight_loss_ge2,180,2026-06-21,Tunisia vs. Japan,0-4,4,Japan,Spread: Japan (-5.5),Tunisia,2,5.5,6,,,,,other_side,,0,0,,,,,0,0,0,0,0,0,0,0,0,0,0,0,[]
spread_tight_loss_ge2,300,2026-06-21,Tunisia vs. Japan,0-4,4,Japan,Spread: Japan (-5.5),Tunisia,2,5.5,6,,,,,other_side,,2,2372.006017,0.9969995269232514,0.997,0.2919,0.2919,0,0,0,0,0,0,0,0,0,0,2,2372.006017,[]
spread_tight_loss_ge2,480,2026-06-21,Tunisia vs. Japan,0-4,4,Japan,Spread: Japan (-5.5),Tunisia,2,5.5,6,,,,,other_side,,3,2472.306918,0.9969995269232514,0.997,0.2919,0.2919,0,0,0,0,0,0,0,0,0,0,3,2472.306918,[]
draw_no_lead_ge2,60,2026-06-21,Tunisia vs. Japan,0-4,4,Japan,Will Tunisia vs. Japan end in a draw?,No,4,,,,,,,,,0,0,,,,,0,0,0,0,0,0,0,0,0,0,0,0,[]
draw_no_lead_ge2,120,2026-06-21,Tunisia vs. Japan,0-4,4,Japan,Will Tunisia vs. Japan end in a draw?,No,4,,,,,,,,,0,0,,,,,0,0,0,0,0,0,0,0,0,0,0,0,[]
draw_no_lead_ge2,180,2026-06-21,Tunisia vs. Japan,0-4,4,Japan,Will Tunisia vs. Japan end in a draw?,No,4,,,,,,,,,0,0,,,,,0,0,0,0,0,0,0,0,0,0,0,0,[]
draw_no_lead_ge2,300,2026-06-21,Tunisia vs. Japan,0-4,4,Japan,Will Tunisia vs. Japan end in a draw?,No,4,,,,,,,,,0,0,,,,,0,0,0,0,0,0,0,0,0,0,0,0,[]
draw_no_lead_ge2,480,2026-06-21,Tunisia vs. Japan,0-4,4,Japan,Will Tunisia vs. Japan end in a draw?,No,4,,,,,,,,,0,0,,,,,0,0,0,0,0,0,0,0,0,0,0,0,[]
total_under_loss_ge2,60,2026-06-21,Tunisia vs. Japan,0-4,4,Japan,Tunisia vs. Japan: O/U 5.5,Under,2,5.5,,4,,,,,,3,837.85,0.999,0.999,0.0971,0.0971,0,0,0,0,0,0,0,0,0,0,3,837.85,[]
total_under_loss_ge2,120,2026-06-21,Tunisia vs. Japan,0-4,4,Japan,Tunisia vs. Japan: O/U 5.5,Under,2,5.5,,4,,,,,,7,2942.357,0.999,0.999,0.0971,0.0971,0,0,0,0,0,0,0,0,0,0,7,2942.357,[]
total_under_loss_ge2,180,2026-06-21,Tunisia vs. Japan,0-4,4,Japan,Tunisia vs. Japan: O/U 5.5,Under,2,5.5,,4,,,,,,9,3970.447,0.998,0.999,0.1944,0.0971,0,0,0,0,0,0,0,0,0,0,9,3970.447,[]
total_under_loss_ge2,300,2026-06-21,Tunisia vs. Japan,0-4,4,Japan,Tunisia vs. Japan: O/U 5.5,Under,2,5.5,,4,,,,,,22,19329.68722,0.984,0.999,1.578,0.0971,0,0,0,0,0,0,4,2238.38,9,10058.448554,22,19329.68722,[]
total_under_loss_ge2,480,2026-06-21,Tunisia vs. Japan,0-4,4,Japan,Tunisia vs. Japan: O/U 5.5,Under,2,5.5,,4,,,,,,61,33878.176634,0.96,0.999,4.0467,0.0971,0,0,9,1697.4,30,9454.417672,42,16181.320526,48,24606.937968,61,33878.176634,[]
team_total_under_loss_ge2,60,2026-06-21,Tunisia vs. Japan,0-4,4,Japan,Tunisia vs. Japan: Tunisia O/U 1.5,Under,2,1.5,,,Tunisia,0,,,,0,0,,,,,0,0,0,0,0,0,0,0,0,0,0,0,[]
team_total_under_loss_ge2,120,2026-06-21,Tunisia vs. Japan,0-4,4,Japan,Tunisia vs. Japan: Tunisia O/U 1.5,Under,2,1.5,,,Tunisia,0,,,,0,0,,,,,0,0,0,0,0,0,0,0,0,0,0,0,[]
team_total_under_loss_ge2,180,2026-06-21,Tunisia vs. Japan,0-4,4,Japan,Tunisia vs. Japan: Tunisia O/U 1.5,Under,2,1.5,,,Tunisia,0,,,,1,2.06,0.999,0.999,0.0971,0.0971,0,0,0,0,0,0,0,0,0,0,1,2.06,[]
team_total_under_loss_ge2,300,2026-06-21,Tunisia vs. Japan,0-4,4,Japan,Tunisia vs. Japan: Tunisia O/U 1.5,Under,2,1.5,,,Tunisia,0,,,,4,283.51,0.999,0.999,0.0971,0.0971,0,0,0,0,0,0,0,0,0,0,4,283.51,[]
team_total_under_loss_ge2,480,2026-06-21,Tunisia vs. Japan,0-4,4,Japan,Tunisia vs. Japan: Tunisia O/U 1.5,Under,2,1.5,,,Tunisia,0,,,,6,491.51,0.992,0.999,0.7825,0.0971,0,0,0,0,0,0,0,0,1,4.0,6,491.51,[]
leader_yes_lead_ge2,60,2026-06-21,Tunisia vs. Japan,0-4,4,Japan,Will Japan win on 2026-06-21?,Yes,4,,,,,,,,,18,857.53,0.999,0.999,0.0971,0.0971,0,0,0,0,0,0,0,0,0,0,18,857.53,[]
leader_yes_lead_ge2,120,2026-06-21,Tunisia vs. Japan,0-4,4,Japan,Will Japan win on 2026-06-21?,Yes,4,,,,,,,,,36,2454.08,0.999,0.999,0.0971,0.0971,0,0,0,0,0,0,0,0,0,0,36,2454.08,[]
leader_yes_lead_ge2,180,2026-06-21,Tunisia vs. Japan,0-4,4,Japan,Will Japan win on 2026-06-21?,Yes,4,,,,,,,,,51,3524.93,0.999,0.999,0.0971,0.0971,0,0,0,0,0,0,0,0,0,0,51,3524.93,[]
leader_yes_lead_ge2,300,2026-06-21,Tunisia vs. Japan,0-4,4,Japan,Will Japan win on 2026-06-21?,Yes,4,,,,,,,,,97,14161.75,0.999,0.999,0.0971,0.0971,0,0,0,0,0,0,0,0,0,0,97,14161.75,[]
leader_yes_lead_ge2,480,2026-06-21,Tunisia vs. Japan,0-4,4,Japan,Will Japan win on 2026-06-21?,Yes,4,,,,,,,,,169,30092.4,0.999,0.999,0.0971,0.0971,0,0,0,0,0,0,0,0,0,0,169,30092.4,[]
loser_no,60,2026-06-21,Tunisia vs. Japan,0-4,4,Japan,Will Tunisia win on 2026-06-21?,No,5,,,,,,Tunisia,,,0,0,,,,,0,0,0,0,0,0,0,0,0,0,0,0,[]
loser_no,120,2026-06-21,Tunisia vs. Japan,0-4,4,Japan,Will Tunisia win on 2026-06-21?,No,5,,,,,,Tunisia,,,0,0,,,,,0,0,0,0,0,0,0,0,0,0,0,0,[]
loser_no,180,2026-06-21,Tunisia vs. Japan,0-4,4,Japan,Will Tunisia win on 2026-06-21?,No,5,,,,,,Tunisia,,,0,0,,,,,0,0,0,0,0,0,0,0,0,0,0,0,[]
loser_no,300,2026-06-21,Tunisia vs. Japan,0-4,4,Japan,Will Tunisia win on 2026-06-21?,No,5,,,,,,Tunisia,,,0,0,,,,,0,0,0,0,0,0,0,0,0,0,0,0,[]
loser_no,480,2026-06-21,Tunisia vs. Japan,0-4,4,Japan,Will Tunisia win on 2026-06-21?,No,5,,,,,,Tunisia,,,0,0,,,,,0,0,0,0,0,0,0,0,0,0,0,0,[]
team_total_over_locked,60,2026-06-21,Tunisia vs. Japan,0-4,4,Japan,Tunisia vs. Japan: Japan O/U 2.5,Over,999,2.5,,,Japan,4,,,True,2,551.54,0.999,0.999,0.0971,0.0971,0,0,0,0,0,0,0,0,0,0,2,551.54,[]
team_total_over_locked,120,2026-06-21,Tunisia vs. Japan,0-4,4,Japan,Tunisia vs. Japan: Japan O/U 2.5,Over,999,2.5,,,Japan,4,,,True,2,551.54,0.999,0.999,0.0971,0.0971,0,0,0,0,0,0,0,0,0,0,2,551.54,[]
team_total_over_locked,180,2026-06-21,Tunisia vs. Japan,0-4,4,Japan,Tunisia vs. Japan: Japan O/U 2.5,Over,999,2.5,,,Japan,4,,,True,4,560.91,0.999,0.999,0.0971,0.0971,0,0,0,0,0,0,0,0,0,0,4,560.91,[]
team_total_over_locked,300,2026-06-21,Tunisia vs. Japan,0-4,4,Japan,Tunisia vs. Japan: Japan O/U 2.5,Over,999,2.5,,,Japan,4,,,True,7,631.29,0.999,0.999,0.0971,0.0971,0,0,0,0,0,0,0,0,0,0,7,631.29,[]
team_total_over_locked,480,2026-06-21,Tunisia vs. Japan,0-4,4,Japan,Tunisia vs. Japan: Japan O/U 2.5,Over,999,2.5,,,Japan,4,,,True,11,973.06,0.999,0.999,0.0971,0.0971,0,0,0,0,0,0,0,0,0,0,11,973.06,[]
draw_no_lead_ge2,60,2026-06-21,Spain vs. Saudi Arabia,4-0,4,Spain,Will Spain vs. Saudi Arabia end in a draw?,No,4,,,,,,,,,0,0,,,,,0,0,0,0,0,0,0,0,0,0,0,0,[]
draw_no_lead_ge2,120,2026-06-21,Spain vs. Saudi Arabia,4-0,4,Spain,Will Spain vs. Saudi Arabia end in a draw?,No,4,,,,,,,,,2,65.58,0.999,0.999,0.0971,0.0971,0,0,0,0,0,0,0,0,0,0,2,65.58,[]
draw_no_lead_ge2,180,2026-06-21,Spain vs. Saudi Arabia,4-0,4,Spain,Will Spain vs. Saudi Arabia end in a draw?,No,4,,,,,,,,,2,65.58,0.999,0.999,0.0971,0.0971,0,0,0,0,0,0,0,0,0,0,2,65.58,[]
draw_no_lead_ge2,300,2026-06-21,Spain vs. Saudi Arabia,4-0,4,Spain,Will Spain vs. Saudi Arabia end in a draw?,No,4,,,,,,,,,2,65.58,0.999,0.999,0.0971,0.0971,0,0,0,0,0,0,0,0,0,0,2,65.58,[]
draw_no_lead_ge2,480,2026-06-21,Spain vs. Saudi Arabia,4-0,4,Spain,Will Spain vs. Saudi Arabia end in a draw?,No,4,,,,,,,,,3,66.0,0.999,0.999,0.0971,0.0971,0,0,0,0,0,0,0,0,0,0,3,66.0,[]
total_over_locked,60,2026-06-21,Tunisia vs. Japan,0-4,4,Japan,Tunisia vs. Japan: O/U 3.5,Over,999,3.5,,4,,,,,True,3,1034.04,0.999,0.999,0.0971,0.0971,0,0,0,0,0,0,0,0,0,0,3,1034.04,[]
total_over_locked,120,2026-06-21,Tunisia vs. Japan,0-4,4,Japan,Tunisia vs. Japan: O/U 3.5,Over,999,3.5,,4,,,,,True,4,1134.03,0.999,0.999,0.0971,0.0971,0,0,0,0,0,0,0,0,0,0,4,1134.03,[]
total_over_locked,180,2026-06-21,Tunisia vs. Japan,0-4,4,Japan,Tunisia vs. Japan: O/U 3.5,Over,999,3.5,,4,,,,,True,7,1250.51,0.999,0.999,0.0971,0.0971,0,0,0,0,0,0,0,0,0,0,7,1250.51,[]
total_over_locked,300,2026-06-21,Tunisia vs. Japan,0-4,4,Japan,Tunisia vs. Japan: O/U 3.5,Over,999,3.5,,4,,,,,True,11,1932.31,0.999,0.999,0.0971,0.0971,0,0,0,0,0,0,0,0,0,0,11,1932.31,[]
total_over_locked,480,2026-06-21,Tunisia vs. Japan,0-4,4,Japan,Tunisia vs. Japan: O/U 3.5,Over,999,3.5,,4,,,,,True,26,5017.78,0.999,0.999,0.0971,0.0971,0,0,0,0,0,0,0,0,0,0,26,5017.78,[]
loser_no,60,2026-06-21,Spain vs. Saudi Arabia,4-0,4,Spain,Will Saudi Arabia win on 2026-06-21?,No,5,,,,,,Saudi Arabia,,,0,0,,,,,0,0,0,0,0,0,0,0,0,0,0,0,[]
loser_no,120,2026-06-21,Spain vs. Saudi Arabia,4-0,4,Spain,Will Saudi Arabia win on 2026-06-21?,No,5,,,,,,Saudi Arabia,,,1,1000.0,0.999,0.999,0.0971,0.0971,0,0,0,0,0,0,0,0,0,0,1,1000.0,[]
loser_no,180,2026-06-21,Spain vs. Saudi Arabia,4-0,4,Spain,Will Saudi Arabia win on 2026-06-21?,No,5,,,,,,Saudi Arabia,,,1,1000.0,0.999,0.999,0.0971,0.0971,0,0,0,0,0,0,0,0,0,0,1,1000.0,[]
loser_no,300,2026-06-21,Spain vs. Saudi Arabia,4-0,4,Spain,Will Saudi Arabia win on 2026-06-21?,No,5,,,,,,Saudi Arabia,,,1,1000.0,0.999,0.999,0.0971,0.0971,0,0,0,0,0,0,0,0,0,0,1,1000.0,[]
loser_no,480,2026-06-21,Spain vs. Saudi Arabia,4-0,4,Spain,Will Saudi Arabia win on 2026-06-21?,No,5,,,,,,Saudi Arabia,,,1,1000.0,0.999,0.999,0.0971,0.0971,0,0,0,0,0,0,0,0,0,0,1,1000.0,[]
team_total_under_loss_ge2,60,2026-06-21,Spain vs. Saudi Arabia,4-0,4,Spain,Spain vs. Saudi Arabia: Saudi Arabia O/U 1.5,Under,2,1.5,,,Saudi Arabia,0,,,,0,0,,,,,0,0,0,0,0,0,0,0,0,0,0,0,[]
team_total_under_loss_ge2,120,2026-06-21,Spain vs. Saudi Arabia,4-0,4,Spain,Spain vs. Saudi Arabia: Saudi Arabia O/U 1.5,Under,2,1.5,,,Saudi Arabia,0,,,,0,0,,,,,0,0,0,0,0,0,0,0,0,0,0,0,[]
team_total_under_loss_ge2,180,2026-06-21,Spain vs. Saudi Arabia,4-0,4,Spain,Spain vs. Saudi Arabia: Saudi Arabia O/U 1.5,Under,2,1.5,,,Saudi Arabia,0,,,,0,0,,,,,0,0,0,0,0,0,0,0,0,0,0,0,[]
team_total_under_loss_ge2,300,2026-06-21,Spain vs. Saudi Arabia,4-0,4,Spain,Spain vs. Saudi Arabia: Saudi Arabia O/U 1.5,Under,2,1.5,,,Saudi Arabia,0,,,,0,0,,,,,0,0,0,0,0,0,0,0,0,0,0,0,[]
team_total_under_loss_ge2,480,2026-06-21,Spain vs. Saudi Arabia,4-0,4,Spain,Spain vs. Saudi Arabia: Saudi Arabia O/U 1.5,Under,2,1.5,,,Saudi Arabia,0,,,,0,0,,,,,0,0,0,0,0,0,0,0,0,0,0,0,[]
spread_tight_loss_ge2,60,2026-06-21,Spain vs. Saudi Arabia,4-0,4,Spain,Spread: Spain (-5.5),Saudi Arabia,2,5.5,6,,,,,other_side,,3,354.192,0.991,0.9985500204293303,0.8812,0.1409,0,0,0,0,0,0,0,0,1,25.0,3,354.192,[]
spread_tight_loss_ge2,120,2026-06-21,Spain vs. Saudi Arabia,4-0,4,Spain,Spread: Spain (-5.5),Saudi Arabia,2,5.5,6,,,,,other_side,,3,354.192,0.991,0.9985500204293303,0.8812,0.1409,0,0,0,0,0,0,0,0,1,25.0,3,354.192,[]
spread_tight_loss_ge2,180,2026-06-21,Spain vs. Saudi Arabia,4-0,4,Spain,Spread: Spain (-5.5),Saudi Arabia,2,5.5,6,,,,,other_side,,3,354.192,0.991,0.9985500204293303,0.8812,0.1409,0,0,0,0,0,0,0,0,1,25.0,3,354.192,[]
spread_tight_loss_ge2,300,2026-06-21,Spain vs. Saudi Arabia,4-0,4,Spain,Spread: Spain (-5.5),Saudi Arabia,2,5.5,6,,,,,other_side,,16,11317.002,0.9872005408746107,0.9985500204293303,1.2581,0.1409,0,0,0,0,0,0,8,10723.0,14,10987.81,16,11317.002,[]
spread_tight_loss_ge2,480,2026-06-21,Spain vs. Saudi Arabia,4-0,4,Spain,Spread: Spain (-5.5),Saudi Arabia,2,5.5,6,,,,,other_side,,44,13347.022,0.821,0.9985500204293303,21.2657,0.1409,27,1979.0,28,2030.02,28,2030.02,36,12753.02,42,13017.83,44,13347.022,[]
leader_yes_lead_ge2,60,2026-06-21,Spain vs. Saudi Arabia,4-0,4,Spain,Will Spain win on 2026-06-21?,Yes,4,,,,,,,,,5,96.48,0.999,0.999,0.0971,0.0971,0,0,0,0,0,0,0,0,0,0,5,96.48,[]
leader_yes_lead_ge2,120,2026-06-21,Spain vs. Saudi Arabia,4-0,4,Spain,Will Spain win on 2026-06-21?,Yes,4,,,,,,,,,9,254.9,0.999,0.999,0.0971,0.0971,0,0,0,0,0,0,0,0,0,0,9,254.9,[]
leader_yes_lead_ge2,180,2026-06-21,Spain vs. Saudi Arabia,4-0,4,Spain,Will Spain win on 2026-06-21?,Yes,4,,,,,,,,,14,456.35,0.999,0.999,0.0971,0.0971,0,0,0,0,0,0,0,0,0,0,14,456.35,[]
leader_yes_lead_ge2,300,2026-06-21,Spain vs. Saudi Arabia,4-0,4,Spain,Will Spain win on 2026-06-21?,Yes,4,,,,,,,,,23,3540.58,0.999,0.999,0.0971,0.0971,0,0,0,0,0,0,0,0,0,0,23,3540.58,[]
leader_yes_lead_ge2,480,2026-06-21,Spain vs. Saudi Arabia,4-0,4,Spain,Will Spain win on 2026-06-21?,Yes,4,,,,,,,,,29,3895.53,0.999,0.999,0.0971,0.0971,0,0,0,0,0,0,0,0,0,0,29,3895.53,[]
team_total_over_locked,60,2026-06-21,Spain vs. Saudi Arabia,4-0,4,Spain,Spain vs. Saudi Arabia: Spain O/U 2.5,Over,999,2.5,,,Spain,4,,,True,0,0,,,,,0,0,0,0,0,0,0,0,0,0,0,0,[]
team_total_over_locked,120,2026-06-21,Spain vs. Saudi Arabia,4-0,4,Spain,Spain vs. Saudi Arabia: Spain O/U 2.5,Over,999,2.5,,,Spain,4,,,True,0,0,,,,,0,0,0,0,0,0,0,0,0,0,0,0,[]
team_total_over_locked,180,2026-06-21,Spain vs. Saudi Arabia,4-0,4,Spain,Spain vs. Saudi Arabia: Spain O/U 2.5,Over,999,2.5,,,Spain,4,,,True,0,0,,,,,0,0,0,0,0,0,0,0,0,0,0,0,[]
team_total_over_locked,300,2026-06-21,Spain vs. Saudi Arabia,4-0,4,Spain,Spain vs. Saudi Arabia: Spain O/U 2.5,Over,999,2.5,,,Spain,4,,,True,1,231.07,0.999,0.999,0.0971,0.0971,0,0,0,0,0,0,0,0,0,0,1,231.07,[]
team_total_over_locked,480,2026-06-21,Spain vs. Saudi Arabia,4-0,4,Spain,Spain vs. Saudi Arabia: Spain O/U 2.5,Over,999,2.5,,,Spain,4,,,True,4,1746.2,0.999,0.999,0.0971,0.0971,0,0,0,0,0,0,0,0,0,0,4,1746.2,[]
team_total_under_loss_ge2,60,2026-06-21,Belgium vs. IR Iran,0-0,0,,Belgium vs. IR Iran: IR Iran O/U 1.5,Under,2,1.5,,,IR Iran,0,,,,1,55.0,0.999,0.999,0.0971,0.0971,0,0,0,0,0,0,0,0,0,0,1,55.0,[]
team_total_under_loss_ge2,120,2026-06-21,Belgium vs. IR Iran,0-0,0,,Belgium vs. IR Iran: IR Iran O/U 1.5,Under,2,1.5,,,IR Iran,0,,,,1,55.0,0.999,0.999,0.0971,0.0971,0,0,0,0,0,0,0,0,0,0,1,55.0,[]
team_total_under_loss_ge2,180,2026-06-21,Belgium vs. IR Iran,0-0,0,,Belgium vs. IR Iran: IR Iran O/U 1.5,Under,2,1.5,,,IR Iran,0,,,,3,75.0,0.99,0.999,0.9801,0.0971,0,0,0,0,0,0,2,20.0,2,20.0,3,75.0,[]
team_total_under_loss_ge2,300,2026-06-21,Belgium vs. IR Iran,0-0,0,,Belgium vs. IR Iran: IR Iran O/U 1.5,Under,2,1.5,,,IR Iran,0,,,,5,90.0,0.977,0.999,2.2851,0.0971,0,0,0,0,1,10.0,4,35.0,4,35.0,5,90.0,[]
team_total_under_loss_ge2,480,2026-06-21,Belgium vs. IR Iran,0-0,0,,Belgium vs. IR Iran: IR Iran O/U 1.5,Under,2,1.5,,,IR Iran,0,,,,8,298.0,0.977,0.999,2.2851,0.0971,0,0,0,0,2,20.0,7,243.0,7,243.0,8,298.0,[]
total_over_locked,60,2026-06-21,Spain vs. Saudi Arabia,4-0,4,Spain,Spain vs. Saudi Arabia: O/U 3.5,Over,999,3.5,,4,,,,,True,1,15.8,0.999,0.999,0.0971,0.0971,0,0,0,0,0,0,0,0,0,0,1,15.8,[]
total_over_locked,120,2026-06-21,Spain vs. Saudi Arabia,4-0,4,Spain,Spain vs. Saudi Arabia: O/U 3.5,Over,999,3.5,,4,,,,,True,2,35.03,0.999,0.999,0.0971,0.0971,0,0,0,0,0,0,0,0,0,0,2,35.03,[]
total_over_locked,180,2026-06-21,Spain vs. Saudi Arabia,4-0,4,Spain,Spain vs. Saudi Arabia: O/U 3.5,Over,999,3.5,,4,,,,,True,2,35.03,0.999,0.999,0.0971,0.0971,0,0,0,0,0,0,0,0,0,0,2,35.03,[]
total_over_locked,300,2026-06-21,Spain vs. Saudi Arabia,4-0,4,Spain,Spain vs. Saudi Arabia: O/U 3.5,Over,999,3.5,,4,,,,,True,6,352.48,0.999,0.999,0.0971,0.0971,0,0,0,0,0,0,0,0,0,0,6,352.48,[]
total_over_locked,480,2026-06-21,Spain vs. Saudi Arabia,4-0,4,Spain,Spain vs. Saudi Arabia: O/U 3.5,Over,999,3.5,,4,,,,,True,9,1051.2,0.999,0.999,0.0971,0.0971,0,0,0,0,0,0,0,0,0,0,9,1051.2,[]
spread_tight_loss_ge2,60,2026-06-21,Belgium vs. IR Iran,0-0,0,,Spread: Belgium (-1.5),IR Iran,2,1.5,2,,,,,other_side,,1,13.33,0.999,0.999,0.0971,0.0971,0,0,0,0,0,0,0,0,0,0,1,13.33,[]
spread_tight_loss_ge2,120,2026-06-21,Belgium vs. IR Iran,0-0,0,,Spread: Belgium (-1.5),IR Iran,2,1.5,2,,,,,other_side,,2,888.69,0.999,0.999,0.0971,0.0971,0,0,0,0,0,0,0,0,0,0,2,888.69,[]
spread_tight_loss_ge2,180,2026-06-21,Belgium vs. IR Iran,0-0,0,,Spread: Belgium (-1.5),IR Iran,2,1.5,2,,,,,other_side,,7,7608.89,0.992,0.999,0.7825,0.0971,0,0,0,0,0,0,0,0,3,4703.81,7,7608.89,[]
spread_tight_loss_ge2,300,2026-06-21,Belgium vs. IR Iran,0-0,0,,Spread: Belgium (-1.5),IR Iran,2,1.5,2,,,,,other_side,,12,45714.04,0.991,0.999,0.8812,0.0971,0,0,0,0,0,0,0,0,6,4818.96,12,45714.04,[]
spread_tight_loss_ge2,480,2026-06-21,Belgium vs. IR Iran,0-0,0,,Spread: Belgium (-1.5),IR Iran,2,1.5,2,,,,,other_side,,23,54013.302952,0.985,0.999,1.4778,0.0971,0,0,0,0,0,0,6,6151.055713,16,13117.218937,23,54013.302952,[]
team_total_over_locked,60,2026-06-21,Uruguay vs. Cabo Verde,2-2,0,,Uruguay vs. Cabo Verde: Cabo Verde O/U 1.5,Over,999,1.5,,,Cabo Verde,2,,,True,0,0,,,,,0,0,0,0,0,0,0,0,0,0,0,0,[]
team_total_over_locked,120,2026-06-21,Uruguay vs. Cabo Verde,2-2,0,,Uruguay vs. Cabo Verde: Cabo Verde O/U 1.5,Over,999,1.5,,,Cabo Verde,2,,,True,1,28.57,0.999,0.999,0.0971,0.0971,0,0,0,0,0,0,0,0,0,0,1,28.57,[]
team_total_over_locked,180,2026-06-21,Uruguay vs. Cabo Verde,2-2,0,,Uruguay vs. Cabo Verde: Cabo Verde O/U 1.5,Over,999,1.5,,,Cabo Verde,2,,,True,1,28.57,0.999,0.999,0.0971,0.0971,0,0,0,0,0,0,0,0,0,0,1,28.57,[]
team_total_over_locked,300,2026-06-21,Uruguay vs. Cabo Verde,2-2,0,,Uruguay vs. Cabo Verde: Cabo Verde O/U 1.5,Over,999,1.5,,,Cabo Verde,2,,,True,1,28.57,0.999,0.999,0.0971,0.0971,0,0,0,0,0,0,0,0,0,0,1,28.57,[]
team_total_over_locked,480,2026-06-21,Uruguay vs. Cabo Verde,2-2,0,,Uruguay vs. Cabo Verde: Cabo Verde O/U 1.5,Over,999,1.5,,,Cabo Verde,2,,,True,1,28.57,0.999,0.999,0.0971,0.0971,0,0,0,0,0,0,0,0,0,0,1,28.57,[]
total_under_loss_ge2,60,2026-06-21,Spain vs. Saudi Arabia,4-0,4,Spain,Spain vs. Saudi Arabia: O/U 5.5,Under,2,5.5,,4,,,,,,14,7395.28,0.999,0.999,0.0971,0.0971,0,0,0,0,0,0,0,0,0,0,14,7395.28,[]
total_under_loss_ge2,120,2026-06-21,Spain vs. Saudi Arabia,4-0,4,Spain,Spain vs. Saudi Arabia: O/U 5.5,Under,2,5.5,,4,,,,,,31,14959.8,0.999,0.999,0.0971,0.0971,0,0,0,0,0,0,0,0,0,0,31,14959.8,[]
total_under_loss_ge2,180,2026-06-21,Spain vs. Saudi Arabia,4-0,4,Spain,Spain vs. Saudi Arabia: O/U 5.5,Under,2,5.5,,4,,,,,,47,22171.614015,0.991,0.999,0.8812,0.0971,0,0,0,0,0,0,0,0,13,2559.01,47,22171.614015,[]
total_under_loss_ge2,300,2026-06-21,Spain vs. Saudi Arabia,4-0,4,Spain,Spain vs. Saudi Arabia: O/U 5.5,Under,2,5.5,,4,,,,,,125,31903.505697,0.91,0.999,9.6201,0.0971,23,1577.434111,45,4305.725722,50,5215.170572,71,9401.580572,90,12285.901682,125,31903.505697,[]
total_under_loss_ge2,480,2026-06-21,Spain vs. Saudi Arabia,4-0,4,Spain,Spain vs. Saudi Arabia: O/U 5.5,Under,2,5.5,,4,,,,,,369,66836.624283,0.781,0.999,27.384,0.0971,191,25934.073977,235,31273.395588,293,40143.12234,315,44334.699158,334,47219.020268,369,66836.624283,[]
total_under_loss_ge2,60,2026-06-21,Uruguay vs. Cabo Verde,2-2,0,,Uruguay vs. Cabo Verde: O/U 5.5,Under,2,5.5,,4,,,,,,3,390.66,0.999,0.999,0.0971,0.0971,0,0,0,0,0,0,0,0,0,0,3,390.66,[]
total_under_loss_ge2,120,2026-06-21,Uruguay vs. Cabo Verde,2-2,0,,Uruguay vs. Cabo Verde: O/U 5.5,Under,2,5.5,,4,,,,,,11,5988.955,0.996239702551087,0.999,0.3662,0.0971,0,0,0,0,0,0,0,0,0,0,11,5988.955,[]
total_under_loss_ge2,180,2026-06-21,Uruguay vs. Cabo Verde,2-2,0,,Uruguay vs. Cabo Verde: O/U 5.5,Under,2,5.5,,4,,,,,,12,5992.565,0.995,0.999,0.4875,0.0971,0,0,0,0,0,0,0,0,1,3.61,12,5992.565,[]
total_under_loss_ge2,300,2026-06-21,Uruguay vs. Cabo Verde,2-2,0,,Uruguay vs. Cabo Verde: O/U 5.5,Under,2,5.5,,4,,,,,,44,17443.232968,0.927,0.999,7.6559,0.0971,8,1705.670376,8,1705.670376,17,2339.972193,31,11350.203218,32,11353.813218,44,17443.232968,[]
total_under_loss_ge2,480,2026-06-21,Uruguay vs. Cabo Verde,2-2,0,,Uruguay vs. Cabo Verde: O/U 5.5,Under,2,5.5,,4,,,,,,75,24450.204244,0.927,0.999,7.6559,0.0971,8,1705.670376,8,1705.670376,30,7088.149693,62,18357.174494,63,18360.784494,75,24450.204244,[]
total_under_loss_ge2,60,2026-06-21,Belgium vs. IR Iran,0-0,0,,Belgium vs. IR Iran: O/U 1.5,Under,2,1.5,,0,,,,,,2,184.17,0.999,0.999,0.0971,0.0971,0,0,0,0,0,0,0,0,0,0,2,184.17,[]
total_under_loss_ge2,120,2026-06-21,Belgium vs. IR Iran,0-0,0,,Belgium vs. IR Iran: O/U 1.5,Under,2,1.5,,0,,,,,,7,352.08,0.9983333333333333,0.999,0.1619,0.0971,0,0,0,0,0,0,0,0,0,0,7,352.08,[]
total_under_loss_ge2,180,2026-06-21,Belgium vs. IR Iran,0-0,0,,Belgium vs. IR Iran: O/U 1.5,Under,2,1.5,,0,,,,,,11,602.91,0.994,0.999,0.5856,0.0971,0,0,0,0,0,0,0,0,4,250.83,11,602.91,[]
total_under_loss_ge2,300,2026-06-21,Belgium vs. IR Iran,0-0,0,,Belgium vs. IR Iran: O/U 1.5,Under,2,1.5,,0,,,,,,13,838.2,0.991,0.999,0.8812,0.0971,0,0,0,0,0,0,0,0,6,486.12,13,838.2,[]
total_under_loss_ge2,480,2026-06-21,Belgium vs. IR Iran,0-0,0,,Belgium vs. IR Iran: O/U 1.5,Under,2,1.5,,0,,,,,,34,7738.426932,0.96,0.999,4.0467,0.0971,0,0,6,552.35,20,6799.208632,21,6900.226932,27,7386.346932,34,7738.426932,[]
total_over_locked,60,2026-06-21,Uruguay vs. Cabo Verde,2-2,0,,Uruguay vs. Cabo Verde: O/U 3.5,Over,999,3.5,,4,,,,,True,3,1311.26,0.999,0.999,0.0971,0.0971,0,0,0,0,0,0,0,0,0,0,3,1311.26,[]
total_over_locked,120,2026-06-21,Uruguay vs. Cabo Verde,2-2,0,,Uruguay vs. Cabo Verde: O/U 3.5,Over,999,3.5,,4,,,,,True,7,1828.53,0.999,0.999,0.0971,0.0971,0,0,0,0,0,0,0,0,0,0,7,1828.53,[]
total_over_locked,180,2026-06-21,Uruguay vs. Cabo Verde,2-2,0,,Uruguay vs. Cabo Verde: O/U 3.5,Over,999,3.5,,4,,,,,True,7,1828.53,0.999,0.999,0.0971,0.0971,0,0,0,0,0,0,0,0,0,0,7,1828.53,[]
total_over_locked,300,2026-06-21,Uruguay vs. Cabo Verde,2-2,0,,Uruguay vs. Cabo Verde: O/U 3.5,Over,999,3.5,,4,,,,,True,7,1828.53,0.999,0.999,0.0971,0.0971,0,0,0,0,0,0,0,0,0,0,7,1828.53,[]
total_over_locked,480,2026-06-21,Uruguay vs. Cabo Verde,2-2,0,,Uruguay vs. Cabo Verde: O/U 3.5,Over,999,3.5,,4,,,,,True,7,1828.53,0.999,0.999,0.0971,0.0971,0,0,0,0,0,0,0,0,0,0,7,1828.53,[]
spread_tight_loss_ge2,60,2026-06-21,Uruguay vs. Cabo Verde,2-2,0,,Spread: Uruguay (-1.5),Cabo Verde,2,1.5,2,,,,,other_side,,7,2608.05,0.999,0.999,0.0971,0.0971,0,0,0,0,0,0,0,0,0,0,7,2608.05,[]
spread_tight_loss_ge2,120,2026-06-21,Uruguay vs. Cabo Verde,2-2,0,,Spread: Uruguay (-1.5),Cabo Verde,2,1.5,2,,,,,other_side,,10,3299.27,0.999,0.999,0.0971,0.0971,0,0,0,0,0,0,0,0,0,0,10,3299.27,[]
spread_tight_loss_ge2,180,2026-06-21,Uruguay vs. Cabo Verde,2-2,0,,Spread: Uruguay (-1.5),Cabo Verde,2,1.5,2,,,,,other_side,,14,3419.51,0.998,0.999,0.1944,0.0971,0,0,0,0,0,0,0,0,0,0,14,3419.51,[]
spread_tight_loss_ge2,300,2026-06-21,Uruguay vs. Cabo Verde,2-2,0,,Spread: Uruguay (-1.5),Cabo Verde,2,1.5,2,,,,,other_side,,19,12627.35,0.994,0.999,0.5856,0.0971,0,0,0,0,0,0,0,0,2,156.74,19,12627.35,[]
spread_tight_loss_ge2,480,2026-06-21,Uruguay vs. Cabo Verde,2-2,0,,Spread: Uruguay (-1.5),Cabo Verde,2,1.5,2,,,,,other_side,,31,15396.1502,0.987,0.999,1.2781,0.0971,0,0,0,0,0,0,10,948.8002,14,2925.5402,31,15396.1502,[]
btts_yes_locked,60,2026-06-21,Uruguay vs. Cabo Verde,2-2,0,,Uruguay vs. Cabo Verde: Both Teams to Score,Yes,999,,,,,,,,True,1,4.1,0.999,0.999,0.0971,0.0971,0,0,0,0,0,0,0,0,0,0,1,4.1,[]
btts_yes_locked,120,2026-06-21,Uruguay vs. Cabo Verde,2-2,0,,Uruguay vs. Cabo Verde: Both Teams to Score,Yes,999,,,,,,,,True,1,4.1,0.999,0.999,0.0971,0.0971,0,0,0,0,0,0,0,0,0,0,1,4.1,[]
btts_yes_locked,180,2026-06-21,Uruguay vs. Cabo Verde,2-2,0,,Uruguay vs. Cabo Verde: Both Teams to Score,Yes,999,,,,,,,,True,1,4.1,0.999,0.999,0.0971,0.0971,0,0,0,0,0,0,0,0,0,0,1,4.1,[]
btts_yes_locked,300,2026-06-21,Uruguay vs. Cabo Verde,2-2,0,,Uruguay vs. Cabo Verde: Both Teams to Score,Yes,999,,,,,,,,True,3,31.5,0.999,0.999,0.0971,0.0971,0,0,0,0,0,0,0,0,0,0,3,31.5,[]
btts_yes_locked,480,2026-06-21,Uruguay vs. Cabo Verde,2-2,0,,Uruguay vs. Cabo Verde: Both Teams to Score,Yes,999,,,,,,,,True,3,31.5,0.999,0.999,0.0971,0.0971,0,0,0,0,0,0,0,0,0,0,3,31.5,[]
spread_tight_loss_ge2,60,2026-06-22,New Zealand vs. Egypt,1-3,2,Egypt,Spread: Egypt (-3.5),New Zealand,2,3.5,4,,,,,other_side,,0,0,,,,,0,0,0,0,0,0,0,0,0,0,0,0,[]
spread_tight_loss_ge2,120,2026-06-22,New Zealand vs. Egypt,1-3,2,Egypt,Spread: Egypt (-3.5),New Zealand,2,3.5,4,,,,,other_side,,0,0,,,,,0,0,0,0,0,0,0,0,0,0,0,0,[]
spread_tight_loss_ge2,180,2026-06-22,New Zealand vs. Egypt,1-3,2,Egypt,Spread: Egypt (-3.5),New Zealand,2,3.5,4,,,,,other_side,,1,14.0,0.999,0.999,0.0971,0.0971,0,0,0,0,0,0,0,0,0,0,1,14.0,[]
spread_tight_loss_ge2,300,2026-06-22,New Zealand vs. Egypt,1-3,2,Egypt,Spread: Egypt (-3.5),New Zealand,2,3.5,4,,,,,other_side,,1,14.0,0.999,0.999,0.0971,0.0971,0,0,0,0,0,0,0,0,0,0,1,14.0,[]
spread_tight_loss_ge2,480,2026-06-22,New Zealand vs. Egypt,1-3,2,Egypt,Spread: Egypt (-3.5),New Zealand,2,3.5,4,,,,,other_side,,3,66.010049,0.9949996243872662,0.999,0.4875,0.0971,0,0,0,0,0,0,0,0,2,52.010049,3,66.010049,[]
total_under_loss_ge2,60,2026-06-22,New Zealand vs. Egypt,1-3,2,Egypt,New Zealand vs. Egypt: O/U 5.5,Under,2,5.5,,4,,,,,,3,171.06,0.999,0.999,0.0971,0.0971,0,0,0,0,0,0,0,0,0,0,3,171.06,[]
total_under_loss_ge2,120,2026-06-22,New Zealand vs. Egypt,1-3,2,Egypt,New Zealand vs. Egypt: O/U 5.5,Under,2,5.5,,4,,,,,,9,1754.26,0.999,0.999,0.0971,0.0971,0,0,0,0,0,0,0,0,0,0,9,1754.26,[]
total_under_loss_ge2,180,2026-06-22,New Zealand vs. Egypt,1-3,2,Egypt,New Zealand vs. Egypt: O/U 5.5,Under,2,5.5,,4,,,,,,13,13790.98,0.992,0.999,0.7825,0.0971,0,0,0,0,0,0,0,0,2,5.31,13,13790.98,[]
total_under_loss_ge2,300,2026-06-22,New Zealand vs. Egypt,1-3,2,Egypt,New Zealand vs. Egypt: O/U 5.5,Under,2,5.5,,4,,,,,,18,18028.594147,0.992,0.999,0.7825,0.0971,0,0,0,0,0,0,0,0,4,725.92,18,18028.594147,[]
total_under_loss_ge2,480,2026-06-22,New Zealand vs. Egypt,1-3,2,Egypt,New Zealand vs. Egypt: O/U 5.5,Under,2,5.5,,4,,,,,,32,28967.434348,0.986,0.999,1.3779,0.0971,0,0,0,0,0,0,4,10044.840201,16,11351.930201,32,28967.434348,[]
draw_no_lead_ge2,60,2026-06-22,New Zealand vs. Egypt,1-3,2,Egypt,Will New Zealand vs. Egypt end in a draw?,No,2,,,,,,,,,0,0,,,,,0,0,0,0,0,0,0,0,0,0,0,0,[]
draw_no_lead_ge2,120,2026-06-22,New Zealand vs. Egypt,1-3,2,Egypt,Will New Zealand vs. Egypt end in a draw?,No,2,,,,,,,,,0,0,,,,,0,0,0,0,0,0,0,0,0,0,0,0,[]
draw_no_lead_ge2,180,2026-06-22,New Zealand vs. Egypt,1-3,2,Egypt,Will New Zealand vs. Egypt end in a draw?,No,2,,,,,,,,,0,0,,,,,0,0,0,0,0,0,0,0,0,0,0,0,[]
draw_no_lead_ge2,300,2026-06-22,New Zealand vs. Egypt,1-3,2,Egypt,Will New Zealand vs. Egypt end in a draw?,No,2,,,,,,,,,0,0,,,,,0,0,0,0,0,0,0,0,0,0,0,0,[]
draw_no_lead_ge2,480,2026-06-22,New Zealand vs. Egypt,1-3,2,Egypt,Will New Zealand vs. Egypt end in a draw?,No,2,,,,,,,,,9,20457.05,0.998,0.999,0.1944,0.0971,0,0,0,0,0,0,0,0,0,0,9,20457.05,[]
leader_yes_lead_ge2,60,2026-06-22,New Zealand vs. Egypt,1-3,2,Egypt,Will Egypt win on 2026-06-21?,Yes,2,,,,,,,,,16,2741.03,0.999,0.999,0.0971,0.0971,0,0,0,0,0,0,0,0,0,0,16,2741.03,[]
leader_yes_lead_ge2,120,2026-06-22,New Zealand vs. Egypt,1-3,2,Egypt,Will Egypt win on 2026-06-21?,Yes,2,,,,,,,,,35,3504.22,0.999,0.999,0.0971,0.0971,0,0,0,0,0,0,0,0,0,0,35,3504.22,[]
leader_yes_lead_ge2,180,2026-06-22,New Zealand vs. Egypt,1-3,2,Egypt,Will Egypt win on 2026-06-21?,Yes,2,,,,,,,,,41,4349.56,0.999,0.999,0.0971,0.0971,0,0,0,0,0,0,0,0,0,0,41,4349.56,[]
leader_yes_lead_ge2,300,2026-06-22,New Zealand vs. Egypt,1-3,2,Egypt,Will Egypt win on 2026-06-21?,Yes,2,,,,,,,,,85,37647.83,0.998,0.999,0.1944,0.0971,0,0,0,0,0,0,0,0,0,0,85,37647.83,[]
leader_yes_lead_ge2,480,2026-06-22,New Zealand vs. Egypt,1-3,2,Egypt,Will Egypt win on 2026-06-21?,Yes,2,,,,,,,,,246,324662.727438,0.98,0.999,1.9808,0.0971,0,0,0,0,6,51390.52,41,112771.36,63,177054.82,246,324662.727438,[]
loser_no,60,2026-06-22,New Zealand vs. Egypt,1-3,2,Egypt,Will New Zealand win on 2026-06-21?,No,3,,,,,,New Zealand,,,1,88.09,0.999,0.999,0.0971,0.0971,0,0,0,0,0,0,0,0,0,0,1,88.09,[]
loser_no,120,2026-06-22,New Zealand vs. Egypt,1-3,2,Egypt,Will New Zealand win on 2026-06-21?,No,3,,,,,,New Zealand,,,1,88.09,0.999,0.999,0.0971,0.0971,0,0,0,0,0,0,0,0,0,0,1,88.09,[]
loser_no,180,2026-06-22,New Zealand vs. Egypt,1-3,2,Egypt,Will New Zealand win on 2026-06-21?,No,3,,,,,,New Zealand,,,2,6878.09,0.999,0.999,0.0971,0.0971,0,0,0,0,0,0,0,0,0,0,2,6878.09,[]
loser_no,300,2026-06-22,New Zealand vs. Egypt,1-3,2,Egypt,Will New Zealand win on 2026-06-21?,No,3,,,,,,New Zealand,,,5,8004.03,0.999,0.999,0.0971,0.0971,0,0,0,0,0,0,0,0,0,0,5,8004.03,[]
loser_no,480,2026-06-22,New Zealand vs. Egypt,1-3,2,Egypt,Will New Zealand win on 2026-06-21?,No,3,,,,,,New Zealand,,,240,10156.22,0.999,0.999,0.0971,0.0971,0,0,0,0,0,0,0,0,0,0,240,10156.22,[]
team_total_under_loss_ge2,60,2026-06-22,New Zealand vs. Egypt,1-3,2,Egypt,New Zealand vs. Egypt: New Zealand O/U 2.5,Under,2,2.5,,,New Zealand,1,,,,0,0,,,,,0,0,0,0,0,0,0,0,0,0,0,0,[]
team_total_under_loss_ge2,120,2026-06-22,New Zealand vs. Egypt,1-3,2,Egypt,New Zealand vs. Egypt: New Zealand O/U 2.5,Under,2,2.5,,,New Zealand,1,,,,0,0,,,,,0,0,0,0,0,0,0,0,0,0,0,0,[]
team_total_under_loss_ge2,180,2026-06-22,New Zealand vs. Egypt,1-3,2,Egypt,New Zealand vs. Egypt: New Zealand O/U 2.5,Under,2,2.5,,,New Zealand,1,,,,0,0,,,,,0,0,0,0,0,0,0,0,0,0,0,0,[]
team_total_under_loss_ge2,300,2026-06-22,New Zealand vs. Egypt,1-3,2,Egypt,New Zealand vs. Egypt: New Zealand O/U 2.5,Under,2,2.5,,,New Zealand,1,,,,2,1326.326,0.999,0.999,0.0971,0.0971,0,0,0,0,0,0,0,0,0,0,2,1326.326,[]
team_total_under_loss_ge2,480,2026-06-22,New Zealand vs. Egypt,1-3,2,Egypt,New Zealand vs. Egypt: New Zealand O/U 2.5,Under,2,2.5,,,New Zealand,1,,,,2,1326.326,0.999,0.999,0.0971,0.0971,0,0,0,0,0,0,0,0,0,0,2,1326.326,[]
team_total_over_locked,60,2026-06-22,New Zealand vs. Egypt,1-3,2,Egypt,New Zealand vs. Egypt: Egypt O/U 2.5,Over,999,2.5,,,Egypt,3,,,True,0,0,,,,,0,0,0,0,0,0,0,0,0,0,0,0,[]
team_total_over_locked,120,2026-06-22,New Zealand vs. Egypt,1-3,2,Egypt,New Zealand vs. Egypt: Egypt O/U 2.5,Over,999,2.5,,,Egypt,3,,,True,0,0,,,,,0,0,0,0,0,0,0,0,0,0,0,0,[]
team_total_over_locked,180,2026-06-22,New Zealand vs. Egypt,1-3,2,Egypt,New Zealand vs. Egypt: Egypt O/U 2.5,Over,999,2.5,,,Egypt,3,,,True,1,6.25,0.999,0.999,0.0971,0.0971,0,0,0,0,0,0,0,0,0,0,1,6.25,[]
team_total_over_locked,300,2026-06-22,New Zealand vs. Egypt,1-3,2,Egypt,New Zealand vs. Egypt: Egypt O/U 2.5,Over,999,2.5,,,Egypt,3,,,True,1,6.25,0.999,0.999,0.0971,0.0971,0,0,0,0,0,0,0,0,0,0,1,6.25,[]
team_total_over_locked,480,2026-06-22,New Zealand vs. Egypt,1-3,2,Egypt,New Zealand vs. Egypt: Egypt O/U 2.5,Over,999,2.5,,,Egypt,3,,,True,3,292.94,0.999,0.999,0.0971,0.0971,0,0,0,0,0,0,0,0,0,0,3,292.94,[]
total_over_locked,60,2026-06-22,New Zealand vs. Egypt,1-3,2,Egypt,New Zealand vs. Egypt: O/U 3.5,Over,999,3.5,,4,,,,,True,0,0,,,,,0,0,0,0,0,0,0,0,0,0,0,0,[]
total_over_locked,120,2026-06-22,New Zealand vs. Egypt,1-3,2,Egypt,New Zealand vs. Egypt: O/U 3.5,Over,999,3.5,,4,,,,,True,0,0,,,,,0,0,0,0,0,0,0,0,0,0,0,0,[]
total_over_locked,180,2026-06-22,New Zealand vs. Egypt,1-3,2,Egypt,New Zealand vs. Egypt: O/U 3.5,Over,999,3.5,,4,,,,,True,1,57.69,0.999,0.999,0.0971,0.0971,0,0,0,0,0,0,0,0,0,0,1,57.69,[]
total_over_locked,300,2026-06-22,New Zealand vs. Egypt,1-3,2,Egypt,New Zealand vs. Egypt: O/U 3.5,Over,999,3.5,,4,,,,,True,4,87.61,0.999,0.999,0.0971,0.0971,0,0,0,0,0,0,0,0,0,0,4,87.61,[]
total_over_locked,480,2026-06-22,New Zealand vs. Egypt,1-3,2,Egypt,New Zealand vs. Egypt: O/U 3.5,Over,999,3.5,,4,,,,,True,8,2077.69,0.999,0.999,0.0971,0.0971,0,0,0,0,0,0,0,0,0,0,8,2077.69,[]
btts_yes_locked,60,2026-06-22,New Zealand vs. Egypt,1-3,2,Egypt,New Zealand vs. Egypt: Both Teams to Score,Yes,999,,,,,,,,True,1,2272.72,0.999,0.999,0.0971,0.0971,0,0,0,0,0,0,0,0,0,0,1,2272.72,[]
btts_yes_locked,120,2026-06-22,New Zealand vs. Egypt,1-3,2,Egypt,New Zealand vs. Egypt: Both Teams to Score,Yes,999,,,,,,,,True,2,3305.54,0.999,0.999,0.0971,0.0971,0,0,0,0,0,0,0,0,0,0,2,3305.54,[]
btts_yes_locked,180,2026-06-22,New Zealand vs. Egypt,1-3,2,Egypt,New Zealand vs. Egypt: Both Teams to Score,Yes,999,,,,,,,,True,3,4927.49,0.999,0.999,0.0971,0.0971,0,0,0,0,0,0,0,0,0,0,3,4927.49,[]
btts_yes_locked,300,2026-06-22,New Zealand vs. Egypt,1-3,2,Egypt,New Zealand vs. Egypt: Both Teams to Score,Yes,999,,,,,,,,True,7,4952.56,0.999,0.999,0.0971,0.0971,0,0,0,0,0,0,0,0,0,0,7,4952.56,[]
btts_yes_locked,480,2026-06-22,New Zealand vs. Egypt,1-3,2,Egypt,New Zealand vs. Egypt: Both Teams to Score,Yes,999,,,,,,,,True,12,5973.18,0.999,0.999,0.0971,0.0971,0,0,0,0,0,0,0,0,0,0,12,5973.18,[]
